x,y,z,qw,qx,qy,qz
0.37166,-0.32794,0.24566,0.50540306,-0.49933302,0.495763,0.49945302
0.37166,-0.32794004,0.24566,0.50540307,-0.49933301,0.49576299,0.49945304
0.37166,-0.32794016,0.24566002,0.50540309,-0.49933298,0.49576297,0.49945307
0.37166001,-0.32794037,0.24566004,0.50540314,-0.49933292,0.49576293,0.49945312
0.37166002,-0.32794065,0.24566007,0.50540319,-0.49933284,0.49576287,0.4994532
0.37166002,-0.32794101,0.24566012,0.50540327,-0.49933274,0.4957628,0.4994533
0.37166003,-0.32794145,0.24566017,0.50540336,-0.49933262,0.49576271,0.49945342
0.37166004,-0.32794197,0.24566023,0.50540347,-0.49933247,0.4957626,0.49945356
0.37166005,-0.32794256,0.2456603,0.50540359,-0.49933231,0.49576248,0.49945372
0.37166007,-0.32794322,0.24566038,0.50540374,-0.49933212,0.49576234,0.4994539
0.37166008,-0.32794396,0.24566046,0.50540389,-0.49933191,0.49576219,0.49945411
0.37166009,-0.32794478,0.24566056,0.50540407,-0.49933167,0.49576202,0.49945433
0.37166011,-0.32794566,0.24566067,0.50540426,-0.49933142,0.49576184,0.49945458
0.37166012,-0.32794662,0.24566078,0.50540446,-0.49933114,0.49576164,0.49945485
0.37166013,-0.32794765,0.24566091,0.50540468,-0.49933084,0.49576142,0.49945513
0.37166015,-0.32794874,0.24566104,0.50540492,-0.49933052,0.49576119,0.49945544
0.37166016,-0.32794991,0.24566118,0.50540517,-0.49933018,0.49576094,0.49945577
0.37166017,-0.32795114,0.24566133,0.50540544,-0.49932982,0.49576068,0.49945613
0.37166019,-0.32795244,0.24566149,0.50540573,-0.49932943,0.4957604,0.4994565
0.3716602,-0.32795381,0.24566166,0.50540603,-0.49932903,0.4957601,0.49945689
0.37166021,-0.32795524,0.24566184,0.50540635,-0.4993286,0.49575979,0.49945731
0.37166022,-0.32795673,0.24566203,0.50540668,-0.49932815,0.49575947,0.49945774
0.37166023,-0.32795829,0.24566223,0.50540703,-0.49932768,0.49575913,0.49945819
0.37166023,-0.32795991,0.24566243,0.50540739,-0.49932719,0.49575877,0.49945867
0.37166024,-0.32796159,0.24566264,0.50540777,-0.49932668,0.4957584,0.49945916
0.37166024,-0.32796333,0.24566287,0.50540816,-0.49932615,0.49575802,0.49945968
0.37166024,-0.32796513,0.2456631,0.50540857,-0.4993256,0.49575762,0.49946022
0.37166024,-0.32796699,0.24566334,0.505409,-0.49932502,0.4957572,0.49946077
0.37166024,-0.32796891,0.24566359,0.50540944,-0.49932443,0.49575677,0.49946135
0.37166024,-0.32797088,0.24566385,0.50540989,-0.49932381,0.49575632,0.49946195
0.37166023,-0.32797291,0.24566411,0.50541036,-0.49932318,0.49575586,0.49946256
0.37166022,-0.327975,0.24566439,0.50541085,-0.49932252,0.49575539,0.4994632
0.37166021,-0.32797714,0.24566468,0.50541135,-0.49932185,0.4957549,0.49946385
0.3716602,-0.32797933,0.24566497,0.50541186,-0.49932115,0.4957544,0.49946453
0.37166018,-0.32798158,0.24566527,0.50541239,-0.49932043,0.49575388,0.49946523
0.37166016,-0.32798388,0.24566558,0.50541294,-0.4993197,0.49575334,0.49946594
0.37166013,-0.32798622,0.2456659,0.5054135,-0.49931894,0.49575279,0.49946668
0.37166011,-0.32798862,0.24566623,0.50541407,-0.49931816,0.49575223,0.49946743
0.37166008,-0.32799107,0.24566656,0.50541466,-0.49931736,0.49575166,0.49946821
0.37166004,-0.32799357,0.24566691,0.50541526,-0.49931654,0.49575106,0.499469
0.37166,-0.32799611,0.24566726,0.50541588,-0.49931571,0.49575046,0.49946982
0.37165996,-0.3279987,0.24566762,0.50541651,-0.49931485,0.49574984,0.49947065
0.37165992,-0.32800133,0.245668,0.50541716,-0.49931397,0.4957492,0.4994715
0.37165987,-0.32800402,0.24566837,0.50541782,-0.49931308,0.49574856,0.49947237
0.37165982,-0.32800674,0.24566876,0.50541849,-0.49931216,0.49574789,0.49947326
0.37165976,-0.32800951,0.24566916,0.50541918,-0.49931122,0.49574722,0.49947417
0.3716597,-0.32801232,0.24566956,0.50541989,-0.49931027,0.49574653,0.4994751
0.37165963,-0.32801517,0.24566998,0.5054206,-0.49930929,0.49574582,0.49947605
0.37165956,-0.32801806,0.2456704,0.50542133,-0.4993083,0.49574511,0.49947702
0.37165949,-0.32802099,0.24567083,0.50542208,-0.49930728,0.49574437,0.499478
0.37165941,-0.32802397,0.24567126,0.50542284,-0.49930625,0.49574363,0.49947901
0.37165932,-0.32802698,0.24567171,0.50542361,-0.4993052,0.49574287,0.49948003
0.37165923,-0.32803002,0.24567217,0.5054244,-0.49930413,0.49574209,0.49948107
0.37165914,-0.32803311,0.24567263,0.5054252,-0.49930304,0.49574131,0.49948213
0.37165904,-0.32803623,0.2456731,0.50542601,-0.49930193,0.49574051,0.49948321
0.37165893,-0.32803938,0.24567358,0.50542684,-0.4993008,0.49573969,0.49948431
0.37165882,-0.32804257,0.24567407,0.50542768,-0.49929965,0.49573887,0.49948543
0.3716587,-0.32804579,0.24567456,0.50542854,-0.49929849,0.49573803,0.49948656
0.37165858,-0.32804904,0.24567507,0.5054294,-0.4992973,0.49573717,0.49948772
0.37165845,-0.32805233,0.24567558,0.50543029,-0.4992961,0.4957363,0.49948889
0.37165832,-0.32805565,0.2456761,0.50543118,-0.49929488,0.49573542,0.49949008
0.37165818,-0.32805899,0.24567663,0.50543209,-0.49929363,0.49573453,0.49949129
0.37165804,-0.32806237,0.24567716,0.50543301,-0.49929238,0.49573362,0.49949251
0.37165789,-0.32806577,0.24567771,0.50543395,-0.4992911,0.4957327,0.49949376
0.37165773,-0.32806921,0.24567826,0.50543489,-0.4992898,0.49573177,0.49949502
0.37165757,-0.32807266,0.24567882,0.50543585,-0.49928849,0.49573082,0.4994963
0.3716574,-0.32807615,0.24567939,0.50543683,-0.49928715,0.49572986,0.4994976
0.37165722,-0.32807966,0.24567997,0.50543782,-0.4992858,0.49572889,0.49949892
0.37165704,-0.32808319,0.24568055,0.50543882,-0.49928443,0.4957279,0.49950026
0.37165685,-0.32808675,0.24568115,0.50543983,-0.49928305,0.4957269,0.49950161
0.37165666,-0.32809033,0.24568175,0.50544085,-0.49928164,0.49572589,0.49950298
0.37165645,-0.32809394,0.24568236,0.50544189,-0.49928022,0.49572487,0.49950437
0.37165625,-0.32809756,0.24568297,0.50544294,-0.49927878,0.49572383,0.49950577
0.37165603,-0.32810121,0.2456836,0.50544401,-0.49927732,0.49572278,0.4995072
0.37165581,-0.32810487,0.24568423,0.50544508,-0.49927584,0.49572172,0.49950864
0.37165558,-0.32810856,0.24568487,0.50544617,-0.49927435,0.49572065,0.4995101
0.37165534,-0.32811226,0.24568552,0.50544727,-0.49927283,0.49571956,0.49951157
0.3716551,-0.32811598,0.24568617,0.50544839,-0.4992713,0.49571846,0.49951307
0.37165485,-0.32811972,0.24568684,0.50544951,-0.49926975,0.49571735,0.49951458
0.37165459,-0.32812347,0.24568751,0.50545065,-0.49926819,0.49571623,0.4995161
0.37165433,-0.32812724,0.24568818,0.5054518,-0.49926661,0.49571509,0.49951765
0.37165406,-0.32813102,0.24568887,0.50545296,-0.49926501,0.49571394,0.49951921
0.37165378,-0.32813481,0.24568957,0.50545414,-0.49926339,0.49571278,0.49952079
0.37165349,-0.32813862,0.24569027,0.50545533,-0.49926175,0.49571161,0.49952239
0.3716532,-0.32814244,0.24569098,0.50545652,-0.4992601,0.49571042,0.499524
0.3716529,-0.32814627,0.24569169,0.50545774,-0.49925843,0.49570922,0.49952563
0.37165259,-0.32815011,0.24569242,0.50545896,-0.49925675,0.49570801,0.49952728
0.37165227,-0.32815397,0.24569315,0.50546019,-0.49925504,0.49570679,0.49952895
0.37165194,-0.32815783,0.24569389,0.50546144,-0.49925332,0.49570556,0.49953063
0.37165161,-0.3281617,0.24569464,0.5054627,-0.49925159,0.49570432,0.49953233
0.37165127,-0.32816557,0.24569539,0.50546397,-0.49924983,0.49570306,0.49953404
0.37165092,-0.32816946,0.24569615,0.50546525,-0.49924806,0.49570179,0.49953577
0.37165057,-0.32817335,0.24569692,0.50546655,-0.49924627,0.49570051,0.49953752
0.37165021,-0.32817724,0.2456977,0.50546785,-0.49924447,0.49569922,0.49953929
0.37164983,-0.32818114,0.24569848,0.50546917,-0.49924265,0.49569791,0.49954107
0.37164946,-0.32818504,0.24569928,0.5054705,-0.49924081,0.4956966,0.49954287
0.37164907,-0.32818895,0.24570008,0.50547184,-0.49923895,0.49569527,0.49954468
0.37164867,-0.32819286,0.24570088,0.50547319,-0.49923708,0.49569393,0.49954651
0.37164827,-0.32819677,0.2457017,0.50547455,-0.4992352,0.49569258,0.49954836
0.37164786,-0.32820068,0.24570252,0.50547592,-0.49923329,0.49569122,0.49955023
0.37164744,-0.32820459,0.24570334,0.50547731,-0.49923137,0.49568985,0.49955211
0.37164701,-0.3282085,0.24570418,0.5054787,-0.49922943,0.49568846,0.499554
0.37164657,-0.32821241,0.24570502,0.50548011,-0.49922748,0.49568707,0.49955591
0.37164613,-0.32821631,0.24570587,0.50548153,-0.49922551,0.49568566,0.49955784
0.37164568,-0.32822022,0.24570673,0.50548296,-0.49922353,0.49568424,0.49955979
0.37164521,-0.32822412,0.24570759,0.5054844,-0.49922152,0.49568281,0.49956175
0.37164474,-0.32822801,0.24570847,0.50548585,-0.49921951,0.49568137,0.49956373
0.37164427,-0.32823191,0.24570934,0.50548731,-0.49921747,0.49567992,0.49956572
0.37164378,-0.32823579,0.24571023,0.50548879,-0.49921542,0.49567846,0.49956773
0.37164329,-0.32823967,0.24571112,0.50549027,-0.49921336,0.49567698,0.49956975
0.37164278,-0.32824354,0.24571202,0.50549177,-0.49921128,0.4956755,0.49957179
0.37164227,-0.3282474,0.24571293,0.50549327,-0.49920918,0.495674,0.49957385
0.37164175,-0.32825126,0.24571384,0.50549479,-0.49920707,0.4956725,0.49957592
0.37164122,-0.32825511,0.24571476,0.50549632,-0.49920494,0.49567098,0.49957801
0.37164069,-0.32825894,0.24571569,0.50549785,-0.4992028,0.49566945,0.49958011
0.37164014,-0.32826277,0.24571662,0.5054994,-0.49920064,0.49566791,0.49958223
0.37163959,-0.32826658,0.24571757,0.50550096,-0.49919846,0.49566636,0.49958436
0.37163903,-0.32827038,0.24571851,0.50550253,-0.49919627,0.4956648,0.49958651
0.37163845,-0.32827417,0.24571947,0.50550411,-0.49919406,0.49566323,0.49958868
0.37163788,-0.32827795,0.24572043,0.5055057,-0.49919184,0.49566165,0.49959086
0.37163729,-0.32828171,0.2457214,0.5055073,-0.49918961,0.49566006,0.49959305
0.37163669,-0.32828545,0.24572237,0.50550891,-0.49918735,0.49565846,0.49959526
0.37163609,-0.32828918,0.24572336,0.50551053,-0.49918509,0.49565684,0.49959749
0.37163547,-0.3282929,0.24572435,0.50551216,-0.4991828,0.49565522,0.49959973
0.37163485,-0.32829659,0.24572534,0.5055138,-0.49918051,0.49565359,0.49960199
0.37163422,-0.32830027,0.24572634,0.50551545,-0.49917819,0.49565194,0.49960426
0.37163358,-0.32830393,0.24572735,0.50551711,-0.49917587,0.49565029,0.49960654
0.37163293,-0.32830757,0.24572837,0.50551878,-0.49917352,0.49564863,0.49960885
0.37163228,-0.32831119,0.24572939,0.50552046,-0.49917117,0.49564695,0.49961116
0.37163161,-0.32831479,0.24573042,0.50552215,-0.49916879,0.49564527,0.49961349
0.37163094,-0.32831837,0.24573145,0.50552385,-0.49916641,0.49564357,0.49961584
0.37163026,-0.32832193,0.2457325,0.50552556,-0.499164,0.49564187,0.4996182
0.37162957,-0.32832546,0.24573354,0.50552728,-0.49916159,0.49564015,0.49962058
0.37162887,-0.32832898,0.2457346,0.50552901,-0.49915915,0.49563843,0.49962297
0.37162816,-0.32833246,0.24573566,0.50553075,-0.49915671,0.49563669,0.49962537
0.37162745,-0.32833593,0.24573673,0.5055325,-0.49915425,0.49563495,0.49962779
0.37162672,-0.32833936,0.2457378,0.50553425,-0.49915177,0.49563319,0.49963023
0.37162599,-0.32834277,0.24573888,0.50553602,-0.49914928,0.49563143,0.49963268
0.37162525,-0.32834616,0.24573997,0.5055378,-0.49914678,0.49562966,0.49963514
0.3716245,-0.32834952,0.24574106,0.50553958,-0.49914426,0.49562787,0.49963762
0.37162374,-0.32835285,0.24574216,0.50554138,-0.49914172,0.49562608,0.49964011
0.37162298,-0.32835615,0.24574327,0.50554318,-0.49913918,0.49562428,0.49964262
0.3716222,-0.32835942,0.24574438,0.505545,-0.49913662,0.49562246,0.49964514
0.37162142,-0.32836266,0.2457455,0.50554682,-0.49913404,0.49562064,0.49964768
0.37162063,-0.32836587,0.24574663,0.50554865,-0.49913145,0.49561881,0.49965023
0.37161983,-0.32836905,0.24574776,0.5055505,-0.49912884,0.49561697,0.49965279
0.37161902,-0.32837219,0.24574889,0.50555235,-0.49912623,0.49561512,0.49965537
0.37161821,-0.32837531,0.24575004,0.50555421,-0.49912359,0.49561326,0.49965796
0.37161738,-0.32837839,0.24575119,0.50555607,-0.49912095,0.49561139,0.49966057
0.37161655,-0.32838143,0.24575234,0.50555795,-0.49911829,0.49560951,0.49966319
0.37161571,-0.32838444,0.2457535,0.50555984,-0.49911561,0.49560762,0.49966583
0.37161486,-0.32838742,0.24575467,0.50556173,-0.49911292,0.49560573,0.49966848
0.37161401,-0.32839036,0.24575585,0.50556364,-0.49911022,0.49560382,0.49967114
0.37161314,-0.32839326,0.24575703,0.50556555,-0.49910751,0.4956019,0.49967382
0.37161227,-0.32839612,0.24575821,0.50556747,-0.49910478,0.49559998,0.49967651
0.37161139,-0.32839895,0.2457594,0.5055694,-0.49910203,0.49559805,0.49967921
0.3716105,-0.32840174,0.2457606,0.50557134,-0.49909928,0.4955961,0.49968193
0.37160961,-0.32840449,0.2457618,0.50557329,-0.49909651,0.49559415,0.49968466
0.3716087,-0.3284072,0.24576301,0.50557525,-0.49909372,0.49559219,0.49968741
0.37160779,-0.32840986,0.24576423,0.50557721,-0.49909092,0.49559022,0.49969017
0.37160687,-0.32841249,0.24576545,0.50557919,-0.49908811,0.49558824,0.49969294
0.37160595,-0.32841507,0.24576668,0.50558117,-0.49908529,0.49558626,0.49969573
0.37160501,-0.32841762,0.24576791,0.50558316,-0.49908245,0.49558426,0.49969853
0.37160407,-0.32842011,0.24576915,0.50558516,-0.4990796,0.49558225,0.49970134
0.37160312,-0.32842257,0.24577039,0.50558716,-0.49907673,0.49558024,0.49970417
0.37160217,-0.32842498,0.24577164,0.50558918,-0.49907386,0.49557822,0.49970701
0.3716012,-0.32842734,0.2457729,0.5055912,-0.49907097,0.49557619,0.49970986
0.37160023,-0.32842966,0.24577416,0.50559323,-0.49906806,0.49557415,0.49971273
0.37159925,-0.32843193,0.24577543,0.50559527,-0.49906514,0.4955721,0.49971561
0.37159827,-0.32843416,0.2457767,0.50559732,-0.49906221,0.49557004,0.49971851
0.37159727,-0.32843633,0.24577798,0.50559938,-0.49905927,0.49556798,0.49972141
0.37159627,-0.32843846,0.24577926,0.50560144,-0.49905632,0.4955659,0.49972433
0.37159526,-0.32844054,0.24578055,0.50560351,-0.49905335,0.49556382,0.49972727
0.37159425,-0.32844257,0.24578185,0.50560559,-0.49905036,0.49556173,0.49973022
0.37159323,-0.32844454,0.24578315,0.50560768,-0.49904737,0.49555963,0.49973318
0.3715922,-0.32844647,0.24578446,0.50560978,-0.49904436,0.49555753,0.49973615
0.37159116,-0.32844835,0.24578577,0.50561188,-0.49904134,0.49555541,0.49973913
0.37159012,-0.32845017,0.24578709,0.50561399,-0.49903831,0.49555329,0.49974213
0.37158907,-0.32845194,0.24578841,0.50561611,-0.49903526,0.49555116,0.49974514
0.37158802,-0.32845365,0.24578974,0.50561824,-0.4990322,0.49554902,0.49974817
0.37158695,-0.32845532,0.24579107,0.50562037,-0.49902913,0.49554687,0.49975121
0.37158589,-0.32845692,0.24579241,0.50562251,-0.49902605,0.49554471,0.49975426
0.37158481,-0.32845847,0.24579375,0.50562466,-0.49902295,0.49554255,0.49975732
0.37158373,-0.32845997,0.2457951,0.50562682,-0.49901984,0.49554038,0.4997604
0.37158264,-0.32846141,0.24579646,0.50562898,-0.49901672,0.4955382,0.49976348
0.37158155,-0.32846279,0.24579781,0.50563116,-0.49901359,0.49553601,0.49976659
0.37158045,-0.32846411,0.24579918,0.50563333,-0.49901044,0.49553381,0.4997697
0.37157934,-0.32846537,0.24580055,0.50563552,-0.49900728,0.49553161,0.49977283
0.37157823,-0.32846658,0.24580193,0.50563772,-0.49900411,0.4955294,0.49977597
0.37157711,-0.32846772,0.24580331,0.50563992,-0.49900093,0.49552718,0.49977912
0.37157598,-0.3284688,0.24580469,0.50564213,-0.49899773,0.49552495,0.49978228
0.37157485,-0.32846982,0.24580608,0.50564434,-0.49899453,0.49552271,0.49978546
0.37157372,-0.32847079,0.24580748,0.50564656,-0.49899131,0.49552047,0.49978865
0.37157258,-0.32847168,0.24580888,0.50564879,-0.49898807,0.49551822,0.49979185
0.37157143,-0.32847252,0.24581028,0.50565103,-0.49898483,0.49551596,0.49979506
0.37157028,-0.32847329,0.2458117,0.50565328,-0.49898158,0.4955137,0.49979829
0.37156912,-0.32847399,0.24581311,0.50565553,-0.49897831,0.49551143,0.49980152
0.37156795,-0.32847463,0.24581453,0.50565779,-0.49897503,0.49550915,0.49980477
0.37156678,-0.32847521,0.24581596,0.50566005,-0.49897174,0.49550686,0.49980804
0.37156561,-0.32847572,0.24581739,0.50566232,-0.49896843,0.49550456,0.49981131
0.37156443,-0.32847616,0.24581882,0.5056646,-0.49896512,0.49550226,0.4998146
0.37156325,-0.32847654,0.24582026,0.50566689,-0.49896179,0.49549995,0.4998179
0.37156206,-0.32847684,0.24582171,0.50566918,-0.49895845,0.49549763,0.49982121
0.37156086,-0.32847708,0.24582316,0.50567148,-0.4989551,0.49549531,0.49982453
0.37155966,-0.32847725,0.24582461,0.50567378,-0.49895174,0.49549298,0.49982787
0.37155846,-0.32847735,0.24582607,0.5056761,-0.49894837,0.49549064,0.49983121
0.37155725,-0.32847738,0.24582754,0.50567842,-0.49894498,0.49548829,0.49983457
0.37155604,-0.32847733,0.24582901,0.50568074,-0.49894158,0.49548594,0.49983794
0.37155482,-0.32847722,0.24583048,0.50568308,-0.49893818,0.49548358,0.49984132
0.3715536,-0.32847703,0.24583196,0.50568541,-0.49893476,0.49548121,0.49984472
0.37155238,-0.32847677,0.24583344,0.50568776,-0.49893132,0.49547883,0.49984813
0.37155115,-0.32847643,0.24583493,0.50569011,-0.49892788,0.49547645,0.49985154
0.37154991,-0.32847603,0.24583642,0.50569247,-0.49892443,0.49547406,0.49985497
0.37154867,-0.32847554,0.24583792,0.50569483,-0.49892096,0.49547167,0.49985841
0.37154743,-0.32847498,0.24583942,0.50569721,-0.49891749,0.49546927,0.49986187
0.37154619,-0.32847435,0.24584093,0.50569958,-0.498914,0.49546686,0.49986533
0.37154494,-0.32847364,0.24584244,0.50570197,-0.4989105,0.49546444,0.49986881
0.37154369,-0.32847285,0.24584395,0.50570436,-0.49890699,0.49546202,0.49987229
0.37154243,-0.32847198,0.24584547,0.50570675,-0.49890347,0.49545959,0.49987579
0.37154117,-0.32847103,0.245847,0.50570916,-0.49889993,0.49545715,0.4998793
0.37153991,-0.32847001,0.24584852,0.50571156,-0.49889639,0.49545471,0.49988283
0.37153864,-0.3284689,0.24585006,0.50571398,-0.49889283,0.49545226,0.49988636
0.37153737,-0.32846772,0.24585159,0.5057164,-0.49888927,0.4954498,0.4998899
0.3715361,-0.32846645,0.24585314,0.50571882,-0.49888569,0.49544734,0.49989346
0.37153482,-0.3284651,0.24585468,0.50572126,-0.4988821,0.49544487,0.49989703
0.37153355,-0.32846367,0.24585623,0.5057237,-0.49887851,0.49544239,0.4999006
0.37153227,-0.32846216,0.24585779,0.50572614,-0.4988749,0.49543991,0.49990419
0.37153098,-0.32846056,0.24585934,0.50572859,-0.49887128,0.49543742,0.4999078
0.3715297,-0.32845888,0.24586091,0.50573105,-0.49886765,0.49543493,0.49991141
0.37152841,-0.32845712,0.24586247,0.50573351,-0.498864,0.49543242,0.49991503
0.37152712,-0.32845527,0.24586404,0.50573598,-0.49886035,0.49542992,0.49991866
0.37152583,-0.32845333,0.24586562,0.50573845,-0.49885669,0.4954274,0.49992231
0.37152453,-0.32845131,0.2458672,0.50574093,-0.49885301,0.49542488,0.49992597
0.37152324,-0.3284492,0.24586878,0.50574341,-0.49884933,0.49542235,0.49992963
0.37152194,-0.328447,0.24587037,0.5057459,-0.49884563,0.49541982,0.49993331
0.37152064,-0.32844472,0.24587196,0.5057484,-0.49884193,0.49541728,0.499937
0.37151934,-0.32844234,0.24587356,0.5057509,-0.49883821,0.49541474,0.4999407
0.37151803,-0.32843988,0.24587516,0.50575341,-0.49883449,0.49541218,0.49994441
0.37151673,-0.32843733,0.24587676,0.50575592,-0.49883075,0.49540963,0.49994814
0.37151542,-0.32843468,0.24587837,0.50575844,-0.498827,0.49540706,0.49995187
0.37151411,-0.32843195,0.24587998,0.50576096,-0.49882324,0.49540449,0.49995561
0.37151281,-0.32842912,0.24588159,0.50576349,-0.49881947,0.49540192,0.49995937
0.3715115,-0.3284262,0.24588321,0.50576602,-0.4988157,0.49539933,0.49996313
0.37151019,-0.32842319,0.24588484,0.50576856,-0.49881191,0.49539675,0.49996691
0.37150888,-0.32842008,0.24588646,0.50577111,-0.49880811,0.49539415,0.49997069
0.37150756,-0.32841688,0.24588809,0.50577366,-0.4988043,0.49539155,0.49997449
0.37150625,-0.32841358,0.24588973,0.50577621,-0.49880048,0.49538895,0.4999783
0.37150494,-0.32841019,0.24589137,0.50577877,-0.49879665,0.49538634,0.49998212
0.37150363,-0.32840671,0.24589301,0.50578134,-0.49879281,0.49538372,0.49998594
0.37150231,-0.32840312,0.24589466,0.50578391,-0.49878896,0.49538109,0.49998978
0.371501,-0.32839944,0.24589631,0.50578648,-0.4987851,0.49537847,0.49999363
0.37149969,-0.32839566,0.24589796,0.50578906,-0.49878123,0.49537583,0.49999749
0.37149837,-0.32839179,0.24589962,0.50579165,-0.49877735,0.49537319,0.50000136
0.37149706,-0.32838781,0.24590128,0.50579424,-0.49877346,0.49537055,0.50000524
0.37149575,-0.32838374,0.24590294,0.50579683,-0.49876956,0.4953679,0.50000914
0.37149444,-0.32837956,0.24590461,0.50579943,-0.49876565,0.49536524,0.50001304
0.37149312,-0.32837529,0.24590628,0.50580204,-0.49876173,0.49536258,0.50001695
0.37149181,-0.32837091,0.24590795,0.50580465,-0.4987578,0.49535991,0.50002087
0.3714905,-0.32836643,0.24590963,0.50580726,-0.49875386,0.49535724,0.5000248
0.3714892,-0.32836185,0.24591131,0.50580988,-0.49874991,0.49535456,0.50002875
0.37148789,-0.32835716,0.245913,0.50581251,-0.49874596,0.49535187,0.5000327
0.37148658,-0.32835238,0.24591469,0.50581514,-0.49874199,0.49534918,0.50003666
0.37148527,-0.32834748,0.24591638,0.50581777,-0.49873801,0.49534649,0.50004064
0.37148397,-0.32834249,0.24591808,0.50582041,-0.49873402,0.49534379,0.50004462
0.37148267,-0.32833738,0.24591978,0.50582305,-0.49873002,0.49534108,0.50004861
0.37148137,-0.32833217,0.24592148,0.5058257,-0.49872602,0.49533837,0.50005261
0.37148007,-0.32832686,0.24592319,0.50582835,-0.498722,0.49533566,0.50005663
0.37147877,-0.32832144,0.24592489,0.50583101,-0.49871797,0.49533294,0.50006065
0.37147747,-0.32831591,0.24592661,0.50583367,-0.49871394,0.49533021,0.50006468
0.37147618,-0.32831027,0.24592832,0.50583634,-0.49870989,0.49532748,0.50006873
0.37147489,-0.32830452,0.24593004,0.50583901,-0.49870584,0.49532474,0.50007278
0.3714736,-0.32829866,0.24593176,0.50584168,-0.49870178,0.495322,0.50007684
0.37147231,-0.3282927,0.24593349,0.50584436,-0.4986977,0.49531925,0.50008091
0.37147103,-0.32828662,0.24593522,0.50584704,-0.49869362,0.4953165,0.500085
0.37146975,-0.32828043,0.24593695,0.50584973,-0.49868953,0.49531375,0.50008909
0.37146847,-0.32827413,0.24593869,0.50585242,-0.49868543,0.49531098,0.50009319
0.3714672,-0.32826771,0.24594042,0.50585512,-0.49868132,0.49530822,0.5000973
0.37146592,-0.32826119,0.24594217,0.50585782,-0.4986772,0.49530545,0.50010142
0.37146465,-0.32825455,0.24594391,0.50586052,-0.49867307,0.49530267,0.50010555
0.37146339,-0.32824779,0.24594566,0.50586323,-0.49866893,0.49529989,0.50010969
0.37146213,-0.32824092,0.24594741,0.50586594,-0.49866478,0.4952971,0.50011385
0.37146087,-0.32823394,0.24594916,0.50586866,-0.49866063,0.49529431,0.500118
0.37145961,-0.32822684,0.24595092,0.50587138,-0.49865646,0.49529152,0.50012217
0.37145836,-0.32821962,0.24595268,0.5058741,-0.49865229,0.49528872,0.50012635
0.37145711,-0.32821229,0.24595444,0.50587683,-0.49864811,0.49528591,0.50013054
0.37145587,-0.32820484,0.24595621,0.50587957,-0.49864391,0.49528311,0.50013474
0.37145463,-0.32819727,0.24595797,0.5058823,-0.49863971,0.49528029,0.50013895
0.37145339,-0.32818958,0.24595975,0.50588504,-0.4986355,0.49527747,0.50014316
0.37145216,-0.32818177,0.24596152,0.50588779,-0.49863128,0.49527465,0.50014739
0.37145093,-0.32817385,0.2459633,0.50589054,-0.49862706,0.49527182,0.50015162
0.37144971,-0.3281658,0.24596508,0.50589329,-0.49862282,0.49526899,0.50015587
0.37144849,-0.32815763,0.24596686,0.50589604,-0.49861858,0.49526615,0.50016012
0.37144728,-0.32814934,0.24596865,0.5058988,-0.49861432,0.49526331,0.50016438
0.37144607,-0.32814093,0.24597043,0.50590157,-0.49861006,0.49526047,0.50016866
0.37144487,-0.32813239,0.24597223,0.50590433,-0.49860579,0.49525762,0.50017294
0.37144367,-0.32812373,0.24597402,0.5059071,-0.49860151,0.49525476,0.50017723
0.37144248,-0.32811495,0.24597582,0.50590988,-0.49859722,0.4952519,0.50018153
0.37144129,-0.32810604,0.24597762,0.50591266,-0.49859292,0.49524904,0.50018584
0.37144011,-0.32809701,0.24597942,0.50591544,-0.49858861,0.49524617,0.50019016
0.37143894,-0.32808785,0.24598122,0.50591822,-0.4985843,0.4952433,0.50019448
0.37143777,-0.32807856,0.24598303,0.50592101,-0.49857998,0.49524043,0.50019882
0.3714366,-0.32806915,0.24598484,0.5059238,-0.49857564,0.49523755,0.50020316
0.37143544,-0.32805961,0.24598665,0.5059266,-0.4985713,0.49523466,0.50020752
0.37143429,-0.32804994,0.24598847,0.5059294,-0.49856695,0.49523178,0.50021188
0.37143314,-0.32804015,0.24599029,0.5059322,-0.4985626,0.49522888,0.50021625
0.371432,-0.32803022,0.24599211,0.505935,-0.49855823,0.49522599,0.50022064
0.37143087,-0.32802017,0.24599393,0.50593781,-0.49855386,0.49522309,0.50022503
0.37142974,-0.32800998,0.24599575,0.50594062,-0.49854947,0.49522018,0.50022942
0.37142862,-0.32799967,0.24599758,0.50594344,-0.49854508,0.49521727,0.50023383
0.37142751,-0.32798922,0.24599941,0.50594626,-0.49854068,0.49521436,0.50023825
0.3714264,-0.32797864,0.24600124,0.50594908,-0.49853628,0.49521144,0.50024267
0.3714253,-0.32796793,0.24600308,0.50595191,-0.49853186,0.49520852,0.50024711
0.37142421,-0.32795709,0.24600492,0.50595473,-0.49852744,0.4952056,0.50025155
0.37142312,-0.32794611,0.24600676,0.50595757,-0.49852301,0.49520267,0.500256
0.37142205,-0.327935,0.2460086,0.5059604,-0.49851856,0.49519974,0.50026046
0.37142098,-0.32792375,0.24601044,0.50596324,-0.49851412,0.4951968,0.50026493
0.37141991,-0.32791237,0.24601229,0.50596608,-0.49850966,0.49519387,0.50026941
0.37141886,-0.32790085,0.24601414,0.50596892,-0.49850519,0.49519092,0.5002739
0.37141781,-0.32788919,0.24601599,0.50597177,-0.49850072,0.49518798,0.50027839
0.37141677,-0.3278774,0.24601785,0.50597462,-0.49849624,0.49518502,0.50028289
0.37141574,-0.32786547,0.2460197,0.50597747,-0.49849175,0.49518207,0.50028741
0.37141471,-0.3278534,0.24602156,0.50598033,-0.49848726,0.49517911,0.50029193
0.3714137,-0.32784119,0.24602342,0.50598318,-0.49848275,0.49517615,0.50029646
0.37141269,-0.32782885,0.24602529,0.50598605,-0.49847824,0.49517319,0.50030099
0.37141169,-0.32781636,0.24602715,0.50598891,-0.49847372,0.49517022,0.50030554
0.3714107,-0.32780373,0.24602902,0.50599178,-0.49846919,0.49516724,0.50031009
0.37140972,-0.32779097,0.24603089,0.50599465,-0.49846465,0.49516427,0.50031466
0.37140875,-0.32777806,0.24603276,0.50599752,-0.49846011,0.49516129,0.50031923
0.37140778,-0.32776501,0.24603463,0.50600039,-0.49845556,0.49515831,0.50032381
0.37140683,-0.32775181,0.24603651,0.50600327,-0.498451,0.49515532,0.50032839
0.37140588,-0.32773847,0.24603839,0.50600615,-0.49844643,0.49515233,0.50033299
0.37140494,-0.32772499,0.24604027,0.50600904,-0.49844185,0.49514934,0.5003376
0.37140402,-0.32771137,0.24604215,0.50601192,-0.49843727,0.49514634,0.50034221
0.3714031,-0.3276976,0.24604403,0.50601481,-0.49843268,0.49514334,0.50034683
0.37140219,-0.32768368,0.24604592,0.5060177,-0.49842808,0.49514034,0.50035146
0.37140129,-0.32766962,0.24604781,0.50602059,-0.49842347,0.49513733,0.5003561
0.3714004,-0.32765541,0.2460497,0.50602349,-0.49841886,0.49513432,0.50036074
0.37139952,-0.32764105,0.24605159,0.50602639,-0.49841424,0.49513131,0.50036539
0.37139865,-0.32762655,0.24605348,0.50602929,-0.49840961,0.49512829,0.50037006
0.37139779,-0.3276119,0.24605538,0.50603219,-0.49840497,0.49512527,0.50037473
0.37139694,-0.3275971,0.24605728,0.5060351,-0.49840033,0.49512225,0.5003794
0.3713961,-0.32758215,0.24605918,0.50603801,-0.49839568,0.49511923,0.50038409
0.37139527,-0.32756705,0.24606108,0.50604092,-0.49839102,0.4951162,0.50038878
0.37139445,-0.32755179,0.24606298,0.50604383,-0.49838635,0.49511317,0.50039348
0.37139364,-0.32753639,0.24606489,0.50604675,-0.49838168,0.49511013,0.50039819
0.37139284,-0.32752084,0.2460668,0.50604966,-0.498377,0.49510709,0.50040291
0.37139205,-0.32750513,0.24606871,0.50605258,-0.49837231,0.49510405,0.50040764
0.37139127,-0.32748927,0.24607062,0.50605551,-0.49836761,0.49510101,0.50041237
0.37139051,-0.32747326,0.24607253,0.50605843,-0.49836291,0.49509796,0.50041711
0.37138975,-0.3274571,0.24607444,0.50606136,-0.4983582,0.49509491,0.50042186
0.37138901,-0.32744078,0.24607636,0.50606428,-0.49835348,0.49509186,0.50042662
0.37138827,-0.3274243,0.24607828,0.50606721,-0.49834875,0.4950888,0.50043138
0.37138755,-0.32740767,0.2460802,0.50607015,-0.49834402,0.49508575,0.50043616
0.37138684,-0.32739088,0.24608212,0.50607308,-0.49833928,0.49508268,0.50044094
0.37138614,-0.32737394,0.24608404,0.50607602,-0.49833453,0.49507962,0.50044573
0.37138545,-0.32735684,0.24608597,0.50607896,-0.49832978,0.49507655,0.50045052
0.37138477,-0.32733958,0.2460879,0.5060819,-0.49832502,0.49507348,0.50045533
0.37138411,-0.32732216,0.24608982,0.50608484,-0.49832025,0.49507041,0.50046014
0.37138345,-0.32730459,0.24609175,0.50608779,-0.49831547,0.49506734,0.50046496
0.37138281,-0.32728685,0.24609369,0.50609073,-0.49831069,0.49506426,0.50046978
0.37138218,-0.32726896,0.24609562,0.50609368,-0.4983059,0.49506118,0.50047462
0.37138156,-0.3272509,0.24609755,0.50609663,-0.4983011,0.4950581,0.50047946
0.37138096,-0.32723269,0.24609949,0.50609958,-0.4982963,0.49505501,0.50048431
0.37138036,-0.32721431,0.24610143,0.50610254,-0.49829149,0.49505192,0.50048917
0.37137978,-0.32719577,0.24610337,0.50610549,-0.49828667,0.49504883,0.50049403
0.37137921,-0.32717707,0.24610531,0.50610845,-0.49828185,0.49504574,0.5004989
0.37137865,-0.3271582,0.24610725,0.50611141,-0.49827701,0.49504264,0.50050378
0.37137811,-0.32713917,0.2461092,0.50611437,-0.49827218,0.49503955,0.50050867
0.37137757,-0.32711998,0.24611114,0.50611734,-0.49826733,0.49503644,0.50051356
0.37137705,-0.32710062,0.24611309,0.5061203,-0.49826248,0.49503334,0.50051847
0.37137654,-0.3270811,0.24611504,0.50612327,-0.49825762,0.49503024,0.50052337
0.37137605,-0.32706141,0.24611699,0.50612624,-0.49825275,0.49502713,0.50052829
0.37137557,-0.32704155,0.24611894,0.5061292,-0.49824788,0.49502402,0.50053322
0.3713751,-0.32702153,0.24612089,0.50613218,-0.498243,0.49502091,0.50053815
0.37137464,-0.32700134,0.24612285,0.50613515,-0.49823811,0.49501779,0.50054309
0.3713742,-0.32698098,0.2461248,0.50613812,-0.49823322,0.49501467,0.50054803
0.37137377,-0.32696045,0.24612676,0.5061411,-0.49822832,0.49501155,0.50055298
0.37137335,-0.32693976,0.24612872,0.50614408,-0.49822341,0.49500843,0.50055794
0.37137295,-0.32691889,0.24613068,0.50614705,-0.4982185,0.49500531,0.50056291
0.37137255,-0.32689785,0.24613264,0.50615004,-0.49821358,0.49500218,0.50056789
0.37137218,-0.32687665,0.2461346,0.50615302,-0.49820865,0.49499905,0.50057287
0.37137181,-0.32685527,0.24613657,0.506156,-0.49820372,0.49499592,0.50057786
0.37137146,-0.32683372,0.24613853,0.50615898,-0.49819878,0.49499279,0.50058285
0.37137112,-0.326812,0.2461405,0.50616197,-0.49819384,0.49498966,0.50058786
0.3713708,-0.3267901,0.24614247,0.50616496,-0.49818888,0.49498652,0.50059287
0.37137049,-0.32676803,0.24614444,0.50616795,-0.49818392,0.49498338,0.50059789
0.37137019,-0.32674579,0.24614641,0.50617094,-0.49817896,0.49498024,0.50060291
0.37136991,-0.32672337,0.24614838,0.50617393,-0.49817398,0.4949771,0.50060794
0.37136964,-0.32670078,0.24615035,0.50617692,-0.49816901,0.49497395,0.50061298
0.37136938,-0.32667801,0.24615233,0.50617991,-0.49816402,0.4949708,0.50061803
0.37136914,-0.32665507,0.2461543,0.50618291,-0.49815903,0.49496765,0.50062308
0.37136891,-0.32663195,0.24615628,0.5061859,-0.49815403,0.4949645,0.50062814
0.3713687,-0.32660865,0.24615826,0.5061889,-0.49814903,0.49496135,0.50063321
0.3713685,-0.32658518,0.24616024,0.5061919,-0.49814401,0.4949582,0.50063828
0.37136831,-0.32656152,0.24616222,0.5061949,-0.498139,0.49495504,0.50064336
0.37136814,-0.32653769,0.2461642,0.5061979,-0.49813397,0.49495188,0.50064845
0.37136798,-0.32651368,0.24616619,0.5062009,-0.49812894,0.49494872,0.50065354
0.37136784,-0.32648949,0.24616817,0.5062039,-0.49812391,0.49494556,0.50065864
0.37136771,-0.32646512,0.24617015,0.5062069,-0.49811887,0.49494239,0.50066375
0.37136759,-0.32644056,0.24617214,0.50620991,-0.49811382,0.49493923,0.50066887
0.37136749,-0.32641583,0.24617413,0.50621291,-0.49810876,0.49493606,0.50067399
0.3713674,-0.32639092,0.24617612,0.50621592,-0.4981037,0.49493289,0.50067912
0.37136733,-0.32636582,0.24617811,0.50621893,-0.49809863,0.49492972,0.50068425
0.37136727,-0.32634054,0.2461801,0.50622194,-0.49809356,0.49492655,0.50068939
0.37136723,-0.32631507,0.24618209,0.50622495,-0.49808848,0.49492338,0.50069454
0.3713672,-0.32628943,0.24618408,0.50622796,-0.49808339,0.4949202,0.5006997
0.37136718,-0.32626359,0.24618608,0.50623097,-0.4980783,0.49491702,0.50070486
0.37136718,-0.32623758,0.24618807,0.50623398,-0.4980732,0.49491384,0.50071003
0.3713672,-0.32621137,0.24619007,0.50623699,-0.4980681,0.49491066,0.5007152
0.37136723,-0.32618499,0.24619207,0.50624,-0.49806299,0.49490748,0.50072038
0.37136727,-0.32615841,0.24619407,0.50624302,-0.49805787,0.4949043,0.50072557
0.37136733,-0.32613165,0.24619607,0.50624603,-0.49805275,0.49490111,0.50073077
0.3713674,-0.3261047,0.24619807,0.50624905,-0.49804762,0.49489793,0.50073597
0.37136749,-0.32607756,0.24620007,0.50625206,-0.49804249,0.49489474,0.50074117
0.37136759,-0.32605024,0.24620207,0.50625508,-0.49803735,0.49489155,0.50074639
0.37136771,-0.32602272,0.24620407,0.5062581,-0.4980322,0.49488836,0.50075161
0.37136784,-0.32599502,0.24620608,0.50626112,-0.49802705,0.49488517,0.50075684
0.37136799,-0.32596712,0.24620808,0.50626414,-0.49802189,0.49488197,0.50076207
0.37136815,-0.32593904,0.24621009,0.50626716,-0.49801673,0.49487878,0.50076731
0.37136832,-0.32591076,0.2462121,0.50627017,-0.49801156,0.49487558,0.50077256
0.37136851,-0.32588229,0.24621411,0.5062732,-0.49800638,0.49487239,0.50077781
0.37136872,-0.32585363,0.24621611,0.50627622,-0.4980012,0.49486919,0.50078307
0.37136894,-0.32582478,0.24621812,0.50627924,-0.49799601,0.49486599,0.50078834
0.37136918,-0.32579573,0.24622014,0.50628226,-0.49799082,0.49486279,0.50079361
0.37136943,-0.32576649,0.24622215,0.50628528,-0.49798562,0.49485958,0.50079889
0.37136969,-0.32573706,0.24622416,0.50628831,-0.49798042,0.49485638,0.50080417
0.37136997,-0.32570743,0.24622618,0.50629133,-0.49797521,0.49485317,0.50080946
0.37137027,-0.32567761,0.24622819,0.50629435,-0.49796999,0.49484997,0.50081476
0.37137058,-0.32564759,0.24623021,0.50629738,-0.49796477,0.49484676,0.50082006
0.3713709,-0.32561738,0.24623222,0.5063004,-0.49795954,0.49484355,0.50082537
0.37137124,-0.32558696,0.24623424,0.50630343,-0.49795431,0.49484034,0.50083069
0.37137159,-0.32555636,0.24623626,0.50630645,-0.49794907,0.49483713,0.50083601
0.37137196,-0.32552555,0.24623828,0.50630948,-0.49794382,0.49483392,0.50084134
0.37137235,-0.32549455,0.2462403,0.5063125,-0.49793857,0.49483071,0.50084668
0.37137275,-0.32546334,0.24624232,0.50631553,-0.49793332,0.4948275,0.50085202
0.37137316,-0.32543194,0.24624434,0.50631856,-0.49792806,0.49482428,0.50085736
0.37137359,-0.32540034,0.24624636,0.50632158,-0.49792279,0.49482107,0.50086272
0.37137403,-0.32536854,0.24624839,0.50632461,-0.49791752,0.49481785,0.50086808
0.37137449,-0.32533654,0.24625041,0.50632764,-0.49791224,0.49481463,0.50087344
0.37137496,-0.32530433,0.24625244,0.50633066,-0.49790696,0.49481141,0.50087881
0.37137545,-0.32527193,0.24625446,0.50633369,-0.49790167,0.4948082,0.50088419
0.37137596,-0.32523932,0.24625649,0.50633672,-0.49789637,0.49480498,0.50088957
0.37137647,-0.32520652,0.24625851,0.50633975,-0.49789107,0.49480176,0.50089496
0.37137701,-0.3251735,0.24626054,0.50634277,-0.49788577,0.49479853,0.50090036
0.37137755,-0.32514029,0.24626257,0.5063458,-0.49788046,0.49479531,0.50090576
0.37137811,-0.32510687,0.2462646,0.50634883,-0.49787514,0.49479209,0.50091117
0.37137869,-0.32507325,0.24626663,0.50635186,-0.49786982,0.49478886,0.50091658
0.37137928,-0.32503942,0.24626866,0.50635489,-0.49786449,0.49478564,0.500922
0.37137989,-0.32500539,0.2462707,0.50635791,-0.49785916,0.49478241,0.50092742
0.37138051,-0.32497115,0.24627273,0.50636094,-0.49785382,0.49477919,0.50093286
0.37138114,-0.3249367,0.24627476,0.50636397,-0.49784848,0.49477596,0.50093829
0.37138179,-0.32490205,0.2462768,0.506367,-0.49784313,0.49477273,0.50094374
0.37138246,-0.32486719,0.24627883,0.50637002,-0.49783778,0.4947695,0.50094918
0.37138314,-0.32483212,0.24628087,0.50637305,-0.49783242,0.49476628,0.50095464
0.37138383,-0.32479685,0.2462829,0.50637608,-0.49782705,0.49476305,0.5009601
0.37138454,-0.32476137,0.24628494,0.50637911,-0.49782168,0.49475982,0.50096556
0.37138526,-0.32472567,0.24628698,0.50638213,-0.49781631,0.49475659,0.50097104
0.37138599,-0.32468977,0.24628902,0.50638516,-0.49781093,0.49475335,0.50097651
0.37138674,-0.32465366,0.24629106,0.50638819,-0.49780554,0.49475012,0.500982
0.37138751,-0.32461734,0.2462931,0.50639122,-0.49780015,0.49474689,0.50098749
0.37138829,-0.3245808,0.24629514,0.50639424,-0.49779476,0.49474366,0.50099298
0.37138908,-0.32454406,0.24629718,0.50639727,-0.49778936,0.49474042,0.50099848
0.37138989,-0.3245071,0.24629922,0.50640029,-0.49778395,0.49473719,0.50100399
0.37139071,-0.32446993,0.24630127,0.50640332,-0.49777854,0.49473396,0.5010095
0.37139155,-0.32443255,0.24630331,0.50640635,-0.49777312,0.49473072,0.50101502
0.3713924,-0.32439495,0.24630535,0.50640937,-0.4977677,0.49472749,0.50102054
0.37139326,-0.32435715,0.2463074,0.5064124,-0.49776227,0.49472425,0.50102607
0.37139414,-0.32431912,0.24630944,0.50641542,-0.49775684,0.49472101,0.5010316
0.37139503,-0.32428089,0.24631149,0.50641844,-0.49775141,0.49471778,0.50103714
0.37139593,-0.32424243,0.24631354,0.50642147,-0.49774596,0.49471454,0.50104269
0.37139685,-0.32420376,0.24631558,0.50642449,-0.49774052,0.49471131,0.50104824
0.37139779,-0.32416488,0.24631763,0.50642751,-0.49773507,0.49470807,0.50105379
0.37139873,-0.32412578,0.24631968,0.50643054,-0.49772961,0.49470483,0.50105935
0.37139969,-0.32408646,0.24632173,0.50643356,-0.49772415,0.49470159,0.50106492
0.37140066,-0.32404693,0.24632378,0.50643658,-0.49771868,0.49469836,0.5010705
0.37140165,-0.32400718,0.24632583,0.5064396,-0.49771321,0.49469512,0.50107607
0.37140265,-0.32396721,0.24632788,0.50644262,-0.49770773,0.49469188,0.50108166
0.37140366,-0.32392702,0.24632994,0.50644564,-0.49770225,0.49468864,0.50108725
0.37140469,-0.32388661,0.24633199,0.50644866,-0.49769677,0.4946854,0.50109284
0.37140573,-0.32384598,0.24633404,0.50645168,-0.49769127,0.49468216,0.50109844
0.37140678,-0.32380514,0.2463361,0.5064547,-0.49768578,0.49467892,0.50110405
0.37140785,-0.32376407,0.24633815,0.50645772,-0.49768028,0.49467569,0.50110966
0.37140893,-0.32372278,0.24634021,0.50646073,-0.49767477,0.49467245,0.50111527
0.37141002,-0.32368127,0.24634226,0.50646375,-0.49766926,0.49466921,0.50112089
0.37141112,-0.32363954,0.24634432,0.50646677,-0.49766375,0.49466597,0.50112652
0.37141224,-0.32359759,0.24634638,0.50646978,-0.49765823,0.49466273,0.50113215
0.37141337,-0.32355541,0.24634843,0.5064728,-0.4976527,0.49465949,0.50113779
0.37141451,-0.32351301,0.24635049,0.50647581,-0.49764717,0.49465625,0.50114343
0.37141567,-0.32347039,0.24635255,0.50647883,-0.49764164,0.49465301,0.50114908
0.37141683,-0.32342755,0.24635461,0.50648184,-0.4976361,0.49464977,0.50115473
0.37141801,-0.32338448,0.24635667,0.50648485,-0.49763055,0.49464653,0.50116039
0.37141921,-0.32334118,0.24635873,0.50648786,-0.497625,0.49464329,0.50116606
0.37142041,-0.32329767,0.24636079,0.50649087,-0.49761945,0.49464005,0.50117172
0.37142162,-0.32325392,0.24636285,0.50649388,-0.49761389,0.49463681,0.5011774
0.37142285,-0.32320995,0.24636492,0.50649689,-0.49760833,0.49463358,0.50118308
0.37142409,-0.32316576,0.24636698,0.5064999,-0.49760276,0.49463034,0.50118876
0.37142534,-0.32312133,0.24636904,0.5065029,-0.49759719,0.4946271,0.50119445
0.37142661,-0.32307668,0.24637111,0.50650591,-0.49759161,0.49462386,0.50120015
0.37142788,-0.3230318,0.24637317,0.50650892,-0.49758603,0.49462062,0.50120585
0.37142917,-0.3229867,0.24637524,0.50651192,-0.49758045,0.49461738,0.50121155
0.37143046,-0.32294137,0.2463773,0.50651492,-0.49757485,0.49461415,0.50121726
0.37143177,-0.3228958,0.24637937,0.50651793,-0.49756926,0.49461091,0.50122297
0.37143309,-0.32285001,0.24638144,0.50652093,-0.49756366,0.49460767,0.50122869
0.37143442,-0.32280399,0.2463835,0.50652393,-0.49755806,0.49460443,0.50123442
0.37143576,-0.32275774,0.24638557,0.50652693,-0.49755245,0.4946012,0.50124015
0.37143712,-0.32271126,0.24638764,0.50652993,-0.49754683,0.49459796,0.50124588
0.37143848,-0.32266455,0.24638971,0.50653293,-0.49754122,0.49459473,0.50125162
0.37143985,-0.32261761,0.24639178,0.50653592,-0.49753559,0.49459149,0.50125737
0.37144124,-0.32257043,0.24639385,0.50653892,-0.49752997,0.49458825,0.50126312
0.37144263,-0.32252303,0.24639592,0.50654191,-0.49752433,0.49458502,0.50126887
0.37144404,-0.32247539,0.24639799,0.50654491,-0.4975187,0.49458178,0.50127463
0.37144545,-0.32242752,0.24640007,0.5065479,-0.49751306,0.49457855,0.5012804
0.37144688,-0.32237942,0.24640214,0.50655089,-0.49750741,0.49457532,0.50128617
0.37144831,-0.32233108,0.24640421,0.50655388,-0.49750176,0.49457208,0.50129194
0.37144976,-0.32228251,0.24640629,0.50655687,-0.49749611,0.49456885,0.50129772
0.37145121,-0.3222337,0.24640836,0.50655986,-0.49749045,0.49456562,0.50130351
0.37145268,-0.32218466,0.24641043,0.50656285,-0.49748479,0.49456239,0.5013093
0.37145415,-0.32213539,0.24641251,0.50656583,-0.49747912,0.49455915,0.50131509
0.37145563,-0.32208588,0.24641459,0.50656882,-0.49747345,0.49455592,0.50132089
0.37145712,-0.32203614,0.24641666,0.5065718,-0.49746778,0.49455269,0.50132669
0.37145863,-0.32198615,0.24641874,0.50657478,-0.4974621,0.49454946,0.5013325
0.37146014,-0.32193594,0.24642082,0.50657777,-0.49745641,0.49454623,0.50133831
0.37146165,-0.32188548,0.2464229,0.50658075,-0.49745073,0.49454301,0.50134413
0.37146318,-0.32183479,0.24642497,0.50658372,-0.49744503,0.49453978,0.50134996
0.37146472,-0.32178386,0.24642705,0.5065867,-0.49743934,0.49453655,0.50135578
0.37146626,-0.3217327,0.24642913,0.50658968,-0.49743364,0.49453332,0.50136161
0.37146782,-0.32168129,0.24643121,0.50659265,-0.49742793,0.4945301,0.50136745
0.37146938,-0.32162965,0.24643329,0.50659563,-0.49742222,0.49452687,0.50137329
0.37147095,-0.32157777,0.24643538,0.5065986,-0.49741651,0.49452365,0.50137914
0.37147252,-0.32152565,0.24643746,0.50660157,-0.49741079,0.49452042,0.50138499
0.37147411,-0.32147329,0.24643954,0.50660454,-0.49740507,0.4945172,0.50139085
0.3714757,-0.32142069,0.24644162,0.50660751,-0.49739934,0.49451398,0.50139671
0.3714773,-0.32136784,0.24644371,0.50661047,-0.49739361,0.49451076,0.50140257
0.3714789,-0.32131476,0.24644579,0.50661344,-0.49738787,0.49450754,0.50140844
0.37148052,-0.32126144,0.24644788,0.5066164,-0.49738213,0.49450431,0.50141431
0.37148214,-0.32120788,0.24644996,0.50661937,-0.49737639,0.4945011,0.50142019
0.37148377,-0.32115407,0.24645205,0.50662233,-0.49737064,0.49449788,0.50142608
0.3714854,-0.32110002,0.24645413,0.50662529,-0.49736489,0.49449466,0.50143196
0.37148704,-0.32104573,0.24645622,0.50662824,-0.49735914,0.49449144,0.50143786
0.37148869,-0.3209912,0.24645831,0.5066312,-0.49735338,0.49448823,0.50144375
0.37149034,-0.32093642,0.2464604,0.50663416,-0.49734761,0.49448501,0.50144966
0.371492,-0.3208814,0.24646248,0.50663711,-0.49734185,0.4944818,0.50145556
0.37149367,-0.32082614,0.24646457,0.50664006,-0.49733607,0.49447858,0.50146147
0.37149534,-0.32077063,0.24646666,0.50664301,-0.4973303,0.49447537,0.50146739
0.37149701,-0.32071488,0.24646875,0.50664596,-0.49732452,0.49447216,0.50147331
0.3714987,-0.32065889,0.24647084,0.50664891,-0.49731873,0.49446895,0.50147923
0.37150038,-0.32060265,0.24647293,0.50665186,-0.49731295,0.49446574,0.50148516
0.37150208,-0.32054616,0.24647503,0.5066548,-0.49730715,0.49446253,0.50149109
0.37150377,-0.32048943,0.24647712,0.50665774,-0.49730136,0.49445932,0.50149703
0.37150547,-0.32043245,0.24647921,0.50666068,-0.49729556,0.49445612,0.50150297
0.37150718,-0.32037523,0.2464813,0.50666362,-0.49728975,0.49445291,0.50150892
0.37150889,-0.32031776,0.2464834,0.50666656,-0.49728395,0.49444971,0.50151487
0.37151061,-0.32026004,0.24648549,0.5066695,-0.49727813,0.4944465,0.50152082
0.37151233,-0.32020207,0.24648759,0.50667243,-0.49727232,0.4944433,0.50152678
0.37151405,-0.32014386,0.24648968,0.50667537,-0.4972665,0.4944401,0.50153274
0.37151578,-0.3200854,0.24649178,0.5066783,-0.49726067,0.4944369,0.50153871
0.37151751,-0.32002669,0.24649387,0.50668123,-0.49725485,0.4944337,0.50154468
0.37151924,-0.31996774,0.24649597,0.50668415,-0.49724901,0.4944305,0.50155066
0.37152098,-0.31990853,0.24649807,0.50668708,-0.49724318,0.49442731,0.50155664
0.37152272,-0.31984908,0.24650016,0.50669,-0.49723734,0.49442411,0.50156262
0.37152447,-0.31978937,0.24650226,0.50669293,-0.4972315,0.49442092,0.50156861
0.37152621,-0.31972942,0.24650436,0.50669585,-0.49722565,0.49441772,0.50157461
0.37152796,-0.31966922,0.24650646,0.50669877,-0.4972198,0.49441453,0.50158061
0.37152971,-0.31960877,0.24650856,0.50670168,-0.49721394,0.49441134,0.50158661
0.37153147,-0.31954806,0.24651066,0.5067046,-0.49720809,0.49440815,0.50159261
0.37153322,-0.31948711,0.24651276,0.50670751,-0.49720222,0.49440496,0.50159862
0.37153498,-0.3194259,0.24651486,0.50671042,-0.49719636,0.49440177,0.50160464
0.37153674,-0.31936445,0.24651697,0.50671333,-0.49719049,0.49439859,0.50161066
0.3715385,-0.31930274,0.24651907,0.50671624,-0.49718461,0.4943954,0.50161668
0.37154026,-0.31924078,0.24652117,0.50671915,-0.49717874,0.49439222,0.50162271
0.37154202,-0.31917856,0.24652327,0.50672205,-0.49717286,0.49438904,0.50162874
0.37154379,-0.3191161,0.24652538,0.50672496,-0.49716697,0.49438586,0.50163477
0.37154555,-0.31905338,0.24652748,0.50672786,-0.49716108,0.49438268,0.50164081
0.37154732,-0.31899041,0.24652959,0.50673075,-0.49715519,0.4943795,0.50164686
0.37154908,-0.31892719,0.24653169,0.50673365,-0.49714929,0.49437633,0.5016529
0.37155085,-0.31886371,0.2465338,0.50673655,-0.49714339,0.49437315,0.50165896
0.37155261,-0.31879998,0.24653591,0.50673944,-0.49713749,0.49436998,0.50166501
0.37155438,-0.318736,0.24653801,0.50674233,-0.49713158,0.49436681,0.50167107
0.37155614,-0.31867176,0.24654012,0.50674522,-0.49712567,0.49436364,0.50167713
0.3715579,-0.31860726,0.24654223,0.5067481,-0.49711976,0.49436047,0.5016832
0.37155967,-0.31854252,0.24654434,0.50675099,-0.49711384,0.4943573,0.50168927
0.37156143,-0.31847751,0.24654645,0.50675387,-0.49710792,0.49435413,0.50169535
0.37156319,-0.31841225,0.24654856,0.50675675,-0.49710199,0.49435097,0.50170143
0.37156495,-0.31834674,0.24655067,0.50675963,-0.49709606,0.4943478,0.50170751
0.37156671,-0.31828097,0.24655278,0.50676251,-0.49709013,0.49434464,0.5017136
0.37156846,-0.31821494,0.24655489,0.50676538,-0.49708419,0.49434148,0.50171969
0.37157021,-0.31814866,0.246557,0.50676825,-0.49707825,0.49433832,0.50172579
0.37157197,-0.31808212,0.24655911,0.50677112,-0.49707231,0.49433517,0.50173189
0.37157372,-0.31801533,0.24656123,0.50677399,-0.49706636,0.49433201,0.50173799
0.37157546,-0.31794828,0.24656334,0.50677686,-0.49706041,0.49432886,0.5017441
0.3715772,-0.31788097,0.24656545,0.50677972,-0.49705446,0.49432571,0.50175021
0.37157895,-0.3178134,0.24656757,0.50678258,-0.4970485,0.49432255,0.50175633
0.37158068,-0.31774558,0.24656968,0.50678544,-0.49704254,0.49431941,0.50176245
0.37158242,-0.31767749,0.2465718,0.5067883,-0.49703658,0.49431626,0.50176857
0.37158415,-0.31760915,0.24657391,0.50679116,-0.49703061,0.49431311,0.5017747
0.37158587,-0.31754055,0.24657603,0.50679401,-0.49702464,0.49430997,0.50178083
0.37158759,-0.3174717,0.24657815,0.50679686,-0.49701866,0.49430683,0.50178696
0.37158931,-0.31740258,0.24658026,0.50679971,-0.49701268,0.49430369,0.5017931
0.37159102,-0.31733321,0.24658238,0.50680256,-0.4970067,0.49430055,0.50179924
0.37159273,-0.31726357,0.2465845,0.5068054,-0.49700071,0.49429741,0.50180539
0.37159444,-0.31719368,0.24658662,0.50680824,-0.49699472,0.49429427,0.50181154
0.37159613,-0.31712353,0.24658874,0.50681108,-0.49698873,0.49429114,0.50181769
0.37159783,-0.31705311,0.24659086,0.50681392,-0.49698274,0.49428801,0.50182385
0.37159951,-0.31698244,0.24659298,0.50681675,-0.49697674,0.49428488,0.50183001
0.37160119,-0.31691151,0.2465951,0.50681959,-0.49697073,0.49428175,0.50183618
0.37160287,-0.31684031,0.24659722,0.50682242,-0.49696473,0.49427862,0.50184234
0.37160454,-0.31676886,0.24659934,0.50682525,-0.49695872,0.4942755,0.50184852
0.3716062,-0.31669715,0.24660146,0.50682807,-0.4969527,0.49427238,0.50185469
0.37160786,-0.31662517,0.24660358,0.5068309,-0.49694669,0.49426926,0.50186087
0.37160951,-0.31655293,0.24660571,0.50683372,-0.49694067,0.49426614,0.50186706
0.37161115,-0.31648043,0.24660783,0.50683654,-0.49693464,0.49426302,0.50187324
0.37161278,-0.31640767,0.24660996,0.50683935,-0.49692862,0.4942599,0.50187943
0.37161441,-0.31633465,0.24661208,0.50684217,-0.49692259,0.49425679,0.50188563
0.37161603,-0.31626137,0.2466142,0.50684498,-0.49691655,0.49425368,0.50189183
0.37161764,-0.31618782,0.24661633,0.50684779,-0.49691052,0.49425057,0.50189803
0.37161924,-0.31611402,0.24661846,0.5068506,-0.49690448,0.49424746,0.50190423
0.37162084,-0.31603995,0.24662058,0.5068534,-0.49689843,0.49424436,0.50191044
0.37162242,-0.31596561,0.24662271,0.5068562,-0.49689239,0.49424125,0.50191666
0.371624,-0.31589102,0.24662484,0.506859,-0.49688634,0.49423815,0.50192287
0.37162557,-0.31581616,0.24662696,0.5068618,-0.49688029,0.49423505,0.50192909
0.37162712,-0.31574104,0.24662909,0.50686459,-0.49687423,0.49423195,0.50193531
0.37162867,-0.31566565,0.24663122,0.50686739,-0.49686817,0.49422886,0.50194154
0.37163021,-0.31559,0.24663335,0.50687018,-0.49686211,0.49422576,0.50194777
0.37163174,-0.31551409,0.24663548,0.50687296,-0.49685604,0.49422267,0.50195401
0.37163326,-0.31543792,0.24663761,0.50687575,-0.49684997,0.49421958,0.50196024
0.37163477,-0.31536148,0.24663974,0.50687853,-0.4968439,0.49421649,0.50196648
0.37163626,-0.31528477,0.24664187,0.50688131,-0.49683782,0.49421341,0.50197273
0.37163775,-0.31520781,0.246644,0.50688409,-0.49683174,0.49421033,0.50197898
0.37163922,-0.31513057,0.24664614,0.50688686,-0.49682566,0.49420724,0.50198523
0.37164069,-0.31505308,0.24664827,0.50688964,-0.49681958,0.49420416,0.50199148
0.37164214,-0.31497532,0.2466504,0.50689241,-0.49681349,0.49420109,0.50199774
0.37164358,-0.31489729,0.24665253,0.50689517,-0.49680739,0.49419801,0.502004
0.37164501,-0.314819,0.24665467,0.50689794,-0.4968013,0.49419494,0.50201027
0.37164642,-0.31474044,0.2466568,0.5069007,-0.4967952,0.49419187,0.50201654
0.37164783,-0.31466162,0.24665894,0.50690346,-0.4967891,0.4941888,0.50202281
0.37164922,-0.31458253,0.24666107,0.50690622,-0.496783,0.49418573,0.50202909
0.3716506,-0.31450318,0.24666321,0.50690897,-0.49677689,0.49418267,0.50203536
0.37165196,-0.31442356,0.24666534,0.50691172,-0.49677078,0.49417961,0.50204165
0.37165331,-0.31434368,0.24666748,0.50691447,-0.49676466,0.49417655,0.50204793
0.37165465,-0.31426353,0.24666961,0.50691722,-0.49675855,0.49417349,0.50205422
0.37165597,-0.31418312,0.24667175,0.50691996,-0.49675243,0.49417044,0.50206051
0.37165728,-0.31410244,0.24667389,0.5069227,-0.4967463,0.49416738,0.50206681
0.37165857,-0.31402149,0.24667603,0.50692544,-0.49674018,0.49416433,0.50207311
0.37165985,-0.31394028,0.24667816,0.50692818,-0.49673405,0.49416128,0.50207941
0.37166112,-0.3138588,0.2466803,0.50693091,-0.49672791,0.49415824,0.50208572
0.37166237,-0.31377705,0.24668244,0.50693364,-0.49672178,0.4941552,0.50209203
0.3716636,-0.31369504,0.24668458,0.50693637,-0.49671564,0.49415215,0.50209834
0.37166482,-0.31361276,0.24668672,0.50693909,-0.4967095,0.49414911,0.50210466
0.37166602,-0.31353021,0.24668886,0.50694181,-0.49670335,0.49414608,0.50211097
0.37166721,-0.3134474,0.246691,0.50694453,-0.49669721,0.49414304,0.5021173
0.37166838,-0.31336432,0.24669314,0.50694725,-0.49669105,0.49414001,0.50212362
0.37166953,-0.31328097,0.24669529,0.50694996,-0.4966849,0.49413698,0.50212995
0.37167067,-0.31319736,0.24669743,0.50695267,-0.49667874,0.49413395,0.50213628
0.37167179,-0.31311347,0.24669957,0.50695538,-0.49667258,0.49413093,0.50214262
0.37167289,-0.31302933,0.24670171,0.50695809,-0.49666642,0.49412791,0.50214896
0.37167398,-0.31294491,0.24670385,0.50696079,-0.49666025,0.49412489,0.5021553
0.37167505,-0.31286022,0.246706,0.50696349,-0.49665409,0.49412187,0.50216164
0.3716761,-0.31277527,0.24670814,0.50696619,-0.49664791,0.49411885,0.50216799
0.37167713,-0.31269005,0.24671028,0.50696888,-0.49664174,0.49411584,0.50217434
0.37167814,-0.31260457,0.24671243,0.50697157,-0.49663556,0.49411283,0.5021807
0.37167914,-0.31251881,0.24671457,0.50697426,-0.49662938,0.49410982,0.50218705
0.37168011,-0.31243279,0.24671672,0.50697695,-0.4966232,0.49410682,0.50219342
0.37168107,-0.3123465,0.24671886,0.50697963,-0.49661701,0.49410382,0.50219978
0.371682,-0.31225994,0.24672101,0.50698231,-0.49661082,0.49410082,0.50220615
0.37168292,-0.31217311,0.24672315,0.50698499,-0.49660463,0.49409782,0.50221252
0.37168382,-0.31208602,0.2467253,0.50698766,-0.49659843,0.49409482,0.50221889
0.3716847,-0.31199865,0.24672745,0.50699033,-0.49659223,0.49409183,0.50222527
0.37168555,-0.31191102,0.24672959,0.506993,-0.49658603,0.49408884,0.50223165
0.37168639,-0.31182312,0.24673174,0.50699567,-0.49657983,0.49408585,0.50223803
0.37168721,-0.31173495,0.24673389,0.50699833,-0.49657362,0.49408287,0.50224441
0.371688,-0.31164652,0.24673604,0.50700099,-0.49656741,0.49407989,0.5022508
0.37168877,-0.31155781,0.24673818,0.50700365,-0.4965612,0.49407691,0.50225719
0.37168953,-0.31146884,0.24674033,0.5070063,-0.49655498,0.49407393,0.50226359
0.37169026,-0.3113796,0.24674248,0.50700895,-0.49654877,0.49407095,0.50226999
0.37169096,-0.31129009,0.24674463,0.5070116,-0.49654254,0.49406798,0.50227639
0.37169165,-0.31120031,0.24674678,0.50701424,-0.49653632,0.49406501,0.50228279
0.37169231,-0.31111026,0.24674893,0.50701689,-0.49653009,0.49406205,0.5022892
0.37169295,-0.31101994,0.24675108,0.50701953,-0.49652386,0.49405908,0.50229561
0.37169357,-0.31092936,0.24675323,0.50702216,-0.49651763,0.49405612,0.50230202
0.37169416,-0.3108385,0.24675538,0.50702479,-0.49651139,0.49405316,0.50230844
0.37169474,-0.31074738,0.24675753,0.50702742,-0.49650516,0.49405021,0.50231485
0.37169528,-0.31065599,0.24675968,0.50703005,-0.49649891,0.49404725,0.50232128
0.37169581,-0.31056433,0.24676183,0.50703268,-0.49649267,0.4940443,0.5023277
0.37169631,-0.3104724,0.24676398,0.5070353,-0.49648642,0.49404136,0.50233413
0.37169678,-0.3103802,0.24676613,0.50703791,-0.49648017,0.49403841,0.50234056
0.37169723,-0.31028773,0.24676828,0.50704053,-0.49647392,0.49403547,0.50234699
0.37169766,-0.310195,0.24677044,0.50704314,-0.49646767,0.49403253,0.50235343
0.37169806,-0.31010199,0.24677259,0.50704575,-0.49646141,0.49402959,0.50235987
0.37169843,-0.31000872,0.24677474,0.50704836,-0.49645515,0.49402666,0.50236631
0.37169878,-0.30991518,0.24677689,0.50705096,-0.49644888,0.49402373,0.50237276
0.37169911,-0.30982136,0.24677905,0.50705356,-0.49644262,0.4940208,0.5023792
0.3716994,-0.30972728,0.2467812,0.50705616,-0.49643635,0.49401788,0.50238565
0.37169968,-0.30963293,0.24678335,0.50705875,-0.49643008,0.49401495,0.50239211
0.37169992,-0.30953832,0.2467855,0.50706134,-0.4964238,0.49401203,0.50239856
0.37170014,-0.30944343,0.24678766,0.50706393,-0.49641753,0.49400912,0.50240502
0.37170033,-0.30934827,0.24678981,0.50706651,-0.49641125,0.4940062,0.50241149
0.37170049,-0.30925285,0.24679196,0.50706909,-0.49640496,0.49400329,0.50241795
0.37170063,-0.30915715,0.24679412,0.50707167,-0.49639868,0.49400038,0.50242442
0.37170074,-0.30906119,0.24679627,0.50707424,-0.49639239,0.49399748,0.50243089
0.37170082,-0.30896496,0.24679843,0.50707682,-0.4963861,0.49399457,0.50243736
0.37170088,-0.30886846,0.24680058,0.50707938,-0.49637981,0.49399168,0.50244384
0.3717009,-0.30877169,0.24680273,0.50708195,-0.49637351,0.49398878,0.50245032
0.3717009,-0.30867465,0.24680489,0.50708451,-0.49636721,0.49398588,0.5024568
0.37170086,-0.30857734,0.24680704,0.50708707,-0.49636091,0.49398299,0.50246328
0.3717008,-0.30847977,0.2468092,0.50708963,-0.49635461,0.49398011,0.50246977
0.37170071,-0.30838192,0.24681135,0.50709218,-0.4963483,0.49397722,0.50247626
0.37170059,-0.30828381,0.24681351,0.50709473,-0.49634199,0.49397434,0.50248275
0.37170044,-0.30818543,0.24681566,0.50709727,-0.49633568,0.49397146,0.50248925
0.37170026,-0.30808678,0.24681782,0.50709982,-0.49632937,0.49396858,0.50249575
0.37170005,-0.30798786,0.24681997,0.50710236,-0.49632305,0.49396571,0.50250225
0.37169981,-0.30788868,0.24682212,0.50710489,-0.49631673,0.49396284,0.50250875
0.37169954,-0.30778922,0.24682428,0.50710742,-0.49631041,0.49395997,0.50251526
0.37169924,-0.3076895,0.24682643,0.50710995,-0.49630408,0.49395711,0.50252177
0.37169891,-0.3075895,0.24682859,0.50711248,-0.49629775,0.49395425,0.50252828
0.37169854,-0.30748924,0.24683074,0.507115,-0.49629142,0.49395139,0.50253479
0.37169815,-0.30738872,0.2468329,0.50711753,-0.49628509,0.49394854,0.50254131
0.37169772,-0.30728792,0.24683505,0.50712004,-0.49627876,0.49394568,0.50254783
0.37169726,-0.30718685,0.24683721,0.50712256,-0.49627242,0.49394284,0.50255435
0.37169677,-0.30708552,0.24683936,0.50712507,-0.49626608,0.49393999,0.50256088
0.37169624,-0.30698392,0.24684152,0.50712757,-0.49625973,0.49393715,0.5025674
0.37169569,-0.30688205,0.24684367,0.50713008,-0.49625339,0.49393431,0.50257393
0.3716951,-0.30677991,0.24684583,0.50713258,-0.49624704,0.49393147,0.50258047
0.37169447,-0.30667751,0.24684798,0.50713507,-0.49624069,0.49392864,0.502587
0.37169382,-0.30657484,0.24685014,0.50713757,-0.49623434,0.49392581,0.50259354
0.37169313,-0.3064719,0.24685229,0.50714006,-0.49622798,0.49392298,0.50260008
0.37169241,-0.30636869,0.24685445,0.50714255,-0.49622162,0.49392016,0.50260662
0.37169165,-0.30626522,0.2468566,0.50714503,-0.49621526,0.49391734,0.50261317
0.37169086,-0.30616147,0.24685876,0.50714751,-0.4962089,0.49391452,0.50261972
0.37169003,-0.30605746,0.24686091,0.50714999,-0.49620253,0.49391171,0.50262627
0.37168917,-0.30595319,0.24686306,0.50715246,-0.49619616,0.49390889,0.50263282
0.37168827,-0.30584864,0.24686522,0.50715493,-0.49618979,0.49390609,0.50263938
0.37168734,-0.30574383,0.24686737,0.5071574,-0.49618342,0.49390328,0.50264593
0.37168638,-0.30563875,0.24686953,0.50715986,-0.49617704,0.49390048,0.5026525
0.37168538,-0.30553341,0.24687168,0.50716232,-0.49617066,0.49389768,0.50265906
0.37168434,-0.3054278,0.24687383,0.50716478,-0.49616428,0.49389489,0.50266562
0.37168327,-0.30532192,0.24687599,0.50716723,-0.4961579,0.4938921,0.50267219
0.37168216,-0.30521577,0.24687814,0.50716968,-0.49615151,0.49388931,0.50267876
0.37168101,-0.30510936,0.24688029,0.50717213,-0.49614513,0.49388652,0.50268534
0.37167983,-0.30500269,0.24688245,0.50717457,-0.49613874,0.49388374,0.50269191
0.37167861,-0.30489574,0.2468846,0.50717701,-0.49613234,0.49388096,0.50269849
0.37167736,-0.30478853,0.24688675,0.50717945,-0.49612595,0.49387819,0.50270507
0.37167606,-0.30468106,0.2468889,0.50718188,-0.49611955,0.49387541,0.50271165
0.37167473,-0.30457331,0.24689105,0.50718431,-0.49611315,0.49387265,0.50271824
0.37167337,-0.30446531,0.24689321,0.50718674,-0.49610675,0.49386988,0.50272483
0.37167196,-0.30435703,0.24689536,0.50718916,-0.49610034,0.49386712,0.50273142
0.37167052,-0.30424849,0.24689751,0.50719158,-0.49609393,0.49386436,0.50273801
0.37166904,-0.30413969,0.24689966,0.507194,-0.49608752,0.4938616,0.50274461
0.37166752,-0.30403062,0.24690181,0.50719641,-0.49608111,0.49385885,0.5027512
0.37166596,-0.30392128,0.24690396,0.50719882,-0.49607469,0.4938561,0.5027578
0.37166436,-0.30381168,0.24690611,0.50720122,-0.49606828,0.49385336,0.5027644
0.37166272,-0.30370182,0.24690826,0.50720362,-0.49606186,0.49385061,0.50277101
0.37166105,-0.30359169,0.24691041,0.50720602,-0.49605543,0.49384788,0.50277762
0.37165933,-0.3034813,0.24691256,0.50720842,-0.49604901,0.49384514,0.50278423
0.37165758,-0.30337064,0.24691471,0.50721081,-0.49604258,0.49384241,0.50279084
0.37165578,-0.30325971,0.24691685,0.5072132,-0.49603615,0.49383968,0.50279745
0.37165395,-0.30314853,0.246919,0.50721558,-0.49602972,0.49383695,0.50280407
0.37165207,-0.30303707,0.24692115,0.50721796,-0.49602329,0.49383423,0.50281069
0.37165016,-0.30292536,0.2469233,0.50722034,-0.49601685,0.49383151,0.50281731
0.3716482,-0.30281338,0.24692544,0.50722271,-0.49601041,0.4938288,0.50282393
0.3716462,-0.30270114,0.24692759,0.50722508,-0.49600397,0.49382609,0.50283056
0.37164417,-0.30258863,0.24692974,0.50722745,-0.49599753,0.49382338,0.50283718
0.37164209,-0.30247586,0.24693188,0.50722981,-0.49599108,0.49382068,0.50284381
0.37163997,-0.30236283,0.24693403,0.50723217,-0.49598463,0.49381798,0.50285045
0.3716378,-0.30224953,0.24693617,0.50723453,-0.49597818,0.49381528,0.50285708
0.3716356,-0.30213598,0.24693832,0.50723688,-0.49597173,0.49381258,0.50286372
0.37163335,-0.30202215,0.24694046,0.50723923,-0.49596528,0.49380989,0.50287036
0.37163107,-0.30190807,0.2469426,0.50724158,-0.49595882,0.49380721,0.502877
0.37162874,-0.30179372,0.24694474,0.50724392,-0.49595236,0.49380452,0.50288364
0.37162636,-0.30167912,0.24694689,0.50724626,-0.4959459,0.49380184,0.50289029
0.37162395,-0.30156425,0.24694903,0.50724859,-0.49593943,0.49379917,0.50289693
0.37162149,-0.30144911,0.24695117,0.50725092,-0.49593297,0.49379649,0.50290359
0.37161899,-0.30133372,0.24695331,0.50725325,-0.4959265,0.49379382,0.50291024
0.37161644,-0.30121807,0.24695545,0.50725558,-0.49592003,0.49379116,0.50291689
0.37161385,-0.30110215,0.24695759,0.5072579,-0.49591355,0.4937885,0.50292355
0.37161122,-0.30098597,0.24695973,0.50726021,-0.49590708,0.49378584,0.50293021
0.37160855,-0.30086953,0.24696187,0.50726253,-0.4959006,0.49378318,0.50293687
0.37160583,-0.30075283,0.246964,0.50726484,-0.49589412,0.49378053,0.50294353
0.37160306,-0.30063587,0.24696614,0.50726714,-0.49588764,0.49377788,0.5029502
0.37160025,-0.30051865,0.24696828,0.50726944,-0.49588115,0.49377524,0.50295687
0.3715974,-0.30040117,0.24697041,0.50727174,-0.49587466,0.4937726,0.50296353
0.3715945,-0.30028343,0.24697255,0.50727404,-0.49586817,0.49376996,0.50297021
0.37159156,-0.30016543,0.24697468,0.50727633,-0.49586168,0.49376733,0.50297688
0.37158857,-0.30004717,0.24697682,0.50727862,-0.49585519,0.4937647,0.50298356
0.37158554,-0.29992866,0.24697895,0.5072809,-0.49584869,0.49376207,0.50299024
0.37158246,-0.29980988,0.24698108,0.50728318,-0.49584219,0.49375945,0.50299692
0.37157934,-0.29969084,0.24698321,0.50728546,-0.49583569,0.49375683,0.5030036
0.37157617,-0.29957154,0.24698534,0.50728773,-0.49582919,0.49375422,0.50301028
0.37157296,-0.29945199,0.24698747,0.50729,-0.49582269,0.4937516,0.50301697
0.37156969,-0.29933218,0.2469896,0.50729227,-0.49581618,0.493749,0.50302366
0.37156639,-0.29921211,0.24699173,0.50729453,-0.49580967,0.49374639,0.50303035
0.37156303,-0.29909178,0.24699386,0.50729679,-0.49580316,0.49374379,0.50303704
0.37155963,-0.29897119,0.24699599,0.50729904,-0.49579664,0.49374119,0.50304374
0.37155619,-0.29885035,0.24699811,0.50730129,-0.49579013,0.4937386,0.50305043
0.37155269,-0.29872925,0.24700024,0.50730354,-0.49578361,0.49373601,0.50305713
0.37154915,-0.29860789,0.24700236,0.50730579,-0.49577709,0.49373343,0.50306383
0.37154556,-0.29848627,0.24700449,0.50730803,-0.49577057,0.49373085,0.50307054
0.37154193,-0.2983644,0.24700661,0.50731026,-0.49576404,0.49372827,0.50307724
0.37153825,-0.29824227,0.24700873,0.50731249,-0.49575752,0.49372569,0.50308395
0.37153451,-0.29811989,0.24701085,0.50731472,-0.49575099,0.49372312,0.50309066
0.37153074,-0.29799725,0.24701297,0.50731695,-0.49574446,0.49372056,0.50309737
0.37152691,-0.29787435,0.24701509,0.50731917,-0.49573792,0.49371799,0.50310408
0.37152304,-0.2977512,0.24701721,0.50732139,-0.49573139,0.49371543,0.5031108
0.37151911,-0.2976278,0.24701933,0.5073236,-0.49572485,0.49371288,0.50311751
0.37151514,-0.29750414,0.24702145,0.50732581,-0.49571831,0.49371033,0.50312423
0.37151112,-0.29738022,0.24702356,0.50732802,-0.49571177,0.49370778,0.50313095
0.37150705,-0.29725605,0.24702568,0.50733022,-0.49570522,0.49370523,0.50313767
0.37150294,-0.29713162,0.24702779,0.50733242,-0.49569868,0.49370269,0.5031444
0.37149877,-0.29700695,0.2470299,0.50733462,-0.49569213,0.49370016,0.50315113
0.37149455,-0.29688201,0.24703201,0.50733681,-0.49568558,0.49369762,0.50315785
0.37149029,-0.29675683,0.24703413,0.507339,-0.49567903,0.4936951,0.50316458
0.37148598,-0.29663139,0.24703623,0.50734118,-0.49567247,0.49369257,0.50317132
0.37148161,-0.2965057,0.24703834,0.50734336,-0.49566591,0.49369005,0.50317805
0.3714772,-0.29637975,0.24704045,0.50734554,-0.49565936,0.49368753,0.50318479
0.37147273,-0.29625355,0.24704256,0.50734771,-0.49565279,0.49368502,0.50319153
0.37146822,-0.2961271,0.24704466,0.50734988,-0.49564623,0.49368251,0.50319827
0.37146366,-0.2960004,0.24704677,0.50735204,-0.49563967,0.49368,0.50320501
0.37145904,-0.29587345,0.24704887,0.5073542,-0.4956331,0.4936775,0.50321175
0.37145438,-0.29574625,0.24705097,0.50735636,-0.49562653,0.493675,0.5032185
0.37144967,-0.29561879,0.24705307,0.50735852,-0.49561996,0.49367251,0.50322524
0.3714449,-0.29549108,0.24705517,0.50736067,-0.49561338,0.49367002,0.50323199
0.37144008,-0.29536313,0.24705727,0.50736281,-0.49560681,0.49366753,0.50323874
0.37143522,-0.29523492,0.24705937,0.50736495,-0.49560023,0.49366505,0.5032455
0.3714303,-0.29510646,0.24706147,0.50736709,-0.49559365,0.49366257,0.50325225
0.37142533,-0.29497775,0.24706356,0.50736923,-0.49558707,0.4936601,0.50325901
0.37142031,-0.2948488,0.24706565,0.50737136,-0.49558049,0.49365763,0.50326577
0.37141524,-0.29471959,0.24706775,0.50737349,-0.4955739,0.49365516,0.50327253
0.37141011,-0.29459014,0.24706984,0.50737561,-0.49556731,0.4936527,0.50327929
0.37140494,-0.29446043,0.24707193,0.50737773,-0.49556072,0.49365024,0.50328605
0.37139971,-0.29433048,0.24707402,0.50737985,-0.49555413,0.49364779,0.50329282
0.37139443,-0.29420028,0.2470761,0.50738196,-0.49554753,0.49364534,0.50329959
0.3713891,-0.29406983,0.24707819,0.50738407,-0.49554094,0.49364289,0.50330635
0.37138372,-0.29393914,0.24708027,0.50738617,-0.49553434,0.49364045,0.50331313
0.37137828,-0.29380819,0.24708236,0.50738827,-0.49552774,0.49363801,0.5033199
0.3713728,-0.293677,0.24708444,0.50739037,-0.49552114,0.49363557,0.50332667
0.37136726,-0.29354557,0.24708652,0.50739246,-0.49551453,0.49363314,0.50333345
0.37136166,-0.29341389,0.2470886,0.50739455,-0.49550793,0.49363072,0.50334023
0.37135602,-0.29328196,0.24709068,0.50739663,-0.49550132,0.49362829,0.50334701
0.37135032,-0.29314978,0.24709275,0.50739871,-0.49549471,0.49362588,0.50335379
0.37134457,-0.29301736,0.24709483,0.50740079,-0.4954881,0.49362346,0.50336057
0.37133877,-0.2928847,0.2470969,0.50740286,-0.49548148,0.49362105,0.50336735
0.37133291,-0.29275179,0.24709897,0.50740493,-0.49547486,0.49361864,0.50337414
0.371327,-0.29261863,0.24710105,0.507407,-0.49546825,0.49361624,0.50338093
0.37132103,-0.29248523,0.24710311,0.50740906,-0.49546163,0.49361384,0.50338772
0.37131502,-0.29235159,0.24710518,0.50741112,-0.495455,0.49361145,0.50339451
0.37130895,-0.2922177,0.24710725,0.50741317,-0.49544838,0.49360906,0.5034013
0.37130282,-0.29208357,0.24710931,0.50741522,-0.49544175,0.49360667,0.5034081
0.37129664,-0.2919492,0.24711138,0.50741727,-0.49543512,0.49360429,0.50341489
0.37129041,-0.29181459,0.24711344,0.50741931,-0.49542849,0.49360191,0.50342169
0.37128413,-0.29167973,0.2471155,0.50742135,-0.49542186,0.49359954,0.50342849
0.37127779,-0.29154463,0.24711756,0.50742339,-0.49541523,0.49359717,0.50343529
0.37127139,-0.29140929,0.24711961,0.50742542,-0.49540859,0.4935948,0.5034421
0.37126495,-0.2912737,0.24712167,0.50742744,-0.49540195,0.49359244,0.5034489
0.37125844,-0.29113788,0.24712372,0.50742947,-0.49539531,0.49359008,0.50345571
0.37125189,-0.29100181,0.24712577,0.50743149,-0.49538867,0.49358773,0.50346252
0.37124528,-0.29086551,0.24712782,0.5074335,-0.49538203,0.49358538,0.50346933
0.37123861,-0.29072896,0.24712987,0.50743551,-0.49537538,0.49358304,0.50347614
0.37123189,-0.29059218,0.24713192,0.50743752,-0.49536873,0.49358069,0.50348295
0.37122512,-0.29045515,0.24713397,0.50743952,-0.49536208,0.49357836,0.50348976
0.37121829,-0.29031789,0.24713601,0.50744152,-0.49535543,0.49357602,0.50349658
0.3712114,-0.29018039,0.24713805,0.50744352,-0.49534878,0.4935737,0.5035034
0.37120446,-0.29004264,0.24714009,0.50744551,-0.49534212,0.49357137,0.50351022
0.37119747,-0.28990466,0.24714213,0.5074475,-0.49533546,0.49356905,0.50351704
0.37119042,-0.28976645,0.24714417,0.50744948,-0.49532881,0.49356674,0.50352386
0.37118331,-0.28962799,0.2471462,0.50745146,-0.49532214,0.49356442,0.50353068
0.37117615,-0.2894893,0.24714823,0.50745344,-0.49531548,0.49356212,0.50353751
0.37116894,-0.28935037,0.24715026,0.50745541,-0.49530881,0.49355981,0.50354434
0.37116167,-0.28921121,0.24715229,0.50745738,-0.49530215,0.49355751,0.50355116
0.37115434,-0.28907181,0.24715432,0.50745934,-0.49529548,0.49355522,0.50355799
0.37114696,-0.28893217,0.24715635,0.5074613,-0.49528881,0.49355293,0.50356482
0.37113952,-0.2887923,0.24715837,0.50746326,-0.49528213,0.49355064,0.50357166
0.37113203,-0.28865219,0.24716039,0.50746521,-0.49527546,0.49354836,0.50357849
0.37112448,-0.28851185,0.24716241,0.50746716,-0.49526878,0.49354608,0.50358533
0.37111688,-0.28837127,0.24716443,0.5074691,-0.4952621,0.49354381,0.50359217
0.37110922,-0.28823046,0.24716645,0.50747104,-0.49525542,0.49354154,0.503599
0.3711015,-0.28808941,0.24716846,0.50747298,-0.49524874,0.49353927,0.50360584
0.37109373,-0.28794814,0.24717047,0.50747491,-0.49524206,0.49353701,0.50361269
0.3710859,-0.28780663,0.24717248,0.50747684,-0.49523537,0.49353475,0.50361953
0.37107802,-0.28766488,0.24717449,0.50747877,-0.49522868,0.4935325,0.50362637
0.37107008,-0.28752291,0.2471765,0.50748069,-0.49522199,0.49353025,0.50363322
0.37106208,-0.2873807,0.2471785,0.5074826,-0.4952153,0.49352801,0.50364007
0.37105403,-0.28723826,0.2471805,0.50748452,-0.49520861,0.49352577,0.50364692
0.37104592,-0.28709559,0.2471825,0.50748642,-0.49520191,0.49352353,0.50365377
0.37103775,-0.28695269,0.2471845,0.50748833,-0.49519522,0.4935213,0.50366062
0.37102953,-0.28680956,0.2471865,0.50749023,-0.49518852,0.49351907,0.50366747
0.37102125,-0.2866662,0.24718849,0.50749213,-0.49518182,0.49351685,0.50367433
0.37101292,-0.28652261,0.24719048,0.50749402,-0.49517511,0.49351463,0.50368118
0.37100453,-0.28637878,0.24719247,0.50749591,-0.49516841,0.49351242,0.50368804
0.37099608,-0.28623474,0.24719446,0.50749779,-0.4951617,0.49351021,0.5036949
0.37098757,-0.28609046,0.24719645,0.50749967,-0.49515499,0.493508,0.50370176
0.37097901,-0.28594595,0.24719843,0.50750155,-0.49514828,0.4935058,0.50370862
0.3709704,-0.28580122,0.24720041,0.50750342,-0.49514157,0.49350361,0.50371548
0.37096172,-0.28565625,0.24720239,0.50750529,-0.49513486,0.49350141,0.50372235
0.37095299,-0.28551107,0.24720436,0.50750716,-0.49512814,0.49349923,0.50372922
0.3709442,-0.28536565,0.24720634,0.50750902,-0.49512142,0.49349704,0.50373608
0.37093536,-0.28522001,0.24720831,0.50751088,-0.4951147,0.49349486,0.50374295
0.37092646,-0.28507414,0.24721028,0.50751273,-0.49510798,0.49349269,0.50374982
0.3709175,-0.28492805,0.24721225,0.50751458,-0.49510126,0.49349052,0.50375669
0.37090848,-0.28478173,0.24721421,0.50751642,-0.49509453,0.49348835,0.50376356
0.37089941,-0.28463518,0.24721618,0.50751827,-0.49508781,0.49348619,0.50377044
0.37089028,-0.28448841,0.24721814,0.5075201,-0.49508108,0.49348403,0.50377731
0.3708811,-0.28434142,0.24722009,0.50752194,-0.49507435,0.49348188,0.50378419
0.37087185,-0.28419421,0.24722205,0.50752376,-0.49506762,0.49347973,0.50379107
0.37086255,-0.28404677,0.247224,0.50752559,-0.49506088,0.49347758,0.50379795
0.3708532,-0.2838991,0.24722596,0.50752741,-0.49505415,0.49347544,0.50380483
0.37084378,-0.28375122,0.2472279,0.50752923,-0.49504741,0.49347331,0.50381171
0.37083431,-0.28360311,0.24722985,0.50753104,-0.49504067,0.49347118,0.50381859
0.37082478,-0.28345478,0.24723179,0.50753285,-0.49503393,0.49346905,0.50382548
0.3708152,-0.28330623,0.24723374,0.50753466,-0.49502719,0.49346693,0.50383236
0.37080556,-0.28315746,0.24723567,0.50753646,-0.49502044,0.49346481,0.50383925
0.37079586,-0.28300847,0.24723761,0.50753825,-0.4950137,0.4934627,0.50384614
0.3707861,-0.28285926,0.24723955,0.50754005,-0.49500695,0.49346059,0.50385303
0.37077629,-0.28270982,0.24724148,0.50754184,-0.4950002,0.49345848,0.50385992
0.37076641,-0.28256017,0.24724341,0.50754362,-0.49499345,0.49345638,0.50386681
0.37075649,-0.2824103,0.24724533,0.5075454,-0.49498669,0.49345429,0.5038737
0.3707465,-0.28226021,0.24724726,0.50754718,-0.49497994,0.4934522,0.50388059
0.37073646,-0.28210991,0.24724918,0.50754895,-0.49497318,0.49345011,0.50388749
0.37072636,-0.28195938,0.2472511,0.50755072,-0.49496642,0.49344803,0.50389439
0.3707162,-0.28180864,0.24725301,0.50755249,-0.49495966,0.49344595,0.50390128
0.37070599,-0.28165768,0.24725493,0.50755425,-0.4949529,0.49344388,0.50390818
0.37069571,-0.2815065,0.24725684,0.507556,-0.49494613,0.49344181,0.50391508
0.37068539,-0.28135511,0.24725875,0.50755776,-0.49493937,0.49343974,0.50392199
0.370675,-0.2812035,0.24726065,0.5075595,-0.4949326,0.49343768,0.50392889
0.37066456,-0.28105167,0.24726256,0.50756125,-0.49492583,0.49343563,0.50393579
0.37065406,-0.28089964,0.24726446,0.50756299,-0.49491906,0.49343357,0.5039427
0.3706435,-0.28074738,0.24726635,0.50756473,-0.49491229,0.49343153,0.5039496
0.37063288,-0.28059491,0.24726825,0.50756646,-0.49490551,0.49342949,0.50395651
0.37062221,-0.28044223,0.24727014,0.50756819,-0.49489874,0.49342745,0.50396342
0.37061148,-0.28028934,0.24727203,0.50756991,-0.49489196,0.49342542,0.50397033
0.3706007,-0.28013623,0.24727392,0.50757163,-0.49488518,0.49342339,0.50397724
0.37058985,-0.27998291,0.2472758,0.50757335,-0.4948784,0.49342136,0.50398415
0.37057895,-0.27982937,0.24727768,0.50757506,-0.49487162,0.49341934,0.50399106
0.37056799,-0.27967563,0.24727956,0.50757677,-0.49486483,0.49341733,0.50399798
0.37055698,-0.27952167,0.24728144,0.50757848,-0.49485804,0.49341532,0.50400489
0.37054591,-0.2793675,0.24728331,0.50758018,-0.49485126,0.49341331,0.50401181
0.37053478,-0.27921312,0.24728518,0.50758187,-0.49484447,0.49341131,0.50401873
0.37052359,-0.27905854,0.24728705,0.50758356,-0.49483767,0.49340931,0.50402565
0.37051235,-0.27890374,0.24728891,0.50758525,-0.49483088,0.49340732,0.50403256
0.37050105,-0.27874873,0.24729078,0.50758694,-0.49482409,0.49340533,0.50403949
0.37048969,-0.27859351,0.24729263,0.50758862,-0.49481729,0.49340335,0.50404641
0.37047828,-0.27843809,0.24729449,0.50759029,-0.49481049,0.49340137,0.50405333
0.37046681,-0.27828246,0.24729634,0.50759197,-0.49480369,0.4933994,0.50406025
0.37045528,-0.27812662,0.24729819,0.50759363,-0.49479689,0.49339743,0.50406718
0.3704437,-0.27797057,0.24730004,0.5075953,-0.49479008,0.49339546,0.50407411
0.37043206,-0.27781431,0.24730188,0.50759696,-0.49478328,0.4933935,0.50408103
0.37042036,-0.27765785,0.24730373,0.50759861,-0.49477647,0.49339155,0.50408796
0.3704086,-0.27750118,0.24730556,0.50760027,-0.49476966,0.4933896,0.50409489
0.37039679,-0.27734431,0.2473074,0.50760191,-0.49476285,0.49338765,0.50410182
0.37038493,-0.27718723,0.24730923,0.50760356,-0.49475604,0.49338571,0.50410875
0.370373,-0.27702995,0.24731106,0.5076052,-0.49474923,0.49338377,0.50411568
0.37036102,-0.27687246,0.24731289,0.50760683,-0.49474241,0.49338184,0.50412262
0.37034898,-0.27671477,0.24731471,0.50760846,-0.4947356,0.49337991,0.50412955
0.37033689,-0.27655688,0.24731653,0.50761009,-0.49472878,0.49337798,0.50413649
0.37032474,-0.27639878,0.24731835,0.50761172,-0.49472196,0.49337607,0.50414342
0.37031253,-0.27624048,0.24732016,0.50761333,-0.49471513,0.49337415,0.50415036
0.37030026,-0.27608198,0.24732197,0.50761495,-0.49470831,0.49337224,0.5041573
0.37028794,-0.27592327,0.24732378,0.50761656,-0.49470149,0.49337034,0.50416424
0.37027557,-0.27576437,0.24732558,0.50761817,-0.49469466,0.49336844,0.50417118
0.37026314,-0.27560526,0.24732738,0.50761977,-0.49468783,0.49336654,0.50417812
0.37025065,-0.27544595,0.24732918,0.50762137,-0.494681,0.49336465,0.50418506
0.3702381,-0.27528644,0.24733098,0.50762297,-0.49467417,0.49336276,0.504192
0.3702255,-0.27512674,0.24733277,0.50762456,-0.49466733,0.49336088,0.50419895
0.37021284,-0.27496683,0.24733456,0.50762614,-0.4946605,0.493359,0.50420589
0.37020013,-0.27480672,0.24733634,0.50762773,-0.49465366,0.49335713,0.50421284
0.37018736,-0.27464642,0.24733813,0.50762931,-0.49464682,0.49335526,0.50421979
0.37017454,-0.27448592,0.2473399,0.50763088,-0.49463998,0.4933534,0.50422673
0.37016166,-0.27432522,0.24734168,0.50763245,-0.49463314,0.49335154,0.50423368
0.37014872,-0.27416432,0.24734345,0.50763402,-0.4946263,0.49334969,0.50424063
0.37013573,-0.27400323,0.24734522,0.50763558,-0.49461945,0.49334784,0.50424758
0.37012268,-0.27384194,0.24734699,0.50763714,-0.49461261,0.49334599,0.50425453
0.37010957,-0.27368045,0.24734875,0.5076387,-0.49460576,0.49334415,0.50426149
0.37009642,-0.27351877,0.24735051,0.50764025,-0.49459891,0.49334232,0.50426844
0.3700832,-0.2733569,0.24735227,0.50764179,-0.49459206,0.49334048,0.50427539
0.37006993,-0.27319483,0.24735402,0.50764334,-0.4945852,0.49333866,0.50428235
0.37005661,-0.27303256,0.24735577,0.50764487,-0.49457835,0.49333684,0.50428931
0.37004323,-0.2728701,0.24735751,0.50764641,-0.49457149,0.49333502,0.50429626
0.37002979,-0.27270745,0.24735926,0.50764794,-0.49456463,0.49333321,0.50430322
0.3700163,-0.2725446,0.247361,0.50764947,-0.49455778,0.4933314,0.50431018
0.37000275,-0.27238157,0.24736273,0.50765099,-0.49455091,0.4933296,0.50431714
0.36998915,-0.27221834,0.24736446,0.50765251,-0.49454405,0.4933278,0.5043241
0.3699755,-0.27205492,0.24736619,0.50765402,-0.49453719,0.49332601,0.50433106
0.36996178,-0.2718913,0.24736792,0.50765553,-0.49453032,0.49332422,0.50433802
0.36994802,-0.2717275,0.24736964,0.50765704,-0.49452345,0.49332244,0.50434498
0.3699342,-0.27156351,0.24737136,0.50765854,-0.49451658,0.49332066,0.50435195
0.36992032,-0.27139933,0.24737307,0.50766004,-0.49450971,0.49331888,0.50435891
0.3699064,-0.27123495,0.24737478,0.50766153,-0.49450284,0.49331711,0.50436588
0.36989241,-0.27107039,0.24737649,0.50766302,-0.49449597,0.49331535,0.50437284
0.36987837,-0.27090564,0.2473782,0.50766451,-0.49448909,0.49331359,0.50437981
0.36986428,-0.2707407,0.2473799,0.50766599,-0.49448221,0.49331183,0.50438678
0.36985013,-0.27057558,0.2473816,0.50766747,-0.49447534,0.49331008,0.50439375
0.36983593,-0.27041026,0.24738329,0.50766894,-0.49446846,0.49330834,0.50440071
0.36982168,-0.27024476,0.24738498,0.50767041,-0.49446157,0.49330659,0.50440768
0.36980737,-0.27007907,0.24738667,0.50767187,-0.49445469,0.49330486,0.50441466
0.36979301,-0.2699132,0.24738835,0.50767334,-0.49444781,0.49330313,0.50442163
0.36977859,-0.26974714,0.24739003,0.50767479,-0.49444092,0.4933014,0.5044286
0.36976412,-0.2695809,0.2473917,0.50767625,-0.49443403,0.49329968,0.50443557
0.3697496,-0.26941447,0.24739338,0.5076777,-0.49442714,0.49329796,0.50444255
0.36973502,-0.26924786,0.24739504,0.50767914,-0.49442025,0.49329625,0.50444952
0.36972039,-0.26908106,0.24739671,0.50768058,-0.49441336,0.49329454,0.5044565
0.36970571,-0.26891408,0.24739837,0.50768202,-0.49440646,0.49329284,0.50446347
0.36969097,-0.26874692,0.24740003,0.50768345,-0.49439957,0.49329114,0.50447045
0.36967618,-0.26857957,0.24740168,0.50768488,-0.49439267,0.49328944,0.50447743
0.36966133,-0.26841204,0.24740333,0.50768631,-0.49438577,0.49328776,0.5044844
0.36964644,-0.26824433,0.24740498,0.50768773,-0.49437887,0.49328607,0.50449138
0.36963149,-0.26807644,0.24740662,0.50768915,-0.49437197,0.49328439,0.50449836
0.36961649,-0.26790837,0.24740826,0.50769056,-0.49436506,0.49328272,0.50450534
0.36960143,-0.26774012,0.2474099,0.50769197,-0.49435816,0.49328105,0.50451232
0.36958633,-0.26757169,0.24741153,0.50769337,-0.49435125,0.49327938,0.50451931
0.36957117,-0.26740307,0.24741315,0.50769477,-0.49434434,0.49327772,0.50452629
0.36955596,-0.26723428,0.24741478,0.50769617,-0.49433743,0.49327607,0.50453327
0.36954069,-0.26706531,0.2474164,0.50769756,-0.49433052,0.49327442,0.50454025
0.36952538,-0.26689616,0.24741802,0.50769895,-0.49432361,0.49327277,0.50454724
0.36951001,-0.26672684,0.24741963,0.50770034,-0.4943167,0.49327113,0.50455422
0.36949459,-0.26655733,0.24742124,0.50770172,-0.49430978,0.4932695,0.50456121
0.36947912,-0.26638765,0.24742284,0.50770309,-0.49430286,0.49326786,0.5045682
0.36946359,-0.26621779,0.24742444,0.50770447,-0.49429594,0.49326624,0.50457518
0.36944802,-0.26604776,0.24742604,0.50770583,-0.49428902,0.49326462,0.50458217
0.36943239,-0.26587755,0.24742763,0.5077072,-0.4942821,0.493263,0.50458916
0.36941671,-0.26570717,0.24742922,0.50770856,-0.49427518,0.49326139,0.50459615
0.36940098,-0.26553661,0.24743081,0.50770992,-0.49426825,0.49325978,0.50460314
0.3693852,-0.26536587,0.24743239,0.50771127,-0.49426132,0.49325818,0.50461013
0.36936937,-0.26519496,0.24743397,0.50771262,-0.4942544,0.49325658,0.50461712
0.36935349,-0.26502388,0.24743554,0.50771396,-0.49424747,0.49325499,0.50462411
0.36933756,-0.26485263,0.24743711,0.5077153,-0.49424054,0.4932534,0.5046311
0.36932157,-0.2646812,0.24743867,0.50771664,-0.4942336,0.49325182,0.50463809
0.36930554,-0.2645096,0.24744024,0.50771797,-0.49422667,0.49325024,0.50464509
0.36928945,-0.26433782,0.24744179,0.5077193,-0.49421973,0.49324867,0.50465208
0.36927332,-0.26416588,0.24744335,0.50772062,-0.4942128,0.4932471,0.50465907
0.36925713,-0.26399377,0.2474449,0.50772194,-0.49420586,0.49324553,0.50466607
0.3692409,-0.26382148,0.24744644,0.50772326,-0.49419892,0.49324398,0.50467306
0.36922461,-0.26364902,0.24744799,0.50772457,-0.49419198,0.49324242,0.50468006
0.36920828,-0.2634764,0.24744952,0.50772588,-0.49418503,0.49324087,0.50468706
0.36919189,-0.2633036,0.24745106,0.50772718,-0.49417809,0.49323933,0.50469405
0.36917546,-0.26313064,0.24745259,0.50772848,-0.49417114,0.49323779,0.50470105
0.36915897,-0.2629575,0.24745411,0.50772978,-0.4941642,0.49323625,0.50470805
0.36914244,-0.2627842,0.24745563,0.50773107,-0.49415725,0.49323472,0.50471505
0.36912586,-0.26261073,0.24745715,0.50773236,-0.4941503,0.4932332,0.50472205
0.36910923,-0.2624371,0.24745867,0.50773364,-0.49414334,0.49323168,0.50472905
0.36909255,-0.26226329,0.24746017,0.50773492,-0.49413639,0.49323017,0.50473605
0.36907582,-0.26208932,0.24746168,0.5077362,-0.49412944,0.49322866,0.50474305
0.36905904,-0.26191519,0.24746318,0.50773747,-0.49412248,0.49322715,0.50475005
0.36904221,-0.26174089,0.24746468,0.50773874,-0.49411552,0.49322565,0.50475705
0.36902534,-0.26156642,0.24746617,0.50774001,-0.49410856,0.49322415,0.50476405
0.36900842,-0.26139179,0.24746766,0.50774127,-0.4941016,0.49322266,0.50477106
0.36899144,-0.26121699,0.24746914,0.50774252,-0.49409464,0.49322118,0.50477806
0.36897442,-0.26104203,0.24747062,0.50774377,-0.49408767,0.4932197,0.50478506
0.36895736,-0.2608669,0.2474721,0.50774502,-0.49408071,0.49321822,0.50479207
0.36894024,-0.26069162,0.24747357,0.50774627,-0.49407374,0.49321675,0.50479907
0.36892308,-0.26051617,0.24747504,0.50774751,-0.49406677,0.49321528,0.50480608
0.36890587,-0.26034055,0.2474765,0.50774874,-0.49405981,0.49321382,0.50481308
0.36888861,-0.26016478,0.24747796,0.50774997,-0.49405283,0.49321237,0.50482009
0.36887131,-0.25998884,0.24747942,0.5077512,-0.49404586,0.49321091,0.5048271
0.36885396,-0.25981275,0.24748087,0.50775243,-0.49403889,0.49320947,0.5048341
0.36883656,-0.25963649,0.24748232,0.50775365,-0.49403191,0.49320803,0.50484111
0.36881911,-0.25946007,0.24748376,0.50775486,-0.49402494,0.49320659,0.50484812
0.36880162,-0.25928349,0.2474852,0.50775607,-0.49401796,0.49320516,0.50485513
0.36878408,-0.25910675,0.24748663,0.50775728,-0.49401098,0.49320373,0.50486214
0.3687665,-0.25892986,0.24748806,0.50775849,-0.494004,0.49320231,0.50486914
0.36874887,-0.2587528,0.24748948,0.50775969,-0.49399701,0.49320089,0.50487615
0.36873119,-0.25857558,0.24749091,0.50776088,-0.49399003,0.49319948,0.50488316
0.36871346,-0.25839821,0.24749232,0.50776208,-0.49398304,0.49319807,0.50489017
0.3686957,-0.25822068,0.24749373,0.50776326,-0.49397606,0.49319667,0.50489719
0.36867788,-0.258043,0.24749514,0.50776445,-0.49396907,0.49319527,0.5049042
0.36866002,-0.25786515,0.24749655,0.50776563,-0.49396208,0.49319388,0.50491121
0.36864212,-0.25768715,0.24749795,0.5077668,-0.49395509,0.49319249,0.50491822
0.36862416,-0.25750899,0.24749934,0.50776798,-0.4939481,0.49319111,0.50492523
0.36860617,-0.25733068,0.24750073,0.50776915,-0.4939411,0.49318973,0.50493224
0.36858813,-0.25715222,0.24750212,0.50777031,-0.49393411,0.49318836,0.50493926
0.36857004,-0.25697359,0.2475035,0.50777147,-0.49392711,0.49318699,0.50494627
0.36855191,-0.25679482,0.24750488,0.50777263,-0.49392011,0.49318563,0.50495328
0.36853374,-0.25661589,0.24750625,0.50777378,-0.49391311,0.49318427,0.5049603
0.36851552,-0.2564368,0.24750762,0.50777493,-0.49390611,0.49318292,0.50496731
0.36849726,-0.25625757,0.24750898,0.50777607,-0.49389911,0.49318157,0.50497433
0.36847895,-0.25607818,0.24751034,0.50777721,-0.49389211,0.49318022,0.50498134
0.3684606,-0.25589864,0.2475117,0.50777835,-0.4938851,0.49317889,0.50498836
0.36844221,-0.25571894,0.24751305,0.50777948,-0.49387809,0.49317755,0.50499537
0.36842377,-0.2555391,0.2475144,0.50778061,-0.49387109,0.49317622,0.50500239
0.36840529,-0.2553591,0.24751574,0.50778174,-0.49386408,0.4931749,0.50500941
0.36838676,-0.25517895,0.24751708,0.50778286,-0.49385707,0.49317358,0.50501642
0.36836819,-0.25499865,0.24751841,0.50778397,-0.49385005,0.49317227,0.50502344
0.36834958,-0.2548182,0.24751974,0.50778509,-0.49384304,0.49317096,0.50503046
0.36833093,-0.25463761,0.24752106,0.5077862,-0.49383602,0.49316966,0.50503747
0.36831223,-0.25445686,0.24752238,0.5077873,-0.49382901,0.49316836,0.50504449
0.3682935,-0.25427596,0.2475237,0.5077884,-0.49382199,0.49316706,0.50505151
0.36827472,-0.25409492,0.24752501,0.5077895,-0.49381497,0.49316578,0.50505853
0.36825589,-0.25391372,0.24752631,0.50779059,-0.49380795,0.49316449,0.50506555
0.36823703,-0.25373238,0.24752762,0.50779168,-0.49380093,0.49316321,0.50507256
0.36821812,-0.25355089,0.24752891,0.50779277,-0.49379391,0.49316194,0.50507958
0.36819917,-0.25336926,0.24753021,0.50779385,-0.49378688,0.49316067,0.5050866
0.36818018,-0.25318748,0.24753149,0.50779493,-0.49377985,0.49315941,0.50509362
0.36816115,-0.25300555,0.24753278,0.507796,-0.49377283,0.49315815,0.50510064
0.36814208,-0.25282347,0.24753406,0.50779707,-0.4937658,0.49315689,0.50510766
0.36812297,-0.25264125,0.24753533,0.50779814,-0.49375877,0.49315564,0.50511468
0.36810381,-0.25245889,0.2475366,0.5077992,-0.49375174,0.4931544,0.5051217
0.36808462,-0.25227638,0.24753787,0.50780026,-0.4937447,0.49315316,0.50512872
0.36806538,-0.25209372,0.24753913,0.50780131,-0.49373767,0.49315193,0.50513574
0.36804611,-0.25191092,0.24754038,0.50780236,-0.49373063,0.4931507,0.50514277
0.36802679,-0.25172798,0.24754164,0.50780341,-0.4937236,0.49314947,0.50514979
0.36800744,-0.25154489,0.24754288,0.50780445,-0.49371656,0.49314825,0.50515681
0.36798804,-0.25136167,0.24754412,0.50780549,-0.49370952,0.49314704,0.50516383
0.36796861,-0.25117829,0.24754536,0.50780652,-0.49370248,0.49314583,0.50517085
0.36794913,-0.25099478,0.2475466,0.50780755,-0.49369544,0.49314462,0.50517787
0.36792962,-0.25081112,0.24754782,0.50780858,-0.49368839,0.49314343,0.5051849
0.36791007,-0.25062733,0.24754905,0.5078096,-0.49368135,0.49314223,0.50519192
0.36789047,-0.25044339,0.24755027,0.50781062,-0.4936743,0.49314104,0.50519894
0.36787084,-0.25025931,0.24755148,0.50781164,-0.49366725,0.49313986,0.50520596
0.36785117,-0.25007509,0.24755269,0.50781265,-0.4936602,0.49313868,0.50521299
0.36783146,-0.24989073,0.2475539,0.50781366,-0.49365315,0.4931375,0.50522001
0.36781172,-0.24970623,0.2475551,0.50781466,-0.4936461,0.49313633,0.50522703
0.36779193,-0.24952159,0.24755629,0.50781566,-0.49363905,0.49313517,0.50523406
0.36777211,-0.24933681,0.24755748,0.50781666,-0.49363199,0.49313401,0.50524108
0.36775225,-0.2491519,0.24755867,0.50781765,-0.49362494,0.49313286,0.5052481
0.36773235,-0.24896684,0.24755985,0.50781864,-0.49361788,0.49313171,0.50525513
0.36771242,-0.24878165,0.24756103,0.50781962,-0.49361082,0.49313056,0.50526215
0.36769244,-0.24859632,0.2475622,0.5078206,-0.49360376,0.49312942,0.50526917
0.36767243,-0.24841085,0.24756337,0.50782158,-0.4935967,0.49312829,0.5052762
0.36765238,-0.24822524,0.24756453,0.50782255,-0.49358964,0.49312716,0.50528322
0.3676323,-0.2480395,0.24756569,0.50782352,-0.49358257,0.49312603,0.50529025
0.36761218,-0.24785362,0.24756685,0.50782448,-0.49357551,0.49312491,0.50529727
0.36759202,-0.24766761,0.24756799,0.50782544,-0.49356844,0.4931238,0.5053043
0.36757183,-0.24748146,0.24756914,0.5078264,-0.49356138,0.49312269,0.50531132
0.3675516,-0.24729517,0.24757028,0.50782735,-0.49355431,0.49312158,0.50531834
0.36753133,-0.24710875,0.24757141,0.5078283,-0.49354724,0.49312048,0.50532537
0.36751103,-0.2469222,0.24757254,0.50782925,-0.49354016,0.49311939,0.50533239
0.3674907,-0.24673551,0.24757367,0.50783019,-0.49353309,0.4931183,0.50533942
0.36747032,-0.24654868,0.24757479,0.50783113,-0.49352602,0.49311722,0.50534644
0.36744992,-0.24636173,0.2475759,0.50783206,-0.49351894,0.49311614,0.50535347
0.36742947,-0.24617464,0.24757702,0.50783299,-0.49351186,0.49311506,0.50536049
0.36740899,-0.24598741,0.24757812,0.50783392,-0.49350479,0.49311399,0.50536752
0.36738848,-0.24580006,0.24757922,0.50783484,-0.49349771,0.49311293,0.50537454
0.36736794,-0.24561257,0.24758032,0.50783576,-0.49349063,0.49311187,0.50538157
0.36734735,-0.24542495,0.24758141,0.50783667,-0.49348354,0.49311081,0.50538859
0.36732674,-0.2452372,0.2475825,0.50783759,-0.49347646,0.49310976,0.50539562
0.36730609,-0.24504932,0.24758358,0.50783849,-0.49346938,0.49310872,0.50540264
0.3672854,-0.2448613,0.24758466,0.5078394,-0.49346229,0.49310768,0.50540967
0.36726469,-0.24467316,0.24758573,0.5078403,-0.4934552,0.49310665,0.50541669
0.36724394,-0.24448488,0.2475868,0.50784119,-0.49344811,0.49310562,0.50542372
0.36722315,-0.24429648,0.24758786,0.50784208,-0.49344102,0.49310459,0.50543074
0.36720234,-0.24410794,0.24758892,0.50784297,-0.49343393,0.49310357,0.50543777
0.36718148,-0.24391928,0.24758997,0.50784386,-0.49342684,0.49310256,0.50544479
0.3671606,-0.24373048,0.24759102,0.50784474,-0.49341975,0.49310155,0.50545182
0.36713969,-0.24354156,0.24759206,0.50784561,-0.49341265,0.49310054,0.50545884
0.36711874,-0.24335251,0.2475931,0.50784649,-0.49340556,0.49309954,0.50546587
0.36709776,-0.24316333,0.24759414,0.50784736,-0.49339846,0.49309855,0.50547289
0.36707674,-0.24297403,0.24759517,0.50784822,-0.49339136,0.49309756,0.50547992
0.3670557,-0.24278459,0.24759619,0.50784908,-0.49338426,0.49309658,0.50548694
0.36703462,-0.24259503,0.24759721,0.50784994,-0.49337716,0.4930956,0.50549397
0.36701352,-0.24240534,0.24759822,0.50785079,-0.49337006,0.49309462,0.50550099
0.36699238,-0.24221552,0.24759923,0.50785165,-0.49336295,0.49309365,0.50550801
0.36697121,-0.24202558,0.24760024,0.50785249,-0.49335585,0.49309269,0.50551504
0.36695,-0.24183551,0.24760124,0.50785333,-0.49334874,0.49309173,0.50552206
0.36692877,-0.24164532,0.24760223,0.50785417,-0.49334163,0.49309077,0.50552909
0.36690751,-0.241455,0.24760322,0.50785501,-0.49333453,0.49308983,0.50553611
0.36688622,-0.24126456,0.24760421,0.50785584,-0.49332742,0.49308888,0.50554314
0.36686489,-0.24107399,0.24760519,0.50785667,-0.4933203,0.49308794,0.50555016
0.36684354,-0.24088329,0.24760617,0.50785749,-0.49331319,0.49308701,0.50555718
0.36682215,-0.24069248,0.24760714,0.50785831,-0.49330608,0.49308608,0.50556421
0.36680074,-0.24050153,0.2476081,0.50785913,-0.49329896,0.49308515,0.50557123
0.3667793,-0.24031047,0.24760906,0.50785994,-0.49329185,0.49308423,0.50557825
0.36675782,-0.24011928,0.24761002,0.50786075,-0.49328473,0.49308332,0.50558528
0.36673632,-0.23992796,0.24761097,0.50786156,-0.49327761,0.49308241,0.5055923
0.36671479,-0.23973653,0.24761192,0.50786236,-0.49327049,0.49308151,0.50559932
0.36669323,-0.23954497,0.24761286,0.50786315,-0.49326337,0.49308061,0.50560635
0.36667164,-0.23935329,0.2476138,0.50786395,-0.49325625,0.49307971,0.50561337
0.36665002,-0.23916149,0.24761473,0.50786474,-0.49324912,0.49307882,0.50562039
0.36662837,-0.23896956,0.24761565,0.50786553,-0.493242,0.49307794,0.50562742
0.3666067,-0.23877752,0.24761658,0.50786631,-0.49323487,0.49307706,0.50563444
0.366585,-0.23858535,0.24761749,0.50786709,-0.49322774,0.49307619,0.50564146
0.36656327,-0.23839306,0.2476184,0.50786786,-0.49322062,0.49307532,0.50564848
0.36654151,-0.23820065,0.24761931,0.50786863,-0.49321349,0.49307445,0.5056555
0.36651972,-0.23800812,0.24762021,0.5078694,-0.49320636,0.4930736,0.50566253
0.36649791,-0.23781547,0.24762111,0.50787017,-0.49319922,0.49307274,0.50566955
0.36647607,-0.2376227,0.247622,0.50787093,-0.49319209,0.49307189,0.50567657
0.3664542,-0.23742981,0.24762289,0.50787168,-0.49318495,0.49307105,0.50568359
0.36643231,-0.2372368,0.24762377,0.50787244,-0.49317782,0.49307021,0.50569061
0.36641039,-0.23704368,0.24762465,0.50787319,-0.49317068,0.49306938,0.50569763
0.36638844,-0.23685043,0.24762552,0.50787393,-0.49316354,0.49306855,0.50570465
0.36636647,-0.23665706,0.24762639,0.50787468,-0.4931564,0.49306772,0.50571167
0.36634447,-0.23646358,0.24762725,0.50787541,-0.49314926,0.49306691,0.50571869
0.36632245,-0.23626998,0.24762811,0.50787615,-0.49314212,0.49306609,0.50572571
0.3663004,-0.23607626,0.24762896,0.50787688,-0.49313498,0.49306528,0.50573273
0.36627832,-0.23588242,0.24762981,0.50787761,-0.49312783,0.49306448,0.50573975
0.36625622,-0.23568847,0.24763066,0.50787833,-0.49312069,0.49306368,0.50574677
0.36623409,-0.23549439,0.24763149,0.50787905,-0.49311354,0.49306289,0.50575379
0.36621194,-0.23530021,0.24763233,0.50787977,-0.49310639,0.4930621,0.50576081
0.36618976,-0.2351059,0.24763316,0.50788048,-0.49309924,0.49306131,0.50576783
0.36616756,-0.23491148,0.24763398,0.50788119,-0.49309209,0.49306054,0.50577484
0.36614533,-0.23471694,0.2476348,0.50788189,-0.49308494,0.49305976,0.50578186
0.36612308,-0.23452229,0.24763561,0.5078826,-0.49307779,0.49305899,0.50578888
0.36610081,-0.23432752,0.24763642,0.50788329,-0.49307064,0.49305823,0.5057959
0.36607851,-0.23413264,0.24763722,0.50788399,-0.49306348,0.49305747,0.50580291
0.36605619,-0.23393764,0.24763802,0.50788468,-0.49305633,0.49305672,0.50580993
0.36603384,-0.23374252,0.24763881,0.50788537,-0.49304917,0.49305597,0.50581695
0.36601147,-0.23354729,0.2476396,0.50788605,-0.49304201,0.49305523,0.50582396
0.36598908,-0.23335195,0.24764039,0.50788673,-0.49303485,0.49305449,0.50583098
0.36596666,-0.23315649,0.24764117,0.50788741,-0.49302769,0.49305375,0.50583799
0.36594422,-0.23296092,0.24764194,0.50788808,-0.49302053,0.49305303,0.50584501
0.36592176,-0.23276523,0.24764271,0.50788875,-0.49301336,0.4930523,0.50585202
0.36589928,-0.23256943,0.24764347,0.50788941,-0.4930062,0.49305158,0.50585904
0.36587677,-0.23237352,0.24764423,0.50789008,-0.49299903,0.49305087,0.50586605
0.36585424,-0.2321775,0.24764499,0.50789073,-0.49299187,0.49305016,0.50587306
0.36583169,-0.23198136,0.24764573,0.50789139,-0.4929847,0.49304946,0.50588008
0.36580912,-0.23178511,0.24764648,0.50789204,-0.49297753,0.49304876,0.50588709
0.36578652,-0.23158874,0.24764722,0.50789269,-0.49297036,0.49304807,0.5058941
0.36576391,-0.23139227,0.24764795,0.50789333,-0.49296319,0.49304738,0.50590112
0.36574127,-0.23119568,0.24764868,0.50789397,-0.49295602,0.4930467,0.50590813
0.36571861,-0.23099898,0.24764941,0.50789461,-0.49294884,0.49304602,0.50591514
0.36569593,-0.23080217,0.24765013,0.50789524,-0.49294167,0.49304534,0.50592215
0.36567323,-0.23060524,0.24765084,0.50789587,-0.49293449,0.49304468,0.50592916
0.36565051,-0.23040821,0.24765155,0.5078965,-0.49292732,0.49304401,0.50593617
0.36562777,-0.23021107,0.24765225,0.50789712,-0.49292014,0.49304336,0.50594318
0.36560501,-0.23001381,0.24765295,0.50789774,-0.49291296,0.4930427,0.50595019
0.36558222,-0.22981644,0.24765365,0.50789835,-0.49290578,0.49304205,0.5059572
0.36555942,-0.22961897,0.24765434,0.50789897,-0.4928986,0.49304141,0.50596421
0.3655366,-0.22942138,0.24765502,0.50789957,-0.49289141,0.49304077,0.50597122
0.36551376,-0.22922368,0.2476557,0.50790018,-0.49288423,0.49304014,0.50597823
0.3654909,-0.22902588,0.24765638,0.50790078,-0.49287705,0.49303951,0.50598523
0.36546801,-0.22882796,0.24765705,0.50790138,-0.49286986,0.49303889,0.50599224
0.36544511,-0.22862994,0.24765771,0.50790197,-0.49286267,0.49303827,0.50599925
0.3654222,-0.2284318,0.24765837,0.50790256,-0.49285548,0.49303766,0.50600625
0.36539926,-0.22823356,0.24765903,0.50790315,-0.49284829,0.49303705,0.50601326
0.3653763,-0.22803521,0.24765968,0.50790373,-0.4928411,0.49303645,0.50602026
0.36535333,-0.22783675,0.24766033,0.50790431,-0.49283391,0.49303585,0.50602727
0.36533033,-0.22763818,0.24766097,0.50790489,-0.49282672,0.49303526,0.50603427
0.36530732,-0.2274395,0.2476616,0.50790546,-0.49281953,0.49303467,0.50604128
0.36528429,-0.22724071,0.24766223,0.50790603,-0.49281233,0.49303408,0.50604828
0.36526124,-0.22704182,0.24766286,0.5079066,-0.49280513,0.49303351,0.50605528
0.36523818,-0.22684282,0.24766348,0.50790716,-0.49279794,0.49303293,0.50606229
0.3652151,-0.22664371,0.2476641,0.50790772,-0.49279074,0.49303237,0.50606929
0.365192,-0.2264445,0.24766471,0.50790827,-0.49278354,0.4930318,0.50607629
0.36516888,-0.22624517,0.24766531,0.50790882,-0.49277634,0.49303124,0.50608329
0.36514575,-0.22604574,0.24766591,0.50790937,-0.49276914,0.49303069,0.50609029
0.36512259,-0.22584621,0.24766651,0.50790992,-0.49276194,0.49303014,0.50609729
0.36509943,-0.22564656,0.2476671,0.50791046,-0.49275473,0.4930296,0.50610429
0.36507624,-0.22544681,0.24766769,0.507911,-0.49274753,0.49302906,0.50611129
0.36505304,-0.22524696,0.24766827,0.50791153,-0.49274032,0.49302853,0.50611829
0.36502983,-0.225047,0.24766885,0.50791206,-0.49273311,0.493028,0.50612529
0.36500659,-0.22484693,0.24766942,0.50791259,-0.49272591,0.49302748,0.50613228
0.36498334,-0.22464675,0.24766999,0.50791311,-0.4927187,0.49302696,0.50613928
0.36496008,-0.22444647,0.24767055,0.50791363,-0.49271149,0.49302645,0.50614628
0.3649368,-0.22424609,0.24767111,0.50791415,-0.49270427,0.49302594,0.50615327
0.3649135,-0.2240456,0.24767166,0.50791466,-0.49269706,0.49302544,0.50616027
0.36489019,-0.223845,0.2476722,0.50791517,-0.49268985,0.49302494,0.50616726
0.36486687,-0.2236443,0.24767275,0.50791568,-0.49268263,0.49302444,0.50617426
0.36484353,-0.2234435,0.24767329,0.50791618,-0.49267542,0.49302396,0.50618125
0.36482017,-0.22324259,0.24767382,0.50791668,-0.4926682,0.49302347,0.50618824
0.3647968,-0.22304157,0.24767435,0.50791718,-0.49266098,0.493023,0.50619524
0.36477342,-0.22284046,0.24767487,0.50791767,-0.49265377,0.49302252,0.50620223
0.36475002,-0.22263923,0.24767539,0.50791816,-0.49264655,0.49302205,0.50620922
0.36472661,-0.22243791,0.2476759,0.50791865,-0.49263933,0.49302159,0.50621621
0.36470318,-0.22223648,0.24767641,0.50791913,-0.4926321,0.49302113,0.5062232
0.36467974,-0.22203494,0.24767691,0.50791961,-0.49262488,0.49302068,0.50623019
0.36465629,-0.2218333,0.24767741,0.50792009,-0.49261766,0.49302023,0.50623718
0.36463282,-0.22163156,0.24767791,0.50792056,-0.49261043,0.49301979,0.50624417
0.36460934,-0.22142972,0.2476784,0.50792103,-0.4926032,0.49301935,0.50625115
0.36458584,-0.22122777,0.24767888,0.50792149,-0.49259598,0.49301892,0.50625814
0.36456234,-0.22102572,0.24767936,0.50792196,-0.49258875,0.49301849,0.50626513
0.36453882,-0.22082356,0.24767983,0.50792242,-0.49258152,0.49301807,0.50627211
0.36451528,-0.22062131,0.2476803,0.50792287,-0.49257429,0.49301765,0.5062791
0.36449174,-0.22041895,0.24768077,0.50792332,-0.49256706,0.49301723,0.50628608
0.36446818,-0.22021648,0.24768123,0.50792377,-0.49255983,0.49301683,0.50629307
0.36444461,-0.22001392,0.24768168,0.50792422,-0.49255259,0.49301642,0.50630005
0.36442103,-0.21981125,0.24768214,0.50792466,-0.49254536,0.49301602,0.50630703
0.36439743,-0.21960848,0.24768258,0.5079251,-0.49253812,0.49301563,0.50631401
0.36437383,-0.21940561,0.24768302,0.50792553,-0.49253089,0.49301524,0.50632099
0.36435021,-0.21920264,0.24768346,0.50792597,-0.49252365,0.49301486,0.50632797
0.36432658,-0.21899957,0.24768389,0.50792639,-0.49251641,0.49301448,0.50633495
0.36430294,-0.21879639,0.24768432,0.50792682,-0.49250917,0.49301411,0.50634193
0.36427929,-0.21859311,0.24768474,0.50792724,-0.49250193,0.49301374,0.50634891
0.36425563,-0.21838973,0.24768516,0.50792766,-0.49249469,0.49301337,0.50635589
0.36423195,-0.21818625,0.24768557,0.50792808,-0.49248745,0.49301302,0.50636287
0.36420827,-0.21798267,0.24768598,0.50792849,-0.4924802,0.49301266,0.50636984
0.36418458,-0.21777899,0.24768638,0.5079289,-0.49247296,0.49301231,0.50637682
0.36416087,-0.21757521,0.24768678,0.5079293,-0.49246571,0.49301197,0.50638379
0.36413715,-0.21737132,0.24768717,0.5079297,-0.49245847,0.49301163,0.50639077
0.36411343,-0.21716734,0.24768756,0.5079301,-0.49245122,0.4930113,0.50639774
0.36408969,-0.21696325,0.24768794,0.5079305,-0.49244397,0.49301097,0.50640471
0.36406595,-0.21675907,0.24768832,0.50793089,-0.49243672,0.49301064,0.50641168
0.36404219,-0.21655478,0.2476887,0.50793128,-0.49242947,0.49301033,0.50641865
0.36401843,-0.21635039,0.24768907,0.50793166,-0.49242222,0.49301001,0.50642562
0.36399465,-0.21614591,0.24768943,0.50793205,-0.49241497,0.4930097,0.50643259
0.36397087,-0.21594132,0.24768979,0.50793242,-0.49240771,0.4930094,0.50643956
0.36394708,-0.21573664,0.24769015,0.5079328,-0.49240046,0.4930091,0.50644653
0.36392327,-0.21553185,0.2476905,0.50793317,-0.4923932,0.4930088,0.5064535
0.36389946,-0.21532696,0.24769085,0.50793354,-0.49238595,0.49300852,0.50646046
0.36387564,-0.21512198,0.24769119,0.50793391,-0.49237869,0.49300823,0.50646743
0.36385182,-0.21491689,0.24769152,0.50793427,-0.49237143,0.49300795,0.50647439
0.36382798,-0.21471171,0.24769186,0.50793463,-0.49236417,0.49300768,0.50648136
0.36380413,-0.21450642,0.24769218,0.50793499,-0.49235691,0.49300741,0.50648832
0.36378028,-0.21430104,0.24769251,0.50793534,-0.49234965,0.49300714,0.50649528
0.36375642,-0.21409556,0.24769283,0.50793569,-0.49234239,0.49300688,0.50650225
0.36373255,-0.21388998,0.24769314,0.50793603,-0.49233512,0.49300663,0.50650921
0.36370867,-0.2136843,0.24769345,0.50793638,-0.49232786,0.49300638,0.50651617
0.36368479,-0.21347852,0.24769375,0.50793672,-0.49232059,0.49300613,0.50652313
0.3636609,-0.21327264,0.24769405,0.50793705,-0.49231333,0.49300589,0.50653008
0.363637,-0.21306667,0.24769435,0.50793739,-0.49230606,0.49300566,0.50653704
0.36361309,-0.21286059,0.24769464,0.50793772,-0.49229879,0.49300543,0.506544
0.36358918,-0.21265442,0.24769493,0.50793804,-0.49229152,0.4930052,0.50655095
0.36356526,-0.21244815,0.24769521,0.50793837,-0.49228425,0.49300498,0.50655791
0.36354133,-0.21224178,0.24769548,0.50793869,-0.49227698,0.49300477,0.50656486
0.3635174,-0.21203531,0.24769576,0.50793901,-0.49226971,0.49300456,0.50657182
0.36349346,-0.21182874,0.24769602,0.50793932,-0.49226244,0.49300435,0.50657877
0.36346951,-0.21162208,0.24769629,0.50793963,-0.49225516,0.49300415,0.50658572
0.36344556,-0.21141531,0.24769655,0.50793994,-0.49224789,0.49300396,0.50659267
0.3634216,-0.21120845,0.2476968,0.50794024,-0.49224061,0.49300376,0.50659962
0.36339763,-0.21100149,0.24769705,0.50794055,-0.49223334,0.49300358,0.50660657
0.36337366,-0.21079444,0.2476973,0.50794084,-0.49222606,0.4930034,0.50661352
0.36334968,-0.21058728,0.24769754,0.50794114,-0.49221878,0.49300322,0.50662046
0.3633257,-0.21038003,0.24769777,0.50794143,-0.4922115,0.49300305,0.50662741
0.36330171,-0.21017268,0.247698,0.50794172,-0.49220422,0.49300288,0.50663435
0.36327772,-0.20996524,0.24769823,0.507942,-0.49219694,0.49300272,0.5066413
0.36325372,-0.20975769,0.24769845,0.50794229,-0.49218966,0.49300257,0.50664824
0.36322972,-0.20955005,0.24769867,0.50794257,-0.49218238,0.49300242,0.50665518
0.36320571,-0.20934231,0.24769888,0.50794284,-0.49217509,0.49300227,0.50666213
0.36318169,-0.20913448,0.24769909,0.50794312,-0.49216781,0.49300213,0.50666907
0.36315768,-0.20892654,0.2476993,0.50794339,-0.49216052,0.49300199,0.50667601
0.36313365,-0.20871851,0.2476995,0.50794365,-0.49215324,0.49300186,0.50668294
0.36310962,-0.20851039,0.24769969,0.50794392,-0.49214595,0.49300173,0.50668988
0.36308559,-0.20830216,0.24769989,0.50794418,-0.49213866,0.49300161,0.50669682
0.36306156,-0.20809384,0.24770007,0.50794443,-0.49213137,0.49300149,0.50670375
0.36303752,-0.20788542,0.24770026,0.50794469,-0.49212408,0.49300138,0.50671069
0.36301347,-0.20767691,0.24770043,0.50794494,-0.49211679,0.49300127,0.50671762
0.36298942,-0.2074683,0.24770061,0.50794519,-0.4921095,0.49300117,0.50672456
0.36296537,-0.20725959,0.24770078,0.50794543,-0.49210221,0.49300107,0.50673149
0.36294132,-0.20705079,0.24770094,0.50794568,-0.49209491,0.49300098,0.50673842
0.36291726,-0.20684189,0.2477011,0.50794591,-0.49208762,0.49300089,0.50674535
0.3628932,-0.20663289,0.24770126,0.50794615,-0.49208032,0.49300081,0.50675228
0.36286913,-0.2064238,0.24770141,0.50794638,-0.49207303,0.49300073,0.5067592
0.36284506,-0.20621461,0.24770156,0.50794661,-0.49206573,0.49300066,0.50676613
0.36282099,-0.20600532,0.2477017,0.50794684,-0.49205843,0.49300059,0.50677306
0.36279692,-0.20579594,0.24770184,0.50794706,-0.49205113,0.49300052,0.50677998
0.36277284,-0.20558646,0.24770197,0.50794728,-0.49204383,0.49300046,0.5067869
0.36274876,-0.20537688,0.2477021,0.5079475,-0.49203653,0.49300041,0.50679383
0.36272468,-0.20516721,0.24770223,0.50794771,-0.49202923,0.49300036,0.50680075
0.36270059,-0.20495744,0.24770235,0.50794793,-0.49202193,0.49300032,0.50680767
0.36267651,-0.20474758,0.24770247,0.50794813,-0.49201462,0.49300028,0.50681459
0.36265242,-0.20453762,0.24770258,0.50794834,-0.49200732,0.49300024,0.50682151
0.36262832,-0.20432757,0.24770269,0.50794854,-0.49200002,0.49300021,0.50682843
0.36260423,-0.20411742,0.2477028,0.50794874,-0.49199271,0.49300019,0.50683534
0.36258014,-0.20390717,0.2477029,0.50794894,-0.4919854,0.49300017,0.50684226
0.36255604,-0.20369683,0.24770299,0.50794913,-0.4919781,0.49300015,0.50684917
0.36253194,-0.20348639,0.24770309,0.50794932,-0.49197079,0.49300014,0.50685608
0.36250784,-0.20327585,0.24770317,0.50794951,-0.49196348,0.49300014,0.506863
0.36248374,-0.20306522,0.24770326,0.50794969,-0.49195617,0.49300014,0.50686991
0.36245964,-0.2028545,0.24770334,0.50794987,-0.49194886,0.49300014,0.50687682
0.36243553,-0.20264368,0.24770341,0.50795005,-0.49194155,0.49300015,0.50688373
0.36241143,-0.20243276,0.24770348,0.50795023,-0.49193423,0.49300017,0.50689063
0.36238732,-0.20222175,0.24770355,0.5079504,-0.49192692,0.49300018,0.50689754
0.36236321,-0.20201064,0.24770361,0.50795057,-0.49191961,0.49300021,0.50690444
0.36233911,-0.20179944,0.24770367,0.50795073,-0.49191229,0.49300024,0.50691135
0.362315,-0.20158814,0.24770373,0.5079509,-0.49190498,0.49300027,0.50691825
0.36229089,-0.20137675,0.24770378,0.50795106,-0.49189766,0.49300031,0.50692515
0.36226678,-0.20116526,0.24770382,0.50795122,-0.49189034,0.49300035,0.50693205
0.36224267,-0.20095368,0.24770386,0.50795137,-0.49188303,0.4930004,0.50693895
0.36221856,-0.200742,0.2477039,0.50795152,-0.49187571,0.49300045,0.50694585
0.36219445,-0.20053022,0.24770394,0.50795167,-0.49186839,0.49300051,0.50695275
0.36217034,-0.20031835,0.24770397,0.50795182,-0.49186107,0.49300057,0.50695965
0.36214623,-0.20010639,0.24770399,0.50795196,-0.49185375,0.49300064,0.50696654
0.36212212,-0.19989433,0.24770401,0.5079521,-0.49184642,0.49300071,0.50697344
0.36209801,-0.19968217,0.24770403,0.50795223,-0.4918391,0.49300078,0.50698033
0.3620739,-0.19946992,0.24770405,0.50795237,-0.49183178,0.49300087,0.50698722
0.3620498,-0.19925758,0.24770406,0.5079525,-0.49182445,0.49300095,0.50699411
0.36202569,-0.19904514,0.24770406,0.50795263,-0.49181713,0.49300104,0.507001
0.36200158,-0.1988326,0.24770406,0.50795275,-0.4918098,0.49300114,0.50700789
0.36197748,-0.19861997,0.24770406,0.50795288,-0.49180247,0.49300124,0.50701477
0.36195337,-0.19840725,0.24770406,0.50795299,-0.49179515,0.49300134,0.50702166
0.36192927,-0.19819443,0.24770405,0.50795311,-0.49178782,0.49300145,0.50702854
0.36190516,-0.19798151,0.24770403,0.50795323,-0.49178049,0.49300157,0.50703543
0.36188106,-0.1977685,0.24770402,0.50795334,-0.49177316,0.49300169,0.50704231
0.36185696,-0.1975554,0.24770399,0.50795344,-0.49176583,0.49300181,0.50704919
0.36183286,-0.1973422,0.24770397,0.50795355,-0.4917585,0.49300194,0.50705607
0.36180877,-0.1971289,0.24770394,0.50795365,-0.49175117,0.49300208,0.50706295
0.36178467,-0.19691551,0.24770391,0.50795375,-0.49174383,0.49300222,0.50706982
0.36176058,-0.19670203,0.24770387,0.50795385,-0.4917365,0.49300236,0.5070767
0.36173649,-0.19648845,0.24770383,0.50795394,-0.49172916,0.49300251,0.50708357
0.3617124,-0.19627478,0.24770378,0.50795403,-0.49172183,0.49300266,0.50709045
0.36168831,-0.19606101,0.24770374,0.50795412,-0.49171449,0.49300282,0.50709732
0.36166422,-0.19584715,0.24770368,0.5079542,-0.49170716,0.49300298,0.50710419
0.36164014,-0.19563319,0.24770363,0.50795429,-0.49169982,0.49300315,0.50711106
0.36161606,-0.19541914,0.24770357,0.50795437,-0.49169248,0.49300332,0.50711793
0.36159198,-0.19520499,0.2477035,0.50795444,-0.49168514,0.4930035,0.50712479
0.3615679,-0.19499075,0.24770344,0.50795452,-0.4916778,0.49300368,0.50713166
0.36154383,-0.19477642,0.24770336,0.50795459,-0.49167046,0.49300387,0.50713852
0.36151975,-0.19456199,0.24770329,0.50795466,-0.49166312,0.49300406,0.50714538
0.36149569,-0.19434746,0.24770321,0.50795472,-0.49165578,0.49300425,0.50715225
0.36147162,-0.19413284,0.24770313,0.50795478,-0.49164844,0.49300445,0.50715911
0.36144756,-0.19391813,0.24770304,0.50795484,-0.4916411,0.49300466,0.50716596
0.3614235,-0.19370332,0.24770295,0.5079549,-0.49163375,0.49300487,0.50717282
0.36139944,-0.19348842,0.24770286,0.50795496,-0.49162641,0.49300508,0.50717968
0.36137539,-0.19327342,0.24770276,0.50795501,-0.49161906,0.4930053,0.50718653
0.36135134,-0.19305833,0.24770266,0.50795506,-0.49161172,0.49300553,0.50719339
0.36132729,-0.19284314,0.24770256,0.5079551,-0.49160437,0.49300576,0.50720024
0.36130325,-0.19262786,0.24770245,0.50795515,-0.49159702,0.49300599,0.50720709
0.36127921,-0.19241249,0.24770234,0.50795519,-0.49158967,0.49300623,0.50721394
0.36125517,-0.19219702,0.24770222,0.50795522,-0.49158233,0.49300647,0.50722079
0.36123114,-0.19198145,0.2477021,0.50795526,-0.49157498,0.49300672,0.50722763
0.36120711,-0.1917658,0.24770198,0.50795529,-0.49156763,0.49300697,0.50723448
0.36118309,-0.19155004,0.24770186,0.50795532,-0.49156027,0.49300723,0.50724132
0.36115907,-0.1913342,0.24770173,0.50795535,-0.49155292,0.49300749,0.50724816
0.36113505,-0.19111826,0.24770159,0.50795537,-0.49154557,0.49300776,0.50725501
0.36111104,-0.19090222,0.24770146,0.50795539,-0.49153822,0.49300803,0.50726185
0.36108703,-0.19068609,0.24770132,0.50795541,-0.49153087,0.49300831,0.50726868
0.36106303,-0.19046987,0.24770118,0.50795543,-0.49152351,0.49300859,0.50727552
0.36103903,-0.19025355,0.24770103,0.50795544,-0.49151616,0.49300887,0.50728236
0.36101503,-0.19003714,0.24770088,0.50795545,-0.4915088,0.49300916,0.50728919
0.36099104,-0.18982063,0.24770072,0.50795546,-0.49150144,0.49300946,0.50729602
0.36096706,-0.18960403,0.24770057,0.50795547,-0.49149409,0.49300976,0.50730285
0.36094308,-0.18938733,0.24770041,0.50795547,-0.49148673,0.49301006,0.50730968
0.3609191,-0.18917054,0.24770024,0.50795547,-0.49147937,0.49301037,0.50731651
0.36089513,-0.18895366,0.24770008,0.50795547,-0.49147201,0.49301068,0.50732334
0.36087117,-0.18873668,0.24769991,0.50795546,-0.49146465,0.493011,0.50733016
0.36084721,-0.18851961,0.24769973,0.50795545,-0.49145729,0.49301133,0.50733699
0.36082325,-0.18830244,0.24769955,0.50795544,-0.49144993,0.49301165,0.50734381
0.3607993,-0.18808518,0.24769937,0.50795543,-0.49144257,0.49301199,0.50735063
0.36077536,-0.18786783,0.24769919,0.50795541,-0.49143521,0.49301232,0.50735745
0.36075142,-0.18765038,0.247699,0.50795539,-0.49142785,0.49301266,0.50736427
0.36072748,-0.18743283,0.24769881,0.50795537,-0.49142048,0.49301301,0.50737108
0.36070356,-0.1872152,0.24769862,0.50795535,-0.49141312,0.49301336,0.5073779
0.36067963,-0.18699746,0.24769842,0.50795532,-0.49140576,0.49301372,0.50738471
0.36065572,-0.18677964,0.24769822,0.50795529,-0.49139839,0.49301408,0.50739153
0.3606318,-0.18656172,0.24769802,0.50795526,-0.49139103,0.49301444,0.50739834
0.3606079,-0.1863437,0.24769781,0.50795523,-0.49138366,0.49301481,0.50740515
0.360584,-0.1861256,0.2476976,0.50795519,-0.49137629,0.49301519,0.50741195
0.36056011,-0.18590739,0.24769739,0.50795515,-0.49136892,0.49301556,0.50741876
0.36053622,-0.1856891,0.24769717,0.50795511,-0.49136156,0.49301595,0.50742556
0.36051234,-0.18547071,0.24769695,0.50795507,-0.49135419,0.49301634,0.50743237
0.36048846,-0.18525222,0.24769673,0.50795502,-0.49134682,0.49301673,0.50743917
0.3604646,-0.18503364,0.24769651,0.50795497,-0.49133945,0.49301713,0.50744597
0.36044073,-0.18481497,0.24769628,0.50795492,-0.49133208,0.49301753,0.50745277
0.36041688,-0.1845962,0.24769605,0.50795486,-0.49132471,0.49301793,0.50745956
0.36039303,-0.18437734,0.24769581,0.5079548,-0.49131734,0.49301835,0.50746636
0.36036919,-0.18415839,0.24769557,0.50795474,-0.49130996,0.49301876,0.50747315
0.36034535,-0.18393934,0.24769533,0.50795468,-0.49130259,0.49301918,0.50747994
0.36032152,-0.18372019,0.24769509,0.50795462,-0.49129522,0.49301961,0.50748673
0.3602977,-0.18350096,0.24769484,0.50795455,-0.49128784,0.49302004,0.50749352
0.36027389,-0.18328162,0.24769459,0.50795448,-0.49128047,0.49302047,0.50750031
0.36025008,-0.1830622,0.24769434,0.50795441,-0.49127309,0.49302091,0.50750709
0.36022628,-0.18284268,0.24769408,0.50795433,-0.49126572,0.49302135,0.50751388
0.36020248,-0.18262307,0.24769382,0.50795425,-0.49125834,0.4930218,0.50752066
0.3601787,-0.18240336,0.24769356,0.50795417,-0.49125097,0.49302225,0.50752744
0.36015492,-0.18218356,0.2476933,0.50795409,-0.49124359,0.49302271,0.50753422
0.36013115,-0.18196366,0.24769303,0.507954,-0.49123621,0.49302317,0.507541
0.36010738,-0.18174367,0.24769276,0.50795392,-0.49122883,0.49302364,0.50754777
0.36008362,-0.18152359,0.24769249,0.50795383,-0.49122145,0.49302411,0.50755455
0.36005987,-0.18130341,0.24769221,0.50795373,-0.49121407,0.49302459,0.50756132
0.36003613,-0.18108314,0.24769193,0.50795364,-0.49120669,0.49302507,0.50756809
0.3600124,-0.18086277,0.24769165,0.50795354,-0.49119931,0.49302555,0.50757486
0.35998867,-0.18064232,0.24769137,0.50795344,-0.49119193,0.49302604,0.50758163
0.35996495,-0.18042176,0.24769108,0.50795334,-0.49118455,0.49302653,0.5075884
0.35994124,-0.18020111,0.24769079,0.50795323,-0.49117717,0.49302703,0.50759516
0.35991754,-0.17998037,0.24769049,0.50795313,-0.49116979,0.49302754,0.50760192
0.35989385,-0.17975954,0.2476902,0.50795302,-0.4911624,0.49302804,0.50760868
0.35987016,-0.17953861,0.2476899,0.5079529,-0.49115502,0.49302856,0.50761544
0.35984648,-0.17931759,0.2476896,0.50795279,-0.49114763,0.49302907,0.5076222
0.35982281,-0.17909647,0.2476893,0.50795267,-0.49114025,0.49302959,0.50762896
0.35979915,-0.17887526,0.24768899,0.50795255,-0.49113286,0.49303012,0.50763571
0.35977549,-0.17865396,0.24768868,0.50795243,-0.49112548,0.49303065,0.50764246
0.35975185,-0.17843256,0.24768837,0.50795231,-0.49111809,0.49303118,0.50764921
0.35972821,-0.17821107,0.24768805,0.50795218,-0.49111071,0.49303172,0.50765596
0.35970458,-0.17798948,0.24768774,0.50795205,-0.49110332,0.49303227,0.50766271
0.35968097,-0.1777678,0.24768742,0.50795192,-0.49109593,0.49303282,0.50766946
0.35965735,-0.17754603,0.24768709,0.50795178,-0.49108854,0.49303337,0.5076762
0.35963375,-0.17732416,0.24768677,0.50795165,-0.49108116,0.49303393,0.50768294
0.35961016,-0.1771022,0.24768644,0.50795151,-0.49107377,0.49303449,0.50768968
0.35958657,-0.17688014,0.24768611,0.50795137,-0.49106638,0.49303505,0.50769642
0.359563,-0.17665799,0.24768578,0.50795122,-0.49105899,0.49303562,0.50770316
0.35953943,-0.17643575,0.24768544,0.50795108,-0.4910516,0.4930362,0.50770989
0.35951588,-0.17621342,0.24768511,0.50795093,-0.49104421,0.49303678,0.50771663
0.35949233,-0.17599099,0.24768477,0.50795078,-0.49103681,0.49303736,0.50772336
0.35946879,-0.17576846,0.24768442,0.50795063,-0.49102942,0.49303795,0.50773009
0.35944526,-0.17554584,0.24768408,0.50795047,-0.49102203,0.49303855,0.50773682
0.35942174,-0.17532313,0.24768373,0.50795031,-0.49101464,0.49303914,0.50774354
0.35939823,-0.17510033,0.24768338,0.50795015,-0.49100724,0.49303975,0.50775027
0.35937472,-0.17487743,0.24768303,0.50794999,-0.49099985,0.49304035,0.50775699
0.35935123,-0.17465444,0.24768267,0.50794983,-0.49099246,0.49304097,0.50776371
0.35932775,-0.17443135,0.24768232,0.50794966,-0.49098506,0.49304158,0.50777043
0.35930428,-0.17420817,0.24768196,0.50794949,-0.49097767,0.4930422,0.50777715
0.35928081,-0.1739849,0.2476816,0.50794932,-0.49097027,0.49304283,0.50778386
0.35925736,-0.17376154,0.24768123,0.50794915,-0.49096288,0.49304346,0.50779058
0.35923391,-0.17353808,0.24768087,0.50794897,-0.49095548,0.49304409,0.50779729
0.35921048,-0.17331452,0.2476805,0.50794879,-0.49094808,0.49304473,0.507804
0.35918706,-0.17309088,0.24768013,0.50794861,-0.49094069,0.49304537,0.50781071
0.35916364,-0.17286714,0.24767975,0.50794843,-0.49093329,0.49304602,0.50781741
0.35914024,-0.1726433,0.24767938,0.50794824,-0.49092589,0.49304667,0.50782412
0.35911684,-0.17241937,0.247679,0.50794806,-0.49091849,0.49304732,0.50783082
0.35909346,-0.17219535,0.24767862,0.50794787,-0.49091109,0.49304798,0.50783752
0.35907008,-0.17197124,0.24767824,0.50794767,-0.49090369,0.49304865,0.50784422
0.35904672,-0.17174703,0.24767786,0.50794748,-0.49089629,0.49304932,0.50785092
0.35902337,-0.17152273,0.24767747,0.50794728,-0.49088889,0.49304999,0.50785761
0.35900002,-0.17129834,0.24767708,0.50794708,-0.49088149,0.49305067,0.50786431
0.35897669,-0.17107385,0.24767669,0.50794688,-0.49087409,0.49305135,0.507871
0.35895337,-0.17084927,0.2476763,0.50794668,-0.49086669,0.49305204,0.50787769
0.35893006,-0.17062459,0.2476759,0.50794647,-0.49085929,0.49305273,0.50788437
0.35890676,-0.17039983,0.24767551,0.50794627,-0.49085189,0.49305343,0.50789106
0.35888347,-0.17017497,0.24767511,0.50794606,-0.49084449,0.49305413,0.50789774
0.35886019,-0.16995001,0.24767471,0.50794585,-0.49083709,0.49305483,0.50790443
0.35883692,-0.16972496,0.2476743,0.50794563,-0.49082968,0.49305554,0.50791111
0.35881366,-0.16949982,0.2476739,0.50794541,-0.49082228,0.49305626,0.50791778
0.35879041,-0.16927459,0.24767349,0.5079452,-0.49081488,0.49305697,0.50792446
0.35876718,-0.16904926,0.24767308,0.50794498,-0.49080747,0.4930577,0.50793113
0.35874395,-0.16882385,0.24767267,0.50794475,-0.49080007,0.49305842,0.50793781
0.35872074,-0.16859833,0.24767226,0.50794453,-0.49079266,0.49305915,0.50794448
0.35869753,-0.16837273,0.24767184,0.5079443,-0.49078526,0.49305989,0.50795114
0.35867434,-0.16814703,0.24767143,0.50794407,-0.49077785,0.49306063,0.50795781
0.35865116,-0.16792124,0.24767101,0.50794384,-0.49077045,0.49306137,0.50796447
0.35862799,-0.16769535,0.24767059,0.50794361,-0.49076304,0.49306212,0.50797114
0.35860483,-0.16746937,0.24767016,0.50794337,-0.49075564,0.49306287,0.5079778
0.35858168,-0.1672433,0.24766974,0.50794313,-0.49074823,0.49306363,0.50798446
0.35855855,-0.16701714,0.24766931,0.50794289,-0.49074082,0.49306439,0.50799111
0.35853542,-0.16679089,0.24766888,0.50794265,-0.49073341,0.49306516,0.50799777
0.35851231,-0.16656454,0.24766846,0.5079424,-0.49072601,0.49306593,0.50800442
0.35848921,-0.16633809,0.24766802,0.50794216,-0.4907186,0.4930667,0.50801107
0.35846612,-0.16611156,0.24766759,0.50794191,-0.49071119,0.49306748,0.50801772
0.35844304,-0.16588493,0.24766715,0.50794166,-0.49070378,0.49306827,0.50802436
0.35841997,-0.16565821,0.24766672,0.50794141,-0.49069637,0.49306905,0.50803101
0.35839692,-0.1654314,0.24766628,0.50794115,-0.49068896,0.49306985,0.50803765
0.35837388,-0.1652045,0.24766584,0.50794089,-0.49068156,0.49307064,0.50804429
0.35835085,-0.1649775,0.2476654,0.50794064,-0.49067415,0.49307144,0.50805093
0.35832783,-0.16475041,0.24766495,0.50794037,-0.49066674,0.49307225,0.50805756
0.35830482,-0.16452323,0.24766451,0.50794011,-0.49065933,0.49307306,0.5080642
0.35828182,-0.16429595,0.24766406,0.50793985,-0.49065192,0.49307387,0.50807083
0.35825884,-0.16406859,0.24766361,0.50793958,-0.4906445,0.49307469,0.50807746
0.35823587,-0.16384113,0.24766316,0.50793931,-0.49063709,0.49307551,0.50808409
0.35821291,-0.16361358,0.24766271,0.50793904,-0.49062968,0.49307634,0.50809071
0.35818996,-0.16338593,0.24766225,0.50793876,-0.49062227,0.49307717,0.50809734
0.35816703,-0.1631582,0.2476618,0.50793849,-0.49061486,0.49307801,0.50810396
0.35814411,-0.16293037,0.24766134,0.50793821,-0.49060745,0.49307884,0.50811058
0.3581212,-0.16270245,0.24766088,0.50793793,-0.49060004,0.49307969,0.5081172
0.3580983,-0.16247443,0.24766042,0.50793765,-0.49059262,0.49308054,0.50812381
0.35807542,-0.16224633,0.24765996,0.50793737,-0.49058521,0.49308139,0.50813042
0.35805254,-0.16201813,0.2476595,0.50793708,-0.4905778,0.49308225,0.50813704
0.35802968,-0.16178984,0.24765904,0.50793679,-0.49057038,0.49308311,0.50814364
0.35800684,-0.16156146,0.24765857,0.5079365,-0.49056297,0.49308397,0.50815025
0.357984,-0.16133299,0.2476581,0.50793621,-0.49055556,0.49308484,0.50815686
0.35796118,-0.16110443,0.24765763,0.50793592,-0.49054814,0.49308572,0.50816346
0.35793837,-0.16087577,0.24765716,0.50793562,-0.49054073,0.49308659,0.50817006
0.35791557,-0.16064702,0.24765669,0.50793532,-0.49053331,0.49308748,0.50817666
0.35789279,-0.16041819,0.24765622,0.50793502,-0.4905259,0.49308836,0.50818325
0.35787002,-0.16018925,0.24765574,0.50793472,-0.49051849,0.49308925,0.50818985
0.35784726,-0.15996023,0.24765527,0.50793442,-0.49051107,0.49309015,0.50819644
0.35782452,-0.15973112,0.24765479,0.50793411,-0.49050366,0.49309105,0.50820303
0.35780178,-0.15950191,0.24765431,0.50793381,-0.49049624,0.49309195,0.50820962
0.35777907,-0.15927262,0.24765383,0.5079335,-0.49048882,0.49309286,0.5082162
0.35775636,-0.15904323,0.24765335,0.50793319,-0.49048141,0.49309377,0.50822279
0.35773367,-0.15881375,0.24765287,0.50793287,-0.49047399,0.49309469,0.50822937
0.35771099,-0.15858418,0.24765239,0.50793256,-0.49046658,0.49309561,0.50823594
0.35768832,-0.15835452,0.2476519,0.50793224,-0.49045916,0.49309653,0.50824252
0.35766567,-0.15812476,0.24765141,0.50793192,-0.49045174,0.49309746,0.5082491
0.35764303,-0.15789492,0.24765093,0.5079316,-0.49044433,0.49309839,0.50825567
0.3576204,-0.15766499,0.24765044,0.50793128,-0.49043691,0.49309933,0.50826224
0.35759779,-0.15743496,0.24764995,0.50793095,-0.49042949,0.49310027,0.50826881
0.35757519,-0.15720484,0.24764946,0.50793063,-0.49042208,0.49310122,0.50827537
0.35755261,-0.15697464,0.24764896,0.5079303,-0.49041466,0.49310217,0.50828193
0.35753003,-0.15674434,0.24764847,0.50792997,-0.49040724,0.49310312,0.50828849
0.35750748,-0.15651395,0.24764798,0.50792964,-0.49039983,0.49310408,0.50829505
0.35748493,-0.15628347,0.24764748,0.5079293,-0.49039241,0.49310504,0.50830161
0.3574624,-0.1560529,0.24764698,0.50792897,-0.49038499,0.49310601,0.50830816
0.35743988,-0.15582224,0.24764648,0.50792863,-0.49037757,0.49310698,0.50831472
0.35741738,-0.15559149,0.24764599,0.50792829,-0.49037015,0.49310796,0.50832127
0.35739489,-0.15536065,0.24764549,0.50792795,-0.49036274,0.49310894,0.50832781
0.35737241,-0.15512972,0.24764498,0.5079276,-0.49035532,0.49310992,0.50833436
0.35734995,-0.15489869,0.24764448,0.50792726,-0.4903479,0.49311091,0.5083409
0.3573275,-0.15466758,0.24764398,0.50792691,-0.49034048,0.4931119,0.50834744
0.35730507,-0.15443638,0.24764347,0.50792656,-0.49033306,0.4931129,0.50835398
0.35728265,-0.15420509,0.24764297,0.50792621,-0.49032564,0.4931139,0.50836052
0.35726024,-0.15397371,0.24764246,0.50792586,-0.49031822,0.4931149,0.50836705
0.35723785,-0.15374224,0.24764195,0.5079255,-0.49031081,0.49311591,0.50837358
0.35721547,-0.15351067,0.24764144,0.50792515,-0.49030339,0.49311692,0.50838011
0.35719311,-0.15327902,0.24764094,0.50792479,-0.49029597,0.49311794,0.50838664
0.35717076,-0.15304728,0.24764042,0.50792443,-0.49028855,0.49311896,0.50839316
0.35714843,-0.15281545,0.24763991,0.50792407,-0.49028113,0.49311998,0.50839968
0.35712611,-0.15258353,0.2476394,0.50792371,-0.49027371,0.49312101,0.5084062
0.3571038,-0.15235152,0.24763889,0.50792334,-0.49026629,0.49312204,0.50841272
0.35708151,-0.15211943,0.24763837,0.50792297,-0.49025887,0.49312308,0.50841924
0.35705923,-0.15188724,0.24763786,0.5079226,-0.49025145,0.49312412,0.50842575
0.35703697,-0.15165496,0.24763734,0.50792223,-0.49024403,0.49312517,0.50843226
0.35701472,-0.1514226,0.24763683,0.50792186,-0.49023661,0.49312622,0.50843877
0.35699249,-0.15119014,0.24763631,0.50792149,-0.49022919,0.49312727,0.50844527
0.35697027,-0.1509576,0.24763579,0.50792111,-0.49022177,0.49312833,0.50845177
0.35694806,-0.15072496,0.24763527,0.50792074,-0.49021435,0.49312939,0.50845828
0.35692587,-0.15049224,0.24763475,0.50792036,-0.49020693,0.49313046,0.50846477
0.3569037,-0.15025943,0.24763423,0.50791998,-0.49019951,0.49313153,0.50847127
0.35688154,-0.15002653,0.24763371,0.50791959,-0.49019209,0.4931326,0.50847776
0.35685939,-0.14979355,0.24763318,0.50791921,-0.49018467,0.49313368,0.50848425
0.35683726,-0.14956047,0.24763266,0.50791882,-0.49017725,0.49313476,0.50849074
0.35681515,-0.14932731,0.24763214,0.50791843,-0.49016983,0.49313585,0.50849723
0.35679305,-0.14909406,0.24763161,0.50791805,-0.49016241,0.49313694,0.50850371
0.35677096,-0.14886072,0.24763108,0.50791765,-0.49015499,0.49313803,0.50851019
0.35674889,-0.14862729,0.24763056,0.50791726,-0.49014757,0.49313913,0.50851667
0.35672683,-0.14839377,0.24763003,0.50791687,-0.49014015,0.49314024,0.50852315
0.35670479,-0.14816017,0.2476295,0.50791647,-0.49013273,0.49314134,0.50852962
0.35668277,-0.14792648,0.24762897,0.50791607,-0.49012531,0.49314245,0.5085361
0.35666076,-0.1476927,0.24762845,0.50791567,-0.49011789,0.49314357,0.50854257
0.35663876,-0.14745883,0.24762792,0.50791527,-0.49011047,0.49314469,0.50854903
0.35661678,-0.14722488,0.24762738,0.50791487,-0.49010305,0.49314581,0.5085555
0.35659482,-0.14699084,0.24762685,0.50791447,-0.49009563,0.49314694,0.50856196
0.35657287,-0.14675671,0.24762632,0.50791406,-0.49008821,0.49314807,0.50856842
0.35655093,-0.14652249,0.24762579,0.50791365,-0.49008079,0.4931492,0.50857487
0.35652902,-0.14628819,0.24762526,0.50791324,-0.49007337,0.49315034,0.50858133
0.35650711,-0.1460538,0.24762472,0.50791283,-0.49006595,0.49315148,0.50858778
0.35648523,-0.14581932,0.24762419,0.50791242,-0.49005853,0.49315263,0.50859423
0.35646335,-0.14558476,0.24762365,0.507912,-0.49005112,0.49315378,0.50860068
0.3564415,-0.14535011,0.24762312,0.50791159,-0.4900437,0.49315494,0.50860712
0.35641966,-0.14511537,0.24762258,0.50791117,-0.49003628,0.49315609,0.50861356
0.35639783,-0.14488055,0.24762204,0.50791075,-0.49002886,0.49315726,0.50862
0.35637602,-0.14464564,0.24762151,0.50791033,-0.49002144,0.49315842,0.50862644
0.35635423,-0.14441064,0.24762097,0.50790991,-0.49001402,0.4931596,0.50863287
0.35633245,-0.14417556,0.24762043,0.50790949,-0.4900066,0.49316077,0.50863931
0.35631069,-0.1439404,0.24761989,0.50790906,-0.48999918,0.49316195,0.50864573
0.35628894,-0.14370514,0.24761935,0.50790863,-0.48999176,0.49316313,0.50865216
0.35626721,-0.1434698,0.24761881,0.5079082,-0.48998434,0.49316432,0.50865859
0.3562455,-0.14323438,0.24761827,0.50790777,-0.48997692,0.49316551,0.50866501
0.3562238,-0.14299887,0.24761773,0.50790734,-0.4899695,0.4931667,0.50867143
0.35620211,-0.14276327,0.24761719,0.50790691,-0.48996208,0.4931679,0.50867784
0.35618045,-0.14252759,0.24761665,0.50790647,-0.48995467,0.49316911,0.50868426
0.35615879,-0.14229182,0.2476161,0.50790604,-0.48994725,0.49317031,0.50869067
0.35613716,-0.14205597,0.24761556,0.5079056,-0.48993983,0.49317152,0.50869708
0.35611554,-0.14182004,0.24761502,0.50790516,-0.48993241,0.49317274,0.50870348
0.35609394,-0.14158401,0.24761447,0.50790472,-0.48992499,0.49317396,0.50870988
0.35607235,-0.14134791,0.24761393,0.50790428,-0.48991757,0.49317518,0.50871629
0.35605078,-0.14111172,0.24761339,0.50790383,-0.48991016,0.4931764,0.50872268
0.35602923,-0.14087544,0.24761284,0.50790339,-0.48990274,0.49317763,0.50872908
0.35600769,-0.14063908,0.24761229,0.50790294,-0.48989532,0.49317887,0.50873547
0.35598617,-0.14040264,0.24761175,0.50790249,-0.4898879,0.49318011,0.50874186
0.35596466,-0.14016611,0.2476112,0.50790204,-0.48988049,0.49318135,0.50874825
0.35594317,-0.1399295,0.24761066,0.50790159,-0.48987307,0.49318259,0.50875464
0.3559217,-0.13969281,0.24761011,0.50790114,-0.48986565,0.49318384,0.50876102
0.35590024,-0.13945603,0.24760956,0.50790069,-0.48985823,0.4931851,0.5087674
0.3558788,-0.13921916,0.24760901,0.50790023,-0.48985082,0.49318635,0.50877377
0.35585738,-0.13898222,0.24760847,0.50789977,-0.4898434,0.49318762,0.50878015
0.35583597,-0.13874519,0.24760792,0.50789931,-0.48983598,0.49318888,0.50878652
0.35581458,-0.13850807,0.24760737,0.50789885,-0.48982857,0.49319015,0.50879289
0.35579321,-0.13827088,0.24760682,0.50789839,-0.48982115,0.49319142,0.50879926
0.35577185,-0.1380336,0.24760627,0.50789793,-0.48981374,0.4931927,0.50880562
0.35575051,-0.13779624,0.24760572,0.50789746,-0.48980632,0.49319398,0.50881198
0.35572918,-0.13755879,0.24760517,0.507897,-0.48979891,0.49319526,0.50881834
0.35570788,-0.13732127,0.24760462,0.50789653,-0.48979149,0.49319655,0.50882469
0.35568658,-0.13708366,0.24760407,0.50789606,-0.48978408,0.49319785,0.50883105
0.35566531,-0.13684597,0.24760352,0.50789559,-0.48977666,0.49319914,0.5088374
0.35564405,-0.13660819,0.24760297,0.50789512,-0.48976925,0.49320044,0.50884374
0.35562281,-0.13637034,0.24760241,0.50789465,-0.48976183,0.49320175,0.50885009
0.35560159,-0.1361324,0.24760186,0.50789417,-0.48975442,0.49320305,0.50885643
0.35558038,-0.13589438,0.24760131,0.5078937,-0.489747,0.49320436,0.50886277
0.35555919,-0.13565628,0.24760076,0.50789322,-0.48973959,0.49320568,0.50886911
0.35553802,-0.1354181,0.24760021,0.50789274,-0.48973218,0.493207,0.50887544
0.35551686,-0.13517983,0.24759965,0.50789226,-0.48972476,0.49320832,0.50888177
0.35549572,-0.13494149,0.2475991,0.50789178,-0.48971735,0.49320965,0.5088881
0.3554746,-0.13470306,0.24759855,0.5078913,-0.48970994,0.49321098,0.50889443
0.35545349,-0.13446456,0.24759799,0.50789082,-0.48970252,0.49321231,0.50890075
0.35543241,-0.13422597,0.24759744,0.50789033,-0.48969511,0.49321365,0.50890707
0.35541133,-0.1339873,0.24759688,0.50788984,-0.4896877,0.49321499,0.50891339
0.35539028,-0.13374855,0.24759633,0.50788936,-0.48968029,0.49321634,0.5089197
0.35536924,-0.13350972,0.24759577,0.50788887,-0.48967288,0.49321769,0.50892601
0.35534822,-0.13327082,0.24759522,0.50788838,-0.48966547,0.49321904,0.50893232
0.35532722,-0.13303183,0.24759466,0.50788788,-0.48965805,0.4932204,0.50893863
0.35530623,-0.13279276,0.24759411,0.50788739,-0.48965064,0.49322176,0.50894493
0.35528527,-0.13255361,0.24759355,0.5078869,-0.48964323,0.49322312,0.50895123
0.35526432,-0.13231438,0.247593,0.5078864,-0.48963582,0.49322449,0.50895753
0.35524338,-0.13207508,0.24759244,0.5078859,-0.48962841,0.49322587,0.50896382
0.35522246,-0.13183569,0.24759188,0.5078854,-0.489621,0.49322724,0.50897011
0.35520157,-0.13159623,0.24759133,0.5078849,-0.4896136,0.49322862,0.5089764
0.35518068,-0.13135668,0.24759077,0.5078844,-0.48960619,0.49323,0.50898269
0.35515982,-0.13111706,0.24759021,0.5078839,-0.48959878,0.49323139,0.50898897
0.35513897,-0.13087736,0.24758966,0.5078834,-0.48959137,0.49323278,0.50899525
0.35511814,-0.13063758,0.2475891,0.50788289,-0.48958396,0.49323418,0.50900153
0.35509733,-0.13039772,0.24758854,0.50788239,-0.48957656,0.49323558,0.50900781
0.35507653,-0.13015778,0.24758798,0.50788188,-0.48956915,0.49323698,0.50901408
0.35505576,-0.12991777,0.24758743,0.50788137,-0.48956174,0.49323838,0.50902035
0.355035,-0.12967768,0.24758687,0.50788086,-0.48955433,0.49323979,0.50902661
0.35501425,-0.12943751,0.24758631,0.50788035,-0.48954693,0.49324121,0.50903288
0.35499353,-0.12919726,0.24758575,0.50787984,-0.48953952,0.49324262,0.50903914
0.35497282,-0.12895694,0.24758519,0.50787932,-0.48953212,0.49324404,0.50904539
0.35495213,-0.12871654,0.24758463,0.50787881,-0.48952471,0.49324547,0.50905165
0.35493146,-0.12847606,0.24758408,0.50787829,-0.48951731,0.4932469,0.5090579
0.35491081,-0.12823551,0.24758352,0.50787777,-0.4895099,0.49324833,0.50906415
0.35489017,-0.12799488,0.24758296,0.50787726,-0.4895025,0.49324976,0.50907039
0.35486955,-0.12775417,0.2475824,0.50787674,-0.4894951,0.4932512,0.50907664
0.35484895,-0.12751339,0.24758184,0.50787622,-0.48948769,0.49325265,0.50908288
0.35482836,-0.12727253,0.24758128,0.50787569,-0.48948029,0.49325409,0.50908911
0.3548078,-0.12703159,0.24758072,0.50787517,-0.48947289,0.49325554,0.50909535
0.35478725,-0.12679058,0.24758016,0.50787465,-0.48946549,0.493257,0.50910158
0.35476672,-0.12654949,0.2475796,0.50787412,-0.48945808,0.49325845,0.50910781
0.35474621,-0.12630833,0.24757904,0.50787359,-0.48945068,0.49325992,0.50911403
0.35472571,-0.12606709,0.24757848,0.50787306,-0.48944328,0.49326138,0.50912026
0.35470523,-0.12582578,0.24757791,0.50787254,-0.48943588,0.49326285,0.50912647
0.35468477,-0.12558439,0.24757735,0.50787201,-0.48942848,0.49326432,0.50913269
0.35466433,-0.12534293,0.24757679,0.50787147,-0.48942108,0.4932658,0.5091389
0.35464391,-0.12510139,0.24757623,0.50787094,-0.48941368,0.49326728,0.50914511
0.3546235,-0.12485978,0.24757567,0.50787041,-0.48940629,0.49326876,0.50915132
0.35460311,-0.1246181,0.24757511,0.50786987,-0.48939889,0.49327025,0.50915753
0.35458274,-0.12437634,0.24757454,0.50786934,-0.48939149,0.49327174,0.50916373
0.35456239,-0.12413451,0.24757398,0.5078688,-0.48938409,0.49327323,0.50916993
0.35454206,-0.1238926,0.24757342,0.50786826,-0.4893767,0.49327473,0.50917612
0.35452174,-0.12365062,0.24757286,0.50786772,-0.4893693,0.49327623,0.50918231
0.35450144,-0.12340857,0.2475723,0.50786718,-0.4893619,0.49327773,0.5091885
0.35448116,-0.12316644,0.24757173,0.50786664,-0.48935451,0.49327924,0.50919469
0.3544609,-0.12292425,0.24757117,0.5078661,-0.48934711,0.49328075,0.50920087
0.35444066,-0.12268197,0.24757061,0.50786555,-0.48933972,0.49328227,0.50920705
0.35442043,-0.12243963,0.24757004,0.50786501,-0.48933233,0.49328379,0.50921323
0.35440022,-0.12219722,0.24756948,0.50786446,-0.48932493,0.49328531,0.5092194
0.35438003,-0.12195473,0.24756891,0.50786392,-0.48931754,0.49328684,0.50922558
0.35435986,-0.12171217,0.24756835,0.50786337,-0.48931015,0.49328837,0.50923174
0.3543397,-0.12146954,0.24756779,0.50786282,-0.48930275,0.4932899,0.50923791
0.35431957,-0.12122683,0.24756722,0.50786227,-0.48929536,0.49329144,0.50924407
0.35429945,-0.12098406,0.24756666,0.50786172,-0.48928797,0.49329298,0.50925023
0.35427935,-0.12074121,0.24756609,0.50786117,-0.48928058,0.49329452,0.50925638
0.35425927,-0.1204983,0.24756553,0.50786061,-0.48927319,0.49329607,0.50926254
0.3542392,-0.12025531,0.24756496,0.50786006,-0.4892658,0.49329762,0.50926869
0.35421916,-0.12001225,0.2475644,0.5078595,-0.48925841,0.49329917,0.50927483
0.35419913,-0.11976912,0.24756383,0.50785895,-0.48925103,0.49330073,0.50928098
0.35417912,-0.11952593,0.24756326,0.50785839,-0.48924364,0.49330229,0.50928712
0.35415913,-0.11928266,0.2475627,0.50785783,-0.48923625,0.49330386,0.50929325
0.35413916,-0.11903932,0.24756213,0.50785727,-0.48922886,0.49330543,0.50929939
0.3541192,-0.11879591,0.24756156,0.50785671,-0.48922148,0.493307,0.50930552
0.35409926,-0.11855244,0.247561,0.50785615,-0.48921409,0.49330858,0.50931165
0.35407935,-0.11830889,0.24756043,0.50785559,-0.48920671,0.49331016,0.50931777
0.35405945,-0.11806528,0.24755986,0.50785502,-0.48919932,0.49331174,0.50932389
0.35403956,-0.11782159,0.24755929,0.50785446,-0.48919194,0.49331332,0.50933001
0.3540197,-0.11757784,0.24755873,0.50785389,-0.48918456,0.49331491,0.50933613
0.35399985,-0.11733402,0.24755816,0.50785333,-0.48917717,0.49331651,0.50934224
0.35398003,-0.11709013,0.24755759,0.50785276,-0.48916979,0.4933181,0.50934835
0.35396022,-0.11684618,0.24755702,0.50785219,-0.48916241,0.4933197,0.50935445
0.35394042,-0.11660215,0.24755645,0.50785162,-0.48915503,0.49332131,0.50936055
0.35392065,-0.11635806,0.24755588,0.50785105,-0.48914765,0.49332292,0.50936665
0.3539009,-0.1161139,0.24755531,0.50785048,-0.48914027,0.49332453,0.50937275
0.35388116,-0.11586968,0.24755474,0.50784991,-0.48913289,0.49332614,0.50937884
0.35386144,-0.11562538,0.24755417,0.50784933,-0.48912551,0.49332776,0.50938493
0.35384174,-0.11538103,0.2475536,0.50784876,-0.48911814,0.49332938,0.50939102
0.35382206,-0.1151366,0.24755303,0.50784819,-0.48911076,0.493331,0.5093971
0.3538024,-0.11489211,0.24755246,0.50784761,-0.48910338,0.49333263,0.50940318
0.35378275,-0.11464755,0.24755189,0.50784703,-0.48909601,0.49333426,0.50940926
0.35376312,-0.11440293,0.24755131,0.50784646,-0.48908863,0.4933359,0.50941533
0.35374351,-0.11415824,0.24755074,0.50784588,-0.48908126,0.49333754,0.5094214
0.35372392,-0.11391348,0.24755017,0.5078453,-0.48907388,0.49333918,0.50942747
0.35370435,-0.11366866,0.24754959,0.50784472,-0.48906651,0.49334082,0.50943353
0.3536848,-0.11342378,0.24754902,0.50784414,-0.48905914,0.49334247,0.50943959
0.35366526,-0.11317883,0.24754845,0.50784355,-0.48905177,0.49334412,0.50944565
0.35364574,-0.11293381,0.24754787,0.50784297,-0.48904439,0.49334578,0.50945171
0.35362624,-0.11268873,0.2475473,0.50784239,-0.48903702,0.49334744,0.50945776
0.35360676,-0.11244359,0.24754672,0.5078418,-0.48902965,0.4933491,0.5094638
0.3535873,-0.11219838,0.24754615,0.50784122,-0.48902229,0.49335076,0.50946985
0.35356785,-0.11195311,0.24754557,0.50784063,-0.48901492,0.49335243,0.50947589
0.35354843,-0.11170778,0.24754499,0.50784004,-0.48900755,0.49335411,0.50948193
0.35352902,-0.11146238,0.24754442,0.50783945,-0.48900018,0.49335578,0.50948796
0.35350963,-0.11121692,0.24754384,0.50783886,-0.48899282,0.49335746,0.50949399
0.35349025,-0.1109714,0.24754326,0.50783828,-0.48898545,0.49335914,0.50950002
0.3534709,-0.11072581,0.24754268,0.50783768,-0.48897809,0.49336083,0.50950605
0.35345156,-0.11048017,0.24754211,0.50783709,-0.48897072,0.49336252,0.50951207
0.35343225,-0.11023446,0.24754153,0.5078365,-0.48896336,0.49336421,0.50951808
0.35341295,-0.10998868,0.24754095,0.50783591,-0.488956,0.49336591,0.5095241
0.35339367,-0.10974285,0.24754037,0.50783531,-0.48894863,0.49336761,0.50953011
0.3533744,-0.10949695,0.24753979,0.50783472,-0.48894127,0.49336931,0.50953612
0.35335516,-0.109251,0.2475392,0.50783412,-0.48893391,0.49337101,0.50954212
0.35333593,-0.10900498,0.24753862,0.50783353,-0.48892655,0.49337272,0.50954812
0.35331672,-0.1087589,0.24753804,0.50783293,-0.48891919,0.49337444,0.50955412
0.35329753,-0.10851276,0.24753746,0.50783233,-0.48891184,0.49337615,0.50956012
0.35327836,-0.10826657,0.24753687,0.50783173,-0.48890448,0.49337787,0.50956611
0.3532592,-0.10802031,0.24753629,0.50783113,-0.48889712,0.49337959,0.5095721
0.35324007,-0.10777399,0.24753571,0.50783053,-0.48888977,0.49338132,0.50957808
0.35322095,-0.10752761,0.24753512,0.50782993,-0.48888241,0.49338305,0.50958406
0.35320185,-0.10728117,0.24753454,0.50782933,-0.48887506,0.49338478,0.50959004
0.35318277,-0.10703467,0.24753395,0.50782873,-0.4888677,0.49338652,0.50959601
0.3531637,-0.10678812,0.24753336,0.50782812,-0.48886035,0.49338826,0.50960198
0.35314466,-0.1065415,0.24753277,0.50782752,-0.488853,0.49339,0.50960795
0.35312563,-0.10629483,0.24753219,0.50782691,-0.48884565,0.49339174,0.50961392
0.35310662,-0.1060481,0.2475316,0.50782631,-0.4888383,0.49339349,0.50961988
0.35308763,-0.10580131,0.24753101,0.5078257,-0.48883095,0.49339524,0.50962583
0.35306865,-0.10555446,0.24753042,0.5078251,-0.4888236,0.493397,0.50963179
0.3530497,-0.10530756,0.24752983,0.50782449,-0.48881625,0.49339876,0.50963774
0.35303076,-0.10506059,0.24752923,0.50782388,-0.48880891,0.49340052,0.50964369
0.35301184,-0.10481358,0.24752864,0.50782327,-0.48880156,0.49340229,0.50964963
0.35299293,-0.1045665,0.24752805,0.50782266,-0.48879422,0.49340405,0.50965557
0.35297405,-0.10431937,0.24752746,0.50782205,-0.48878687,0.49340583,0.50966151
0.35295518,-0.10407218,0.24752686,0.50782144,-0.48877953,0.4934076,0.50966744
0.35293633,-0.10382493,0.24752627,0.50782083,-0.48877219,0.49340938,0.50967337
0.3529175,-0.10357763,0.24752567,0.50782021,-0.48876484,0.49341116,0.5096793
0.35289869,-0.10333027,0.24752507,0.5078196,-0.4887575,0.49341295,0.50968522
0.35287989,-0.10308286,0.24752448,0.50781899,-0.48875016,0.49341473,0.50969114
0.35286112,-0.10283539,0.24752388,0.50781837,-0.48874282,0.49341652,0.50969705
0.35284236,-0.10258787,0.24752328,0.50781776,-0.48873549,0.49341832,0.50970297
0.35282361,-0.10234029,0.24752268,0.50781714,-0.48872815,0.49342012,0.50970887
0.35280489,-0.10209266,0.24752208,0.50781652,-0.48872081,0.49342192,0.50971478
0.35278618,-0.10184498,0.24752147,0.50781591,-0.48871348,0.49342372,0.50972068
0.35276749,-0.10159724,0.24752087,0.50781529,-0.48870614,0.49342553,0.50972658
0.35274882,-0.10134944,0.24752027,0.50781467,-0.48869881,0.49342734,0.50973248
0.35273017,-0.1011016,0.24751966,0.50781405,-0.48869148,0.49342915,0.50973837
0.35271153,-0.10085369,0.24751906,0.50781343,-0.48868414,0.49343097,0.50974425
0.35269291,-0.10060574,0.24751845,0.50781281,-0.48867681,0.49343279,0.50975014
0.35267431,-0.10035773,0.24751785,0.50781219,-0.48866948,0.49343461,0.50975602
0.35265573,-0.10010968,0.24751724,0.50781157,-0.48866215,0.49343644,0.5097619
0.35263716,-0.09986156,0.24751663,0.50781095,-0.48865483,0.49343827,0.50976777
0.35261861,-0.0996134,0.24751602,0.50781032,-0.4886475,0.4934401,0.50977364
0.35260008,-0.09936519,0.24751541,0.5078097,-0.48864017,0.49344194,0.50977951
0.35258157,-0.09911692,0.24751479,0.50780908,-0.48863285,0.49344377,0.50978537
0.35256307,-0.0988686,0.24751418,0.50780845,-0.48862552,0.49344562,0.50979123
0.35254459,-0.09862023,0.24751357,0.50780783,-0.4886182,0.49344746,0.50979709
0.35252613,-0.09837181,0.24751295,0.5078072,-0.48861088,0.49344931,0.50980294
0.35250769,-0.09812334,0.24751234,0.50780657,-0.48860356,0.49345116,0.50980879
0.35248926,-0.09787482,0.24751172,0.50780595,-0.48859624,0.49345302,0.50981463
0.35247085,-0.09762625,0.2475111,0.50780532,-0.48858892,0.49345487,0.50982047
0.35245246,-0.09737763,0.24751048,0.50780469,-0.4885816,0.49345673,0.50982631
0.35243408,-0.09712896,0.24750986,0.50780406,-0.48857428,0.4934586,0.50983215
0.35241572,-0.09688024,0.24750924,0.50780343,-0.48856697,0.49346046,0.50983798
0.35239738,-0.09663147,0.24750862,0.5078028,-0.48855965,0.49346233,0.5098438
0.35237906,-0.09638265,0.24750799,0.50780217,-0.48855234,0.49346421,0.50984963
0.35236075,-0.09613378,0.24750737,0.50780154,-0.48854502,0.49346608,0.50985545
0.35234246,-0.09588487,0.24750674,0.50780091,-0.48853771,0.49346796,0.50986126
0.35232418,-0.09563591,0.24750611,0.50780028,-0.4885304,0.49346985,0.50986708
0.35230593,-0.09538689,0.24750548,0.50779965,-0.48852309,0.49347173,0.50987289
0.35228769,-0.09513784,0.24750485,0.50779901,-0.48851578,0.49347362,0.50987869
0.35226947,-0.09488873,0.24750422,0.50779838,-0.48850847,0.49347551,0.50988449
0.35225126,-0.09463958,0.24750359,0.50779775,-0.48850117,0.49347741,0.50989029
0.35223307,-0.09439038,0.24750296,0.50779711,-0.48849386,0.4934793,0.50989609
0.3522149,-0.09414113,0.24750232,0.50779648,-0.48848656,0.4934812,0.50990188
0.35219674,-0.09389184,0.24750168,0.50779584,-0.48847925,0.49348311,0.50990766
0.3521786,-0.0936425,0.24750105,0.50779521,-0.48847195,0.49348502,0.50991345
0.35216048,-0.09339311,0.24750041,0.50779457,-0.48846465,0.49348693,0.50991923
0.35214238,-0.09314368,0.24749977,0.50779393,-0.48845735,0.49348884,0.509925
0.35212429,-0.09289421,0.24749912,0.50779329,-0.48845005,0.49349075,0.50993077
0.35210621,-0.09264468,0.24749848,0.50779266,-0.48844275,0.49349267,0.50993654
0.35208816,-0.09239512,0.24749784,0.50779202,-0.48843545,0.4934946,0.50994231
0.35207012,-0.09214551,0.24749719,0.50779138,-0.48842816,0.49349652,0.50994807
0.35205209,-0.09189585,0.24749654,0.50779074,-0.48842086,0.49349845,0.50995383
0.35203409,-0.09164615,0.24749589,0.5077901,-0.48841357,0.49350038,0.50995958
0.3520161,-0.09139641,0.24749524,0.50778946,-0.48840628,0.49350231,0.50996533
0.35199812,-0.09114662,0.24749459,0.50778882,-0.48839898,0.49350425,0.50997108
0.35198016,-0.09089679,0.24749394,0.50778818,-0.48839169,0.49350619,0.50997682
0.35196222,-0.09064692,0.24749328,0.50778754,-0.4883844,0.49350814,0.50998256
0.3519443,-0.090397,0.24749263,0.5077869,-0.48837712,0.49351008,0.50998829
0.35192639,-0.09014705,0.24749197,0.50778625,-0.48836983,0.49351203,0.50999403
0.35190849,-0.08989704,0.24749131,0.50778561,-0.48836254,0.49351398,0.50999975
0.35189061,-0.089647,0.24749065,0.50778497,-0.48835526,0.49351594,0.51000548
0.35187275,-0.08939692,0.24748998,0.50778432,-0.48834797,0.4935179,0.5100112
0.35185491,-0.08914679,0.24748932,0.50778368,-0.48834069,0.49351986,0.51001691
0.35183707,-0.08889662,0.24748865,0.50778304,-0.48833341,0.49352182,0.51002263
0.35181926,-0.08864641,0.24748798,0.50778239,-0.48832613,0.49352379,0.51002834
0.35180146,-0.08839616,0.24748732,0.50778175,-0.48831885,0.49352576,0.51003404
0.35178368,-0.08814587,0.24748664,0.5077811,-0.48831157,0.49352773,0.51003974
0.35176591,-0.08789554,0.24748597,0.50778046,-0.4883043,0.49352971,0.51004544
0.35174816,-0.08764517,0.2474853,0.50777981,-0.48829702,0.49353168,0.51005113
0.35173042,-0.08739476,0.24748462,0.50777916,-0.48828975,0.49353367,0.51005682
0.3517127,-0.08714431,0.24748394,0.50777852,-0.48828248,0.49353565,0.51006251
0.351695,-0.08689382,0.24748326,0.50777787,-0.4882752,0.49353764,0.51006819
0.3516773,-0.08664329,0.24748258,0.50777722,-0.48826793,0.49353963,0.51007387
0.35165963,-0.08639272,0.2474819,0.50777657,-0.48826067,0.49354162,0.51007954
0.35164197,-0.08614212,0.24748121,0.50777593,-0.4882534,0.49354362,0.51008522
0.35162433,-0.08589147,0.24748052,0.50777528,-0.48824613,0.49354562,0.51009088
0.3516067,-0.08564079,0.24747984,0.50777463,-0.48823887,0.49354762,0.51009655
0.35158908,-0.08539007,0.24747915,0.50777398,-0.4882316,0.49354962,0.51010221
0.35157148,-0.08513931,0.24747845,0.50777333,-0.48822434,0.49355163,0.51010786
0.3515539,-0.08488852,0.24747776,0.50777268,-0.48821708,0.49355364,0.51011351
0.35153633,-0.08463769,0.24747706,0.50777203,-0.48820982,0.49355566,0.51011916
0.35151877,-0.08438682,0.24747636,0.50777138,-0.48820256,0.49355767,0.5101248
0.35150123,-0.08413591,0.24747566,0.50777073,-0.4881953,0.49355969,0.51013044
0.35148371,-0.08388497,0.24747496,0.50777008,-0.48818804,0.49356171,0.51013608
0.3514662,-0.08363399,0.24747426,0.50776942,-0.48818079,0.49356374,0.51014171
0.3514487,-0.08338298,0.24747355,0.50776877,-0.48817353,0.49356577,0.51014734
0.35143122,-0.08313193,0.24747284,0.50776812,-0.48816628,0.4935678,0.51015296
0.35141375,-0.08288085,0.24747213,0.50776747,-0.48815903,0.49356983,0.51015859
0.3513963,-0.08262973,0.24747142,0.50776682,-0.48815178,0.49357187,0.5101642
0.35137886,-0.08237857,0.2474707,0.50776616,-0.48814453,0.49357391,0.51016982
0.35136144,-0.08212739,0.24746999,0.50776551,-0.48813728,0.49357595,0.51017542
0.35134403,-0.08187616,0.24746927,0.50776486,-0.48813004,0.49357799,0.51018103
0.35132664,-0.08162491,0.24746855,0.5077642,-0.48812279,0.49358004,0.51018663
0.35130925,-0.08137362,0.24746782,0.50776355,-0.48811555,0.49358209,0.51019223
0.35129189,-0.08112229,0.2474671,0.50776289,-0.48810831,0.49358414,0.51019782
0.35127453,-0.08087094,0.24746637,0.50776224,-0.48810107,0.4935862,0.51020341
0.35125719,-0.08061955,0.24746564,0.50776159,-0.48809383,0.49358826,0.51020899
0.35123987,-0.08036813,0.24746491,0.50776093,-0.48808659,0.49359032,0.51021458
0.35122256,-0.08011667,0.24746418,0.50776028,-0.48807935,0.49359239,0.51022015
0.35120526,-0.07986518,0.24746344,0.50775962,-0.48807212,0.49359445,0.51022573
0.35118797,-0.07961366,0.2474627,0.50775896,-0.48806488,0.49359652,0.5102313
0.3511707,-0.07936211,0.24746196,0.50775831,-0.48805765,0.4935986,0.51023686
0.35115345,-0.07911053,0.24746122,0.50775765,-0.48805042,0.49360067,0.51024242
0.3511362,-0.07885892,0.24746047,0.507757,-0.48804319,0.49360275,0.51024798
0.35111897,-0.07860728,0.24745972,0.50775634,-0.48803596,0.49360483,0.51025353
0.35110175,-0.0783556,0.24745897,0.50775568,-0.48802873,0.49360692,0.51025908
0.35108455,-0.0781039,0.24745822,0.50775503,-0.48802151,0.493609,0.51026463
0.35106736,-0.07785216,0.24745747,0.50775437,-0.48801428,0.49361109,0.51027017
0.35105018,-0.07760039,0.24745671,0.50775371,-0.48800706,0.49361318,0.51027571
0.35103301,-0.0773486,0.24745595,0.50775305,-0.48799984,0.49361528,0.51028124
0.35101586,-0.07709678,0.24745519,0.5077524,-0.48799262,0.49361738,0.51028677
0.35099872,-0.07684492,0.24745442,0.50775174,-0.4879854,0.49361948,0.5102923
0.3509816,-0.07659304,0.24745365,0.50775108,-0.48797819,0.49362158,0.51029782
0.35096448,-0.07634113,0.24745288,0.50775042,-0.48797097,0.49362369,0.51030334
0.35094738,-0.07608919,0.24745211,0.50774976,-0.48796376,0.4936258,0.51030885
0.35093029,-0.07583722,0.24745134,0.50774911,-0.48795654,0.49362791,0.51031436
0.35091321,-0.07558523,0.24745056,0.50774845,-0.48794933,0.49363002,0.51031987
0.35089615,-0.0753332,0.24744978,0.50774779,-0.48794212,0.49363214,0.51032537
0.3508791,-0.07508115,0.247449,0.50774713,-0.48793491,0.49363426,0.51033086
0.35086206,-0.07482907,0.24744821,0.50774647,-0.48792771,0.49363638,0.51033636
0.35084503,-0.07457697,0.24744743,0.50774581,-0.4879205,0.4936385,0.51034185
0.35082801,-0.07432484,0.24744664,0.50774515,-0.4879133,0.49364063,0.51034733
0.35081101,-0.07407268,0.24744584,0.50774449,-0.4879061,0.49364276,0.51035281
0.35079402,-0.0738205,0.24744505,0.50774383,-0.4878989,0.49364489,0.51035829
0.35077704,-0.07356829,0.24744425,0.50774317,-0.4878917,0.49364703,0.51036376
0.35076007,-0.07331605,0.24744345,0.50774251,-0.4878845,0.49364917,0.51036923
0.35074311,-0.07306379,0.24744265,0.50774185,-0.4878773,0.49365131,0.5103747
0.35072617,-0.07281151,0.24744184,0.50774119,-0.48787011,0.49365345,0.51038016
0.35070923,-0.07255919,0.24744103,0.50774053,-0.48786291,0.4936556,0.51038561
0.35069231,-0.07230686,0.24744022,0.50773987,-0.48785572,0.49365775,0.51039107
0.3506754,-0.0720545,0.2474394,0.50773921,-0.48784853,0.4936599,0.51039652
0.3506585,-0.07180211,0.24743859,0.50773855,-0.48784134,0.49366205,0.51040196
0.35064161,-0.07154971,0.24743777,0.50773789,-0.48783416,0.49366421,0.5104074
0.35062473,-0.07129727,0.24743694,0.50773723,-0.48782697,0.49366637,0.51041284
0.35060787,-0.07104482,0.24743612,0.50773657,-0.48781979,0.49366853,0.51041827
0.35059101,-0.07079234,0.24743529,0.50773591,-0.4878126,0.4936707,0.5104237
0.35057416,-0.07053984,0.24743446,0.50773525,-0.48780542,0.49367286,0.51042912
0.35055733,-0.07028732,0.24743362,0.50773459,-0.48779824,0.49367503,0.51043454
0.35054051,-0.07003477,0.24743279,0.50773393,-0.48779107,0.49367721,0.51043995
0.35052369,-0.0697822,0.24743195,0.50773327,-0.48778389,0.49367938,0.51044537
0.35050689,-0.06952961,0.2474311,0.50773261,-0.48777672,0.49368156,0.51045077
0.35049009,-0.069277,0.24743026,0.50773195,-0.48776954,0.49368374,0.51045618
0.35047331,-0.06902436,0.24742941,0.50773129,-0.48776237,0.49368592,0.51046157
0.35045654,-0.06877171,0.24742856,0.50773062,-0.4877552,0.49368811,0.51046697
0.35043978,-0.06851903,0.2474277,0.50772996,-0.48774803,0.4936903,0.51047236
0.35042302,-0.06826634,0.24742684,0.5077293,-0.48774087,0.49369249,0.51047775
0.35040628,-0.06801362,0.24742598,0.50772864,-0.4877337,0.49369468,0.51048313
0.35038955,-0.06776088,0.24742512,0.50772798,-0.48772654,0.49369688,0.51048851
0.35037282,-0.06750812,0.24742425,0.50772732,-0.48771938,0.49369907,0.51049388
0.35035611,-0.06725534,0.24742338,0.50772666,-0.48771222,0.49370128,0.51049925
0.3503394,-0.06700255,0.24742251,0.507726,-0.48770506,0.49370348,0.51050461
0.35032271,-0.06674973,0.24742163,0.50772534,-0.4876979,0.49370569,0.51050998
0.35030602,-0.0664969,0.24742075,0.50772467,-0.48769075,0.49370789,0.51051533
0.35028934,-0.06624404,0.24741987,0.50772401,-0.48768359,0.49371011,0.51052069
0.35027268,-0.06599117,0.24741899,0.50772335,-0.48767644,0.49371232,0.51052603
0.35025602,-0.06573828,0.2474181,0.50772269,-0.48766929,0.49371454,0.51053138
0.35023937,-0.06548537,0.2474172,0.50772203,-0.48766214,0.49371675,0.51053672
0.35022272,-0.06523244,0.24741631,0.50772137,-0.487655,0.49371898,0.51054205
0.35020609,-0.06497949,0.24741541,0.50772071,-0.48764785,0.4937212,0.51054739
0.35018947,-0.06472653,0.24741451,0.50772005,-0.48764071,0.49372343,0.51055271
0.35017285,-0.06447355,0.2474136,0.50771939,-0.48763357,0.49372565,0.51055804
0.35015624,-0.06422056,0.2474127,0.50771872,-0.48762643,0.49372789,0.51056335
0.35013964,-0.06396754,0.24741178,0.50771806,-0.48761929,0.49373012,0.51056867
0.35012305,-0.06371451,0.24741087,0.5077174,-0.48761215,0.49373236,0.51057398
0.35010647,-0.06346147,0.24740995,0.50771674,-0.48760502,0.49373459,0.51057928
0.35008989,-0.0632084,0.24740903,0.50771608,-0.48759789,0.49373684,0.51058459
0.35007333,-0.06295532,0.24740811,0.50771542,-0.48759075,0.49373908,0.51058988
0.35005677,-0.06270223,0.24740718,0.50771476,-0.48758363,0.49374133,0.51059518
0.35004021,-0.06244912,0.24740625,0.5077141,-0.4875765,0.49374357,0.51060047
0.35002367,-0.062196,0.24740531,0.50771344,-0.48756937,0.49374583,0.51060575
0.35000713,-0.06194286,0.24740438,0.50771278,-0.48756225,0.49374808,0.51061103
0.3499906,-0.0616897,0.24740343,0.50771212,-0.48755512,0.49375033,0.51061631
0.34997408,-0.06143654,0.24740249,0.50771146,-0.487548,0.49375259,0.51062158
0.34995756,-0.06118335,0.24740154,0.5077108,-0.48754088,0.49375485,0.51062685
0.34994105,-0.06093016,0.24740059,0.50771014,-0.48753377,0.49375712,0.51063211
0.34992455,-0.06067695,0.24739963,0.50770948,-0.48752665,0.49375938,0.51063737
0.34990805,-0.06042372,0.24739868,0.50770882,-0.48751954,0.49376165,0.51064262
0.34989156,-0.06017049,0.24739771,0.50770816,-0.48751243,0.49376392,0.51064787
0.34987508,-0.05991724,0.24739675,0.5077075,-0.48750532,0.4937662,0.51065312
0.34985861,-0.05966397,0.24739578,0.50770684,-0.48749821,0.49376847,0.51065836
0.34984214,-0.0594107,0.24739481,0.50770618,-0.4874911,0.49377075,0.5106636
0.34982567,-0.05915741,0.24739383,0.50770552,-0.487484,0.49377303,0.51066883
0.34980921,-0.05890411,0.24739285,0.50770486,-0.48747689,0.49377531,0.51067406
0.34979276,-0.0586508,0.24739187,0.5077042,-0.48746979,0.4937776,0.51067928
0.34977632,-0.05839747,0.24739088,0.50770354,-0.48746269,0.49377989,0.5106845
0.34975988,-0.05814414,0.24738989,0.50770288,-0.4874556,0.49378218,0.51068972
0.34974344,-0.05789079,0.2473889,0.50770223,-0.4874485,0.49378447,0.51069493
0.34972701,-0.05763743,0.2473879,0.50770157,-0.48744141,0.49378676,0.51070013
0.34971059,-0.05738406,0.2473869,0.50770091,-0.48743432,0.49378906,0.51070534
0.34969417,-0.05713068,0.2473859,0.50770025,-0.48742723,0.49379136,0.51071053
0.34967776,-0.05687729,0.24738489,0.50769959,-0.48742014,0.49379366,0.51071573
0.34966135,-0.05662389,0.24738388,0.50769893,-0.48741305,0.49379597,0.51072092
0.34964494,-0.05637048,0.24738286,0.50769828,-0.48740597,0.49379827,0.5107261
0.34962855,-0.05611706,0.24738184,0.50769762,-0.48739888,0.49380058,0.51073128
0.34961215,-0.05586363,0.24738082,0.50769696,-0.4873918,0.49380289,0.51073646
0.34959576,-0.05561019,0.24737979,0.5076963,-0.48738473,0.49380521,0.51074163
0.34957938,-0.05535674,0.24737877,0.50769565,-0.48737765,0.49380752,0.51074679
0.349563,-0.05510328,0.24737773,0.50769499,-0.48737057,0.49380984,0.51075196
0.34954662,-0.05484982,0.24737669,0.50769433,-0.4873635,0.49381216,0.51075712
0.34953025,-0.05459634,0.24737565,0.50769368,-0.48735643,0.49381448,0.51076227
0.34951388,-0.05434286,0.24737461,0.50769302,-0.48734936,0.49381681,0.51076742
0.34949751,-0.05408937,0.24737356,0.50769236,-0.48734229,0.49381914,0.51077256
0.34948115,-0.05383587,0.24737251,0.50769171,-0.48733523,0.49382147,0.5107777
0.34946479,-0.05358236,0.24737145,0.50769105,-0.48732816,0.4938238,0.51078284
0.34944844,-0.05332885,0.24737039,0.5076904,-0.4873211,0.49382614,0.51078797
0.34943209,-0.05307532,0.24736933,0.50768974,-0.48731404,0.49382847,0.5107931
0.34941574,-0.0528218,0.24736826,0.50768909,-0.48730699,0.49383081,0.51079822
0.34939939,-0.05256826,0.24736719,0.50768843,-0.48729993,0.49383315,0.51080334
0.34938305,-0.05231472,0.24736612,0.50768778,-0.48729288,0.4938355,0.51080845
0.34936671,-0.05206117,0.24736504,0.50768712,-0.48728582,0.49383784,0.51081356
0.34935038,-0.05180761,0.24736396,0.50768647,-0.48727877,0.49384019,0.51081867
0.34933404,-0.05155405,0.24736287,0.50768582,-0.48727173,0.49384254,0.51082377
0.34931771,-0.05130048,0.24736178,0.50768516,-0.48726468,0.49384489,0.51082886
0.34930138,-0.05104691,0.24736069,0.50768451,-0.48725764,0.49384725,0.51083395
0.34928505,-0.05079333,0.24735959,0.50768386,-0.4872506,0.49384961,0.51083904
0.34926873,-0.05053974,0.24735849,0.5076832,-0.48724356,0.49385197,0.51084412
0.34925241,-0.05028615,0.24735738,0.50768255,-0.48723652,0.49385433,0.5108492
0.34923608,-0.05003256,0.24735627,0.5076819,-0.48722948,0.49385669,0.51085427
0.34921976,-0.04977896,0.24735516,0.50768125,-0.48722245,0.49385906,0.51085934
0.34920345,-0.04952535,0.24735404,0.50768059,-0.48721542,0.49386143,0.51086441
0.34918713,-0.04927175,0.24735292,0.50767994,-0.48720839,0.4938638,0.51086947
0.34917081,-0.04901813,0.2473518,0.50767929,-0.48720136,0.49386617,0.51087452
0.3491545,-0.04876452,0.24735067,0.50767864,-0.48719433,0.49386855,0.51087957
0.34913819,-0.0485109,0.24734953,0.50767799,-0.48718731,0.49387093,0.51088462
0.34912187,-0.04825727,0.2473484,0.50767734,-0.48718029,0.49387331,0.51088966
0.34910556,-0.04800364,0.24734726,0.50767669,-0.48717327,0.49387569,0.5108947
0.34908925,-0.04775001,0.24734611,0.50767604,-0.48716625,0.49387807,0.51089973
0.34907294,-0.04749638,0.24734496,0.50767539,-0.48715924,0.49388046,0.51090476
0.34905663,-0.04724274,0.24734381,0.50767474,-0.48715222,0.49388285,0.51090978
0.34904032,-0.0469891,0.24734266,0.50767409,-0.48714521,0.49388524,0.5109148
0.34902401,-0.04673546,0.2473415,0.50767344,-0.4871382,0.49388763,0.51091981
0.3490077,-0.04648181,0.24734033,0.50767279,-0.48713119,0.49389003,0.51092482
0.34899139,-0.04622817,0.24733916,0.50767214,-0.48712419,0.49389242,0.51092983
0.34897507,-0.04597452,0.24733799,0.5076715,-0.48711719,0.49389482,0.51093483
0.34895876,-0.04572087,0.24733682,0.50767085,-0.48711019,0.49389723,0.51093983
0.34894245,-0.04546721,0.24733564,0.5076702,-0.48710319,0.49389963,0.51094482
0.34892614,-0.04521356,0.24733445,0.50766956,-0.48709619,0.49390204,0.5109498
0.34890982,-0.04495991,0.24733326,0.50766891,-0.4870892,0.49390444,0.51095479
0.34889351,-0.04470625,0.24733207,0.50766826,-0.4870822,0.49390686,0.51095976
0.34887719,-0.04445259,0.24733088,0.50766762,-0.48707521,0.49390927,0.51096474
0.34886088,-0.04419893,0.24732968,0.50766697,-0.48706822,0.49391168,0.51096971
0.34884456,-0.04394527,0.24732847,0.50766633,-0.48706124,0.4939141,0.51097467
0.34882824,-0.04369161,0.24732726,0.50766568,-0.48705425,0.49391652,0.51097963
0.34881191,-0.04343796,0.24732605,0.50766504,-0.48704727,0.49391894,0.51098458
0.34879559,-0.0431843,0.24732484,0.50766439,-0.48704029,0.49392136,0.51098953
0.34877926,-0.04293064,0.24732362,0.50766375,-0.48703332,0.49392379,0.51099448
0.34876294,-0.04267698,0.24732239,0.50766311,-0.48702634,0.49392622,0.51099942
0.3487466,-0.04242332,0.24732116,0.50766246,-0.48701937,0.49392865,0.51100436
0.34873027,-0.04216966,0.24731993,0.50766182,-0.4870124,0.49393108,0.51100929
0.34871394,-0.041916,0.24731869,0.50766118,-0.48700543,0.49393351,0.51101421
0.3486976,-0.04166234,0.24731745,0.50766054,-0.48699846,0.49393595,0.51101914
0.34868126,-0.04140869,0.24731621,0.5076599,-0.4869915,0.49393839,0.51102405
0.34866491,-0.04115503,0.24731496,0.50765925,-0.48698453,0.49394083,0.51102897
0.34864856,-0.04090138,0.24731371,0.50765861,-0.48697757,0.49394327,0.51103388
0.34863221,-0.04064773,0.24731245,0.50765797,-0.48697062,0.49394571,0.51103878
0.34861586,-0.04039408,0.24731119,0.50765733,-0.48696366,0.49394816,0.51104368
0.3485995,-0.04014043,0.24730993,0.50765669,-0.48695671,0.49395061,0.51104857
0.34858314,-0.03988678,0.24730866,0.50765605,-0.48694976,0.49395306,0.51105346
0.34856678,-0.03963314,0.24730739,0.50765542,-0.48694281,0.49395551,0.51105835
0.34855041,-0.03937949,0.24730611,0.50765478,-0.48693586,0.49395797,0.51106323
0.34853403,-0.03912585,0.24730483,0.50765414,-0.48692892,0.49396042,0.5110681
0.34851765,-0.03887221,0.24730354,0.5076535,-0.48692197,0.49396288,0.51107297
0.34850127,-0.03861858,0.24730226,0.50765287,-0.48691503,0.49396534,0.51107784
0.34848488,-0.03836495,0.24730096,0.50765223,-0.4869081,0.49396781,0.5110827
0.34846849,-0.03811132,0.24729967,0.50765159,-0.48690116,0.49397027,0.51108756
0.3484521,-0.03785769,0.24729836,0.50765096,-0.48689423,0.49397274,0.51109241
0.34843569,-0.03760407,0.24729706,0.50765032,-0.4868873,0.49397521,0.51109726
0.34841929,-0.03735045,0.24729575,0.50764969,-0.48688037,0.49397768,0.5111021
0.34840288,-0.03709683,0.24729444,0.50764905,-0.48687344,0.49398015,0.51110694
0.34838646,-0.03684322,0.24729312,0.50764842,-0.48686652,0.49398263,0.51111177
0.34837003,-0.03658961,0.2472918,0.50764778,-0.48685959,0.4939851,0.5111166
0.34835361,-0.03633601,0.24729047,0.50764715,-0.48685268,0.49398758,0.51112142
0.34833717,-0.03608241,0.24728914,0.50764652,-0.48684576,0.49399007,0.51112624
0.34832073,-0.03582881,0.24728781,0.50764589,-0.48683884,0.49399255,0.51113106
0.34830428,-0.03557522,0.24728647,0.50764525,-0.48683193,0.49399503,0.51113587
0.34828783,-0.03532163,0.24728513,0.50764462,-0.48682502,0.49399752,0.51114067
0.34827137,-0.03506805,0.24728379,0.50764399,-0.48681811,0.49400001,0.51114547
0.3482549,-0.03481447,0.24728244,0.50764336,-0.48681121,0.4940025,0.51115027
0.34823843,-0.0345609,0.24728108,0.50764273,-0.4868043,0.49400499,0.51115506
0.34822195,-0.03430733,0.24727972,0.5076421,-0.4867974,0.49400749,0.51115984
0.34820546,-0.03405377,0.24727836,0.50764147,-0.4867905,0.49400999,0.51116462
0.34818896,-0.03380021,0.247277,0.50764085,-0.48678361,0.49401249,0.5111694
0.34817246,-0.03354666,0.24727563,0.50764022,-0.48677671,0.49401499,0.51117417
0.34815595,-0.03329311,0.24727425,0.50763959,-0.48676982,0.49401749,0.51117894
0.34813943,-0.03303957,0.24727287,0.50763896,-0.48676293,0.49402,0.5111837
0.3481229,-0.03278604,0.24727149,0.50763834,-0.48675605,0.4940225,0.51118846
0.34810637,-0.03253251,0.2472701,0.50763771,-0.48674916,0.49402501,0.51119321
0.34808983,-0.03227898,0.24726871,0.50763708,-0.48674228,0.49402752,0.51119796
0.34807328,-0.03202547,0.24726732,0.50763646,-0.4867354,0.49403004,0.5112027
0.34805672,-0.03177196,0.24726592,0.50763584,-0.48672852,0.49403255,0.51120744
0.34804015,-0.03151845,0.24726452,0.50763521,-0.48672165,0.49403507,0.51121217
0.34802357,-0.03126495,0.24726311,0.50763459,-0.48671477,0.49403759,0.5112169
0.34800699,-0.03101146,0.2472617,0.50763396,-0.4867079,0.49404011,0.51122162
0.34799039,-0.03075798,0.24726029,0.50763334,-0.48670104,0.49404263,0.51122634
0.34797379,-0.0305045,0.24725887,0.50763272,-0.48669417,0.49404515,0.51123106
0.34795718,-0.03025103,0.24725745,0.5076321,-0.48668731,0.49404768,0.51123576
0.34794055,-0.02999756,0.24725602,0.50763148,-0.48668045,0.49405021,0.51124047
0.34792392,-0.0297441,0.24725459,0.50763086,-0.48667359,0.49405274,0.51124517
0.34790728,-0.02949065,0.24725316,0.50763024,-0.48666673,0.49405527,0.51124986
0.34789063,-0.02923721,0.24725172,0.50762962,-0.48665988,0.4940578,0.51125455
0.34787396,-0.02898377,0.24725028,0.507629,-0.48665303,0.49406034,0.51125924
0.34785729,-0.02873035,0.24724883,0.50762838,-0.48664618,0.49406288,0.51126392
0.34784061,-0.02847693,0.24724738,0.50762776,-0.48663934,0.49406542,0.51126859
0.34782391,-0.02822351,0.24724592,0.50762715,-0.48663249,0.49406796,0.51127326
0.34780721,-0.02797011,0.24724447,0.50762653,-0.48662565,0.4940705,0.51127793
0.34779049,-0.02771671,0.247243,0.50762591,-0.48661881,0.49407305,0.51128259
0.34777376,-0.02746332,0.24724154,0.5076253,-0.48661198,0.49407559,0.51128725
0.34775702,-0.02720994,0.24724007,0.50762468,-0.48660514,0.49407814,0.5112919
0.34774027,-0.02695657,0.24723859,0.50762407,-0.48659831,0.49408069,0.51129654
0.34772351,-0.0267032,0.24723712,0.50762346,-0.48659148,0.49408325,0.51130118
0.34770674,-0.02644985,0.24723563,0.50762284,-0.48658466,0.4940858,0.51130582
0.34768995,-0.0261965,0.24723415,0.50762223,-0.48657783,0.49408836,0.51131045
0.34767316,-0.02594316,0.24723266,0.50762162,-0.48657101,0.49409092,0.51131508
0.34765635,-0.02568983,0.24723116,0.50762101,-0.48656419,0.49409348,0.5113197
0.34763952,-0.02543651,0.24722967,0.5076204,-0.48655738,0.49409604,0.51132432
0.34762269,-0.0251832,0.24722817,0.50761978,-0.48655057,0.4940986,0.51132893
0.34760584,-0.02492989,0.24722666,0.50761918,-0.48654375,0.49410117,0.51133354
0.34758898,-0.0246766,0.24722515,0.50761857,-0.48653695,0.49410373,0.51133814
0.34757211,-0.02442331,0.24722364,0.50761796,-0.48653014,0.4941063,0.51134274
0.34755522,-0.02417003,0.24722212,0.50761735,-0.48652334,0.49410887,0.51134733
0.34753832,-0.02391677,0.2472206,0.50761674,-0.48651654,0.49411145,0.51135192
0.34752141,-0.02366351,0.24721907,0.50761614,-0.48650974,0.49411402,0.5113565
0.34750448,-0.02341026,0.24721755,0.50761553,-0.48650294,0.4941166,0.51136108
0.34748754,-0.02315702,0.24721601,0.50761492,-0.48649615,0.49411918,0.51136565
0.34747059,-0.02290379,0.24721448,0.50761432,-0.48648936,0.49412176,0.51137022
0.34745362,-0.02265057,0.24721294,0.50761371,-0.48648257,0.49412434,0.51137478
0.34743664,-0.02239735,0.24721139,0.50761311,-0.48647579,0.49412692,0.51137934
0.34741964,-0.02214415,0.24720985,0.50761251,-0.486469,0.49412951,0.51138389
0.34740263,-0.02189096,0.24720829,0.50761191,-0.48646222,0.49413209,0.51138844
0.3473856,-0.02163778,0.24720674,0.5076113,-0.48645544,0.49413468,0.51139298
0.34736856,-0.02138461,0.24720518,0.5076107,-0.48644867,0.49413727,0.51139752
0.3473515,-0.02113145,0.24720362,0.5076101,-0.4864419,0.49413987,0.51140205
0.34733443,-0.02087829,0.24720205,0.5076095,-0.48643513,0.49414246,0.51140658
0.34731734,-0.02062515,0.24720048,0.5076089,-0.48642836,0.49414506,0.5114111
0.34730024,-0.02037202,0.24719891,0.5076083,-0.4864216,0.49414765,0.51141562
0.34728312,-0.0201189,0.24719733,0.50760771,-0.48641483,0.49415025,0.51142014
0.34726599,-0.01986579,0.24719575,0.50760711,-0.48640807,0.49415285,0.51142464
0.34724884,-0.01961268,0.24719416,0.50760651,-0.48640132,0.49415546,0.51142915
0.34723167,-0.01935959,0.24719257,0.50760592,-0.48639456,0.49415806,0.51143365
0.34721449,-0.01910651,0.24719098,0.50760532,-0.48638781,0.49416067,0.51143814
0.34719729,-0.01885344,0.24718938,0.50760473,-0.48638106,0.49416328,0.51144263
0.34718007,-0.01860038,0.24718779,0.50760413,-0.48637432,0.49416588,0.51144711
0.34716284,-0.01834733,0.24718618,0.50760354,-0.48636757,0.4941685,0.51145159
0.34714559,-0.0180943,0.24718457,0.50760295,-0.48636083,0.49417111,0.51145606
0.34712832,-0.01784127,0.24718296,0.50760235,-0.4863541,0.49417372,0.51146053
0.34711104,-0.01758825,0.24718135,0.50760176,-0.48634736,0.49417634,0.51146499
0.34709374,-0.01733525,0.24717973,0.50760117,-0.48634063,0.49417896,0.51146945
0.34707642,-0.01708225,0.24717811,0.50760058,-0.4863339,0.49418158,0.51147391
0.34705908,-0.01682927,0.24717648,0.50759999,-0.48632717,0.4941842,0.51147836
0.34704173,-0.01657629,0.24717485,0.5075994,-0.48632044,0.49418682,0.5114828
0.34702436,-0.01632333,0.24717322,0.50759881,-0.48631372,0.49418945,0.51148724
0.34700696,-0.01607038,0.24717159,0.50759823,-0.486307,0.49419208,0.51149167
0.34698956,-0.01581744,0.24716995,0.50759764,-0.48630029,0.49419471,0.5114961
0.34697213,-0.01556451,0.2471683,0.50759705,-0.48629357,0.49419734,0.51150052
0.34695468,-0.01531159,0.24716666,0.50759647,-0.48628686,0.49419997,0.51150494
0.34693722,-0.01505868,0.24716501,0.50759588,-0.48628015,0.4942026,0.51150935
0.34691973,-0.01480578,0.24716335,0.5075953,-0.48627345,0.49420524,0.51151376
0.34690223,-0.0145529,0.2471617,0.50759472,-0.48626674,0.49420787,0.51151817
0.34688471,-0.01430002,0.24716004,0.50759413,-0.48626004,0.49421051,0.51152256
0.34686716,-0.01404716,0.24715837,0.50759355,-0.48625335,0.49421315,0.51152696
0.3468496,-0.01379431,0.2471567,0.50759297,-0.48624665,0.49421579,0.51153135
0.34683202,-0.01354147,0.24715503,0.50759239,-0.48623996,0.49421844,0.51153573
0.34681442,-0.01328864,0.24715336,0.50759181,-0.48623327,0.49422108,0.51154011
0.3467968,-0.01303582,0.24715168,0.50759123,-0.48622658,0.49422373,0.51154448
0.34677915,-0.01278301,0.24715,0.50759065,-0.4862199,0.49422638,0.51154885
0.34676149,-0.01253022,0.24714831,0.50759008,-0.48621322,0.49422903,0.51155321
0.34674381,-0.01227744,0.24714663,0.5075895,-0.48620654,0.49423168,0.51155757
0.34672611,-0.01202466,0.24714494,0.50758892,-0.48619987,0.49423433,0.51156192
0.34670838,-0.0117719,0.24714324,0.50758835,-0.48619319,0.49423699,0.51156627
0.34669064,-0.01151915,0.24714154,0.50758777,-0.48618652,0.49423964,0.51157061
0.34667287,-0.01126641,0.24713984,0.5075872,-0.48617986,0.4942423,0.51157495
0.34665508,-0.01101369,0.24713814,0.50758663,-0.48617319,0.49424496,0.51157928
0.34663727,-0.01076097,0.24713643,0.50758606,-0.48616653,0.49424762,0.51158361
0.34661944,-0.01050827,0.24713472,0.50758548,-0.48615987,0.49425028,0.51158793
0.34660159,-0.01025558,0.247133,0.50758491,-0.48615322,0.49425295,0.51159225
0.34658371,-0.01000289,0.24713129,0.50758434,-0.48614656,0.49425561,0.51159656
0.34656582,-0.00975023,0.24712956,0.50758377,-0.48613991,0.49425828,0.51160087
0.3465479,-0.00949757,0.24712784,0.5075832,-0.48613327,0.49426095,0.51160517
0.34652996,-0.00924492,0.24712611,0.50758264,-0.48612662,0.49426362,0.51160947
0.34651199,-0.00899229,0.24712438,0.50758207,-0.48611998,0.49426629,0.51161376
0.34649401,-0.00873966,0.24712265,0.5075815,-0.48611334,0.49426897,0.51161805
0.346476,-0.00848705,0.24712091,0.50758094,-0.48610671,0.49427164,0.51162233
0.34645797,-0.00823445,0.24711917,0.50758037,-0.48610007,0.49427432,0.5116266
0.34643991,-0.00798186,0.24711743,0.50757981,-0.48609344,0.494277,0.51163087
0.34642183,-0.00772928,0.24711568,0.50757924,-0.48608681,0.49427968,0.51163514
0.34640373,-0.00747672,0.24711393,0.50757868,-0.48608019,0.49428236,0.5116394
0.3463856,-0.00722416,0.24711218,0.50757812,-0.48607357,0.49428504,0.51164366
0.34636745,-0.00697162,0.24711042,0.50757756,-0.48606695,0.49428773,0.51164791
0.34634928,-0.00671909,0.24710866,0.507577,-0.48606033,0.49429041,0.51165215
0.34633108,-0.00646657,0.2471069,0.50757644,-0.48605372,0.4942931,0.5116564
0.34631286,-0.00621406,0.24710514,0.50757588,-0.48604711,0.49429579,0.51166063
0.34629461,-0.00596157,0.24710337,0.50757532,-0.4860405,0.49429848,0.51166486
0.34627634,-0.00570908,0.2471016,0.50757477,-0.4860339,0.49430118,0.51166909
0.34625805,-0.00545661,0.24709982,0.50757421,-0.4860273,0.49430387,0.51167331
0.34623973,-0.00520415,0.24709805,0.50757365,-0.4860207,0.49430656,0.51167752
0.34622138,-0.00495169,0.24709627,0.5075731,-0.4860141,0.49430926,0.51168173
0.34620301,-0.00469926,0.24709448,0.50757255,-0.48600751,0.49431196,0.51168593
0.34618461,-0.00444683,0.2470927,0.50757199,-0.48600092,0.49431466,0.51169013
0.34616619,-0.00419441,0.24709091,0.50757144,-0.48599434,0.49431736,0.51169433
0.34614775,-0.00394201,0.24708912,0.50757089,-0.48598775,0.49432006,0.51169852
0.34612927,-0.00368961,0.24708732,0.50757034,-0.48598117,0.49432277,0.5117027
0.34611078,-0.00343723,0.24708553,0.50756979,-0.48597459,0.49432548,0.51170688
0.34609225,-0.00318486,0.24708373,0.50756924,-0.48596802,0.49432818,0.51171105
0.3460737,-0.0029325,0.24708192,0.50756869,-0.48596145,0.49433089,0.51171522
0.34605512,-0.00268015,0.24708012,0.50756814,-0.48595488,0.4943336,0.51171939
0.34603652,-0.00242781,0.24707831,0.5075676,-0.48594831,0.49433631,0.51172354
0.34601789,-0.00217548,0.2470765,0.50756705,-0.48594175,0.49433903,0.5117277
0.34599924,-0.00192317,0.24707468,0.5075665,-0.48593519,0.49434174,0.51173184
0.34598055,-0.00167087,0.24707287,0.50756596,-0.48592863,0.49434446,0.51173599
0.34596184,-0.00141857,0.24707105,0.50756542,-0.48592208,0.49434718,0.51174012
0.34594311,-0.00116629,0.24706922,0.50756487,-0.48591552,0.49434989,0.51174426
0.34592434,-0.00091402,0.2470674,0.50756433,-0.48590898,0.49435262,0.51174838
0.34590555,-0.00066176,0.24706557,0.50756379,-0.48590243,0.49435534,0.5117525
0.34588673,-0.00040951,0.24706374,0.50756325,-0.48589589,0.49435806,0.51175662
0.34586788,-0.00015727,0.24706191,0.50756271,-0.48588935,0.49436079,0.51176073
0.34584901,9.495E-05,0.24706007,0.50756217,-0.48588281,0.49436351,0.51176484
0.3458301,0.00034717,0.24705823,0.50756164,-0.48587628,0.49436624,0.51176894
0.34581117,0.00059937,0.24705639,0.5075611,-0.48586975,0.49436897,0.51177303
0.34579221,0.00085157,0.24705455,0.50756056,-0.48586322,0.4943717,0.51177712
0.34577322,0.00110375,0.2470527,0.50756003,-0.4858567,0.49437443,0.51178121
0.34575421,0.00135592,0.24705085,0.50755949,-0.48585018,0.49437717,0.51178529
0.34573516,0.00160809,0.247049,0.50755896,-0.48584366,0.4943799,0.51178936
0.34571609,0.00186024,0.24704714,0.50755843,-0.48583714,0.49438264,0.51179343
0.34569699,0.00211238,0.24704529,0.5075579,-0.48583063,0.49438538,0.5117975
0.34567785,0.00236451,0.24704343,0.50755737,-0.48582412,0.49438811,0.51180156
0.34565869,0.00261663,0.24704157,0.50755684,-0.48581762,0.49439085,0.51180561
0.3456395,0.00286874,0.2470397,0.50755631,-0.48581111,0.4943936,0.51180966
0.34562028,0.00312084,0.24703784,0.50755578,-0.48580461,0.49439634,0.5118137
0.34560103,0.00337292,0.24703597,0.50755525,-0.48579812,0.49439908,0.51181774
0.34558175,0.003625,0.2470341,0.50755473,-0.48579162,0.49440183,0.51182177
0.34556244,0.00387707,0.24703222,0.5075542,-0.48578513,0.49440458,0.5118258
0.3455431,0.00412913,0.24703035,0.50755367,-0.48577865,0.49440733,0.51182982
0.34552373,0.00438117,0.24702847,0.50755315,-0.48577216,0.49441008,0.51183384
0.34550433,0.00463321,0.24702659,0.50755263,-0.48576568,0.49441283,0.51183785
0.3454849,0.00488524,0.2470247,0.50755211,-0.4857592,0.49441558,0.51184186
0.34546544,0.00513725,0.24702282,0.50755158,-0.48575273,0.49441834,0.51184586
0.34544595,0.00538926,0.24702093,0.50755106,-0.48574625,0.49442109,0.51184986
0.34542643,0.00564126,0.24701904,0.50755054,-0.48573979,0.49442385,0.51185385
0.34540687,0.00589324,0.24701715,0.50755003,-0.48573332,0.49442661,0.51185783
0.34538729,0.00614522,0.24701525,0.50754951,-0.48572686,0.49442937,0.51186181
0.34536767,0.00639719,0.24701336,0.50754899,-0.4857204,0.49443213,0.51186579
0.34534802,0.00664915,0.24701146,0.50754848,-0.48571394,0.49443489,0.51186976
0.34532834,0.0069011,0.24700956,0.50754796,-0.48570749,0.49443766,0.51187372
0.34530863,0.00715303,0.24700765,0.50754745,-0.48570104,0.49444042,0.51187768
0.34528889,0.00740496,0.24700575,0.50754693,-0.48569459,0.49444319,0.51188164
0.34526912,0.00765688,0.24700384,0.50754642,-0.48568815,0.49444595,0.51188559
0.34524931,0.00790879,0.24700193,0.50754591,-0.48568171,0.49444872,0.51188953
0.34522947,0.00816069,0.24700002,0.5075454,-0.48567527,0.49445149,0.51189347
0.3452096,0.00841258,0.2469981,0.50754489,-0.48566883,0.49445427,0.5118974
0.3451897,0.00866447,0.24699619,0.50754438,-0.4856624,0.49445704,0.51190133
0.34516977,0.00891634,0.24699427,0.50754387,-0.48565597,0.49445981,0.51190525
0.3451498,0.0091682,0.24699235,0.50754337,-0.48564955,0.49446259,0.51190917
0.3451298,0.00942006,0.24699042,0.50754286,-0.48564313,0.49446537,0.51191308
0.34510976,0.0096719,0.2469885,0.50754235,-0.48563671,0.49446814,0.51191698
0.3450897,0.00992374,0.24698657,0.50754185,-0.48563029,0.49447092,0.51192089
0.3450696,0.01017557,0.24698465,0.50754135,-0.48562388,0.49447371,0.51192478
0.34504946,0.01042739,0.24698271,0.50754084,-0.48561747,0.49447649,0.51192867
0.3450293,0.0106792,0.24698078,0.50754034,-0.48561107,0.49447927,0.51193256
0.3450091,0.010931,0.24697885,0.50753984,-0.48560466,0.49448206,0.51193644
0.34498887,0.01118279,0.24697691,0.50753934,-0.48559826,0.49448484,0.51194031
0.3449686,0.01143458,0.24697497,0.50753884,-0.48559187,0.49448763,0.51194418
0.3449483,0.01168636,0.24697303,0.50753835,-0.48558547,0.49449042,0.51194804
0.34492796,0.01193812,0.24697109,0.50753785,-0.48557909,0.49449321,0.5119519
0.3449076,0.01218988,0.24696915,0.50753735,-0.4855727,0.494496,0.51195576
0.34488719,0.01244164,0.2469672,0.50753686,-0.48556632,0.49449879,0.5119596
0.34486676,0.01269338,0.24696526,0.50753636,-0.48555993,0.49450159,0.51196345
0.34484628,0.01294512,0.24696331,0.50753587,-0.48555356,0.49450438,0.51196728
0.34482578,0.01319684,0.24696135,0.50753538,-0.48554718,0.49450718,0.51197112
0.34480524,0.01344856,0.2469594,0.50753489,-0.48554081,0.49450997,0.51197494
0.34478466,0.01370027,0.24695745,0.5075344,-0.48553445,0.49451277,0.51197876
0.34476405,0.01395198,0.24695549,0.50753391,-0.48552808,0.49451557,0.51198258
0.34474341,0.01420368,0.24695353,0.50753342,-0.48552172,0.49451837,0.51198639
0.34472273,0.01445536,0.24695157,0.50753293,-0.48551536,0.49452118,0.51199019
0.34470201,0.01470705,0.24694961,0.50753245,-0.48550901,0.49452398,0.51199399
0.34468126,0.01495872,0.24694765,0.50753196,-0.48550266,0.49452678,0.51199779
0.34466048,0.01521039,0.24694568,0.50753148,-0.48549631,0.49452959,0.51200158
0.34463966,0.01546205,0.24694372,0.50753099,-0.48548997,0.4945324,0.51200536
0.3446188,0.0157137,0.24694175,0.50753051,-0.48548363,0.49453521,0.51200914
0.34459791,0.01596534,0.24693978,0.50753003,-0.48547729,0.49453802,0.51201291
0.34457698,0.01621698,0.24693781,0.50752955,-0.48547095,0.49454083,0.51201668
0.34455602,0.01646861,0.24693584,0.50752907,-0.48546462,0.49454364,0.51202044
0.34453502,0.01672024,0.24693386,0.50752859,-0.48545829,0.49454645,0.5120242
0.34451398,0.01697185,0.24693189,0.50752811,-0.48545197,0.49454927,0.51202795
0.34449291,0.01722347,0.24692991,0.50752763,-0.48544565,0.49455208,0.5120317
0.3444718,0.01747507,0.24692793,0.50752716,-0.48543933,0.4945549,0.51203544
0.34445066,0.01772667,0.24692595,0.50752668,-0.48543302,0.49455772,0.51203917
0.34442948,0.01797826,0.24692397,0.50752621,-0.4854267,0.49456054,0.51204291
0.34440826,0.01822984,0.24692198,0.50752573,-0.4854204,0.49456336,0.51204663
0.34438701,0.01848142,0.24692,0.50752526,-0.48541409,0.49456618,0.51205035
0.34436572,0.01873299,0.24691801,0.50752479,-0.48540779,0.494569,0.51205406
0.34434439,0.01898456,0.24691603,0.50752432,-0.48540149,0.49457183,0.51205777
0.34432302,0.01923612,0.24691404,0.50752385,-0.4853952,0.49457465,0.51206148
0.34430162,0.01948767,0.24691205,0.50752338,-0.48538891,0.49457748,0.51206517
0.34428018,0.01973922,0.24691006,0.50752292,-0.48538262,0.49458031,0.51206887
0.34425871,0.01999077,0.24690806,0.50752245,-0.48537633,0.49458314,0.51207255
0.34423719,0.0202423,0.24690607,0.50752199,-0.48537005,0.49458597,0.51207623
0.34421564,0.02049383,0.24690407,0.50752152,-0.48536377,0.4945888,0.51207991
0.34419405,0.02074536,0.24690207,0.50752106,-0.4853575,0.49459163,0.51208358
0.34417243,0.02099688,0.24690008,0.5075206,-0.48535123,0.49459446,0.51208725
0.34415076,0.02124839,0.24689808,0.50752013,-0.48534496,0.4945973,0.51209091
0.34412906,0.0214999,0.24689608,0.50751967,-0.4853387,0.49460013,0.51209456
0.34410732,0.02175141,0.24689407,0.50751921,-0.48533243,0.49460297,0.51209821
0.34408555,0.02200291,0.24689207,0.50751876,-0.48532618,0.49460581,0.51210186
0.34406373,0.0222544,0.24689007,0.5075183,-0.48531992,0.49460865,0.51210549
0.34404188,0.02250589,0.24688806,0.50751784,-0.48531367,0.49461149,0.51210913
0.34401999,0.02275738,0.24688605,0.50751739,-0.48530742,0.49461433,0.51211276
0.34399806,0.02300886,0.24688405,0.50751693,-0.48530118,0.49461717,0.51211638
0.34397609,0.02326033,0.24688204,0.50751648,-0.48529494,0.49462001,0.51211999
0.34395409,0.0235118,0.24688003,0.50751603,-0.4852887,0.49462286,0.51212361
0.34393204,0.02376327,0.24687801,0.50751557,-0.48528247,0.4946257,0.51212721
0.34390996,0.02401473,0.246876,0.50751512,-0.48527624,0.49462855,0.51213081
0.34388784,0.02426619,0.24687399,0.50751467,-0.48527001,0.4946314,0.51213441
0.34386568,0.02451764,0.24687197,0.50751423,-0.48526379,0.49463425,0.512138
0.34384348,0.02476909,0.24686996,0.50751378,-0.48525757,0.4946371,0.51214158
0.34382124,0.02502054,0.24686794,0.50751333,-0.48525135,0.49463995,0.51214516
0.34379896,0.02527198,0.24686592,0.50751289,-0.48524513,0.4946428,0.51214873
0.34377665,0.02552342,0.2468639,0.50751244,-0.48523892,0.49464566,0.5121523
0.34375429,0.02577485,0.24686188,0.507512,-0.48523272,0.49464851,0.51215587
0.3437319,0.02602628,0.24685986,0.50751156,-0.48522651,0.49465137,0.51215942
0.34370947,0.02627771,0.24685784,0.50751112,-0.48522031,0.49465422,0.51216298
0.34368699,0.02652913,0.24685582,0.50751068,-0.48521412,0.49465708,0.51216652
0.34366448,0.02678055,0.24685379,0.50751024,-0.48520793,0.49465994,0.51217006
0.34364193,0.02703197,0.24685177,0.5075098,-0.48520174,0.4946628,0.5121736
0.34361934,0.02728338,0.24684974,0.50750936,-0.48519555,0.49466566,0.51217713
0.34359671,0.02753479,0.24684772,0.50750892,-0.48518937,0.49466852,0.51218065
0.34357404,0.0277862,0.24684569,0.50750849,-0.48518319,0.49467139,0.51218417
0.34355133,0.0280376,0.24684366,0.50750805,-0.48517701,0.49467425,0.51218769
0.34352858,0.028289,0.24684163,0.50750762,-0.48517084,0.49467712,0.51219119
0.34350579,0.0285404,0.2468396,0.50750719,-0.48516467,0.49467998,0.5121947
0.34348296,0.0287918,0.24683757,0.50750676,-0.48515851,0.49468285,0.51219819
0.34346009,0.02904319,0.24683554,0.50750633,-0.48515235,0.49468572,0.51220169
0.34343719,0.02929458,0.24683351,0.5075059,-0.48514619,0.49468859,0.51220517
0.34341424,0.02954597,0.24683147,0.50750547,-0.48514003,0.49469146,0.51220865
0.34339125,0.02979736,0.24682944,0.50750504,-0.48513388,0.49469433,0.51221213
0.34336822,0.03004874,0.2468274,0.50750462,-0.48512773,0.4946972,0.5122156
0.34334515,0.03030012,0.24682537,0.50750419,-0.48512159,0.49470008,0.51221907
0.34332204,0.0305515,0.24682333,0.50750377,-0.48511545,0.49470295,0.51222252
0.34329889,0.03080288,0.24682129,0.50750335,-0.48510931,0.49470583,0.51222598
0.3432757,0.03105426,0.24681926,0.50750292,-0.48510318,0.4947087,0.51222943
0.34325247,0.03130563,0.24681722,0.5075025,-0.48509705,0.49471158,0.51223287
0.3432292,0.031557,0.24681518,0.50750208,-0.48509092,0.49471446,0.51223631
0.34320589,0.03180837,0.24681314,0.50750166,-0.4850848,0.49471734,0.51223974
0.34318254,0.03205974,0.2468111,0.50750125,-0.48507868,0.49472022,0.51224317
0.34315915,0.03231111,0.24680906,0.50750083,-0.48507256,0.4947231,0.51224659
0.34313571,0.03256248,0.24680701,0.50750041,-0.48506645,0.49472599,0.51225
0.34311224,0.03281384,0.24680497,0.5075,-0.48506034,0.49472887,0.51225341
0.34308872,0.0330652,0.24680293,0.50749959,-0.48505424,0.49473176,0.51225682
0.34306517,0.03331657,0.24680088,0.50749917,-0.48504814,0.49473464,0.51226022
0.34304157,0.03356793,0.24679884,0.50749876,-0.48504204,0.49473753,0.51226361
0.34301794,0.03381929,0.2467968,0.50749835,-0.48503594,0.49474042,0.512267
0.34299426,0.03407065,0.24679475,0.50749794,-0.48502985,0.49474331,0.51227038
0.34297054,0.03432201,0.2467927,0.50749753,-0.48502376,0.4947462,0.51227376
0.34294678,0.03457337,0.24679066,0.50749713,-0.48501768,0.49474909,0.51227713
0.34292298,0.03482473,0.24678861,0.50749672,-0.4850116,0.49475198,0.5122805
0.34289914,0.03507608,0.24678656,0.50749632,-0.48500552,0.49475487,0.51228386
0.34287526,0.03532744,0.24678451,0.50749591,-0.48499945,0.49475777,0.51228721
0.34285134,0.0355788,0.24678247,0.50749551,-0.48499338,0.49476066,0.51229056
0.34282737,0.03583015,0.24678042,0.50749511,-0.48498731,0.49476356,0.51229391
0.34280337,0.03608151,0.24677837,0.50749471,-0.48498125,0.49476645,0.51229725
0.34277932,0.03633286,0.24677632,0.50749431,-0.48497519,0.49476935,0.51230058
0.34275523,0.03658422,0.24677427,0.50749391,-0.48496914,0.49477225,0.51230391
0.3427311,0.03683558,0.24677221,0.50749351,-0.48496308,0.49477515,0.51230723
0.34270693,0.03708693,0.24677016,0.50749311,-0.48495704,0.49477805,0.51231055
0.34268272,0.03733829,0.24676811,0.50749272,-0.48495099,0.49478095,0.51231386
0.34265847,0.03758964,0.24676606,0.50749232,-0.48494495,0.49478385,0.51231716
0.34263417,0.037841,0.24676401,0.50749193,-0.48493891,0.49478676,0.51232046
0.34260984,0.03809236,0.24676195,0.50749154,-0.48493288,0.49478966,0.51232376
0.34258546,0.03834372,0.2467599,0.50749114,-0.48492685,0.49479257,0.51232705
0.34256104,0.03859507,0.24675784,0.50749075,-0.48492082,0.49479547,0.51233033
0.34253658,0.03884643,0.24675579,0.50749037,-0.4849148,0.49479838,0.51233361
0.34251208,0.03909779,0.24675374,0.50748998,-0.48490878,0.49480129,0.51233688
0.34248754,0.03934915,0.24675168,0.50748959,-0.48490276,0.4948042,0.51234015
0.34246295,0.03960051,0.24674963,0.5074892,-0.48489675,0.49480711,0.51234341
0.34243833,0.03985188,0.24674757,0.50748882,-0.48489074,0.49481002,0.51234667
0.34241366,0.04010324,0.24674551,0.50748844,-0.48488474,0.49481293,0.51234992
0.34238895,0.0403546,0.24674346,0.50748805,-0.48487874,0.49481584,0.51235317
0.3423642,0.04060597,0.2467414,0.50748767,-0.48487274,0.49481876,0.51235641
0.34233941,0.04085734,0.24673934,0.50748729,-0.48486675,0.49482167,0.51235964
0.34231458,0.0411087,0.24673729,0.50748691,-0.48486076,0.49482459,0.51236287
0.3422897,0.04136007,0.24673523,0.50748653,-0.48485477,0.4948275,0.51236609
0.34226479,0.04161144,0.24673317,0.50748615,-0.48484879,0.49483042,0.51236931
0.34223983,0.04186282,0.24673112,0.50748578,-0.48484281,0.49483334,0.51237252
0.34221483,0.04211419,0.24672906,0.5074854,-0.48483683,0.49483626,0.51237573
0.34218979,0.04236557,0.246727,0.50748503,-0.48483086,0.49483918,0.51237893
0.34216471,0.04261694,0.24672494,0.50748466,-0.48482489,0.4948421,0.51238213
0.34213959,0.04286832,0.24672288,0.50748428,-0.48481893,0.49484502,0.51238532
0.34211442,0.0431197,0.24672082,0.50748391,-0.48481297,0.49484794,0.5123885
0.34208921,0.04337109,0.24671876,0.50748354,-0.48480701,0.49485087,0.51239168
0.34206396,0.04362247,0.2467167,0.50748317,-0.48480106,0.49485379,0.51239486
0.34203867,0.04387386,0.24671465,0.50748281,-0.48479511,0.49485672,0.51239802
0.34201334,0.04412525,0.24671259,0.50748244,-0.48478916,0.49485964,0.51240119
0.34198797,0.04437664,0.24671053,0.50748207,-0.48478322,0.49486257,0.51240434
0.34196256,0.04462803,0.24670847,0.50748171,-0.48477728,0.4948655,0.5124075
0.3419371,0.04487943,0.24670641,0.50748135,-0.48477134,0.49486843,0.51241064
0.3419116,0.04513082,0.24670435,0.50748098,-0.48476541,0.49487136,0.51241378
0.34188606,0.04538222,0.24670229,0.50748062,-0.48475949,0.49487429,0.51241692
0.34186048,0.04563363,0.24670023,0.50748026,-0.48475356,0.49487722,0.51242005
0.34183486,0.04588503,0.24669817,0.5074799,-0.48474764,0.49488015,0.51242317
0.3418092,0.04613644,0.2466961,0.50747955,-0.48474172,0.49488309,0.51242629
0.34178349,0.04638785,0.24669404,0.50747919,-0.48473581,0.49488602,0.5124294
0.34175774,0.04663926,0.24669198,0.50747883,-0.4847299,0.49488895,0.51243251
0.34173196,0.04689068,0.24668992,0.50747848,-0.484724,0.49489189,0.51243561
0.34170613,0.0471421,0.24668786,0.50747813,-0.4847181,0.49489483,0.51243871
0.34168025,0.04739352,0.2466858,0.50747777,-0.4847122,0.49489776,0.5124418
0.34165434,0.04764494,0.24668374,0.50747742,-0.4847063,0.4949007,0.51244488
0.34162839,0.04789637,0.24668168,0.50747707,-0.48470041,0.49490364,0.51244796
0.34160239,0.0481478,0.24667962,0.50747672,-0.48469453,0.49490658,0.51245104
0.34157636,0.04839923,0.24667756,0.50747637,-0.48468864,0.49490952,0.51245411
0.34155028,0.04865067,0.2466755,0.50747603,-0.48468276,0.49491246,0.51245717
0.34152416,0.04890211,0.24667343,0.50747568,-0.48467689,0.49491541,0.51246023
0.341498,0.04915355,0.24667137,0.50747534,-0.48467102,0.49491835,0.51246328
0.3414718,0.04940499,0.24666931,0.50747499,-0.48466515,0.4949213,0.51246633
0.34144556,0.04965644,0.24666725,0.50747465,-0.48465929,0.49492424,0.51246937
0.34141927,0.04990789,0.24666519,0.50747431,-0.48465342,0.49492719,0.5124724
0.34139295,0.05015935,0.24666313,0.50747397,-0.48464757,0.49493013,0.51247543
0.34136658,0.05041081,0.24666107,0.50747363,-0.48464172,0.49493308,0.51247846
0.34134017,0.05066227,0.24665901,0.50747329,-0.48463587,0.49493603,0.51248148
0.34131373,0.05091374,0.24665695,0.50747295,-0.48463002,0.49493898,0.51248449
0.34128724,0.0511652,0.24665489,0.50747262,-0.48462418,0.49494193,0.5124875
0.34126071,0.05141668,0.24665282,0.50747228,-0.48461834,0.49494488,0.5124905
0.34123413,0.05166815,0.24665076,0.50747195,-0.48461251,0.49494783,0.5124935
0.34120752,0.05191963,0.2466487,0.50747162,-0.48460668,0.49495078,0.51249649
0.34118087,0.05217111,0.24664664,0.50747128,-0.48460085,0.49495373,0.51249947
0.34115418,0.0524226,0.24664458,0.50747095,-0.48459503,0.49495669,0.51250245
0.34112744,0.05267409,0.24664252,0.50747063,-0.48458921,0.49495964,0.51250543
0.34110067,0.05292558,0.24664046,0.5074703,-0.48458339,0.4949626,0.5125084
0.34107385,0.05317708,0.2466384,0.50746997,-0.48457758,0.49496556,0.51251136
0.34104699,0.05342858,0.24663634,0.50746964,-0.48457177,0.49496851,0.51251432
0.34102009,0.05368009,0.24663428,0.50746932,-0.48456597,0.49497147,0.51251727
0.34099316,0.0539316,0.24663222,0.50746899,-0.48456017,0.49497443,0.51252022
0.34096618,0.05418311,0.24663016,0.50746867,-0.48455437,0.49497739,0.51252316
0.34093916,0.05443463,0.2466281,0.50746835,-0.48454858,0.49498035,0.5125261
0.3409121,0.05468615,0.24662604,0.50746803,-0.48454279,0.49498331,0.51252903
0.340885,0.05493767,0.24662398,0.50746771,-0.48453701,0.49498627,0.51253195
0.34085786,0.0551892,0.24662192,0.50746739,-0.48453123,0.49498923,0.51253487
0.34083068,0.05544073,0.24661986,0.50746708,-0.48452545,0.4949922,0.51253778
0.34080346,0.05569227,0.2466178,0.50746676,-0.48451968,0.49499516,0.51254069
0.3407762,0.05594381,0.24661575,0.50746644,-0.48451391,0.49499813,0.51254359
0.3407489,0.05619535,0.24661369,0.50746613,-0.48450814,0.49500109,0.51254649
0.34072155,0.0564469,0.24661163,0.50746582,-0.48450238,0.49500406,0.51254938
0.34069417,0.05669845,0.24660957,0.50746551,-0.48449662,0.49500702,0.51255227
0.34066675,0.05695,0.24660751,0.5074652,-0.48449087,0.49500999,0.51255515
0.34063929,0.05720156,0.24660545,0.50746489,-0.48448512,0.49501296,0.51255802
0.34061179,0.05745313,0.2466034,0.50746458,-0.48447937,0.49501593,0.51256089
0.34058425,0.0577047,0.24660134,0.50746427,-0.48447363,0.4950189,0.51256376
0.34055667,0.05795627,0.24659928,0.50746397,-0.48446789,0.49502187,0.51256661
0.34052905,0.05820784,0.24659722,0.50746366,-0.48446216,0.49502484,0.51256947
0.34050139,0.05845942,0.24659517,0.50746336,-0.48445643,0.49502782,0.51257231
0.34047369,0.05871101,0.24659311,0.50746305,-0.4844507,0.49503079,0.51257515
0.34044595,0.05896259,0.24659105,0.50746275,-0.48444497,0.49503376,0.51257799
0.34041817,0.05921419,0.246589,0.50746245,-0.48443926,0.49503674,0.51258082
0.34039036,0.05946578,0.24658694,0.50746215,-0.48443354,0.49503971,0.51258364
0.3403625,0.05971738,0.24658488,0.50746185,-0.48442783,0.49504269,0.51258646
0.3403346,0.05996899,0.24658283,0.50746156,-0.48442212,0.49504566,0.51258928
0.34030667,0.06022059,0.24658077,0.50746126,-0.48441642,0.49504864,0.51259209
0.34027869,0.06047221,0.24657872,0.50746097,-0.48441072,0.49505162,0.51259489
0.34025068,0.06072382,0.24657666,0.50746067,-0.48440502,0.4950546,0.51259768
0.34022263,0.06097544,0.24657461,0.50746038,-0.48439933,0.49505758,0.51260048
0.34019454,0.06122707,0.24657255,0.50746009,-0.48439364,0.49506056,0.51260326
0.34016641,0.06147869,0.2465705,0.5074598,-0.48438795,0.49506354,0.51260604
0.34013824,0.06173033,0.24656844,0.50745951,-0.48438227,0.49506652,0.51260882
0.34011003,0.06198196,0.24656639,0.50745922,-0.4843766,0.4950695,0.51261159
0.34008179,0.0622336,0.24656433,0.50745893,-0.48437092,0.49507249,0.51261435
0.3400535,0.06248525,0.24656228,0.50745865,-0.48436525,0.49507547,0.51261711
0.34002518,0.06273689,0.24656023,0.50745836,-0.48435959,0.49507846,0.51261986
0.33999682,0.06298855,0.24655817,0.50745808,-0.48435393,0.49508144,0.51262261
0.33996842,0.0632402,0.24655612,0.5074578,-0.48434827,0.49508443,0.51262535
0.33993999,0.06349186,0.24655407,0.50745752,-0.48434262,0.49508741,0.51262808
0.33991151,0.06374352,0.24655202,0.50745724,-0.48433697,0.4950904,0.51263081
0.339883,0.06399519,0.24654996,0.50745696,-0.48433132,0.49509339,0.51263354
0.33985445,0.06424686,0.24654791,0.50745668,-0.48432568,0.49509638,0.51263626
0.33982586,0.06449854,0.24654586,0.5074564,-0.48432004,0.49509937,0.51263897
0.33979723,0.06475021,0.24654381,0.50745613,-0.48431441,0.49510236,0.51264168
0.33976857,0.0650019,0.24654176,0.50745585,-0.48430878,0.49510535,0.51264438
0.33973987,0.06525358,0.24653971,0.50745558,-0.48430315,0.49510834,0.51264708
0.33971113,0.06550527,0.24653766,0.5074553,-0.48429753,0.49511133,0.51264977
0.33968235,0.06575697,0.24653561,0.50745503,-0.48429191,0.49511433,0.51265246
0.33965354,0.06600866,0.24653356,0.50745476,-0.48428629,0.49511732,0.51265514
0.33962469,0.06626036,0.24653151,0.50745449,-0.48428068,0.49512031,0.51265781
0.3395958,0.06651207,0.24652946,0.50745423,-0.48427508,0.49512331,0.51266048
0.33956688,0.06676377,0.24652741,0.50745396,-0.48426947,0.4951263,0.51266314
0.33953792,0.06701548,0.24652536,0.50745369,-0.48426388,0.4951293,0.5126658
0.33950892,0.0672672,0.24652332,0.50745343,-0.48425828,0.4951323,0.51266845
0.33947988,0.06751891,0.24652127,0.50745317,-0.48425269,0.49513529,0.5126711
0.33945081,0.06777064,0.24651922,0.5074529,-0.4842471,0.49513829,0.51267374
0.3394217,0.06802236,0.24651717,0.50745264,-0.48424152,0.49514129,0.51267638
0.33939256,0.06827409,0.24651513,0.50745238,-0.48423594,0.49514429,0.51267901
0.33936338,0.06852582,0.24651308,0.50745212,-0.48423037,0.49514729,0.51268163
0.33933416,0.06877755,0.24651103,0.50745187,-0.48422479,0.49515029,0.51268425
0.33930491,0.06902929,0.24650899,0.50745161,-0.48421923,0.49515329,0.51268686
0.33927562,0.06928103,0.24650694,0.50745135,-0.48421366,0.4951563,0.51268947
0.3392463,0.06953277,0.24650489,0.5074511,-0.4842081,0.4951593,0.51269207
0.33921694,0.06978451,0.24650285,0.50745085,-0.48420255,0.4951623,0.51269467
0.33918754,0.07003626,0.2465008,0.50745059,-0.484197,0.49516531,0.51269726
0.33915811,0.07028801,0.24649876,0.50745034,-0.48419145,0.49516831,0.51269985
0.33912865,0.07053977,0.24649672,0.50745009,-0.48418591,0.49517132,0.51270243
0.33909914,0.07079152,0.24649467,0.50744984,-0.48418037,0.49517432,0.512705
0.33906961,0.07104328,0.24649263,0.5074496,-0.48417483,0.49517733,0.51270757
0.33904003,0.07129504,0.24649058,0.50744935,-0.4841693,0.49518034,0.51271014
0.33901043,0.07154681,0.24648854,0.5074491,-0.48416377,0.49518334,0.51271269
0.33898078,0.07179857,0.2464865,0.50744886,-0.48415825,0.49518635,0.51271525
0.33895111,0.07205034,0.24648446,0.50744862,-0.48415273,0.49518936,0.51271779
0.3389214,0.07230211,0.24648242,0.50744837,-0.48414721,0.49519237,0.51272033
0.33889165,0.07255389,0.24648037,0.50744813,-0.4841417,0.49519538,0.51272287
0.33886187,0.07280566,0.24647833,0.50744789,-0.48413619,0.49519839,0.5127254
0.33883206,0.07305744,0.24647629,0.50744765,-0.48413069,0.4952014,0.51272792
0.33880221,0.07330922,0.24647425,0.50744742,-0.48412519,0.49520442,0.51273044
0.33877232,0.073561,0.24647221,0.50744718,-0.48411969,0.49520743,0.51273296
0.33874241,0.07381279,0.24647017,0.50744695,-0.4841142,0.49521044,0.51273546
0.33871246,0.07406457,0.24646813,0.50744671,-0.48410871,0.49521346,0.51273797
0.33868247,0.07431636,0.24646609,0.50744648,-0.48410323,0.49521647,0.51274046
0.33865246,0.07456815,0.24646405,0.50744625,-0.48409775,0.49521949,0.51274295
0.3386224,0.07481994,0.24646201,0.50744601,-0.48409227,0.4952225,0.51274544
0.33859232,0.07507173,0.24645998,0.50744579,-0.4840868,0.49522552,0.51274792
0.3385622,0.07532352,0.24645794,0.50744556,-0.48408133,0.49522854,0.5127504
0.33853205,0.07557532,0.2464559,0.50744533,-0.48407587,0.49523156,0.51275286
0.33850187,0.07582711,0.24645386,0.5074451,-0.48407041,0.49523457,0.51275533
0.33847165,0.07607891,0.24645182,0.50744488,-0.48406495,0.49523759,0.51275779
0.3384414,0.07633071,0.24644979,0.50744465,-0.4840595,0.49524061,0.51276024
0.33841112,0.07658251,0.24644775,0.50744443,-0.48405405,0.49524363,0.51276268
0.33838081,0.07683431,0.24644572,0.50744421,-0.48404861,0.49524665,0.51276513
0.33835046,0.07708611,0.24644368,0.50744399,-0.48404317,0.49524967,0.51276756
0.33832008,0.07733791,0.24644164,0.50744377,-0.48403773,0.4952527,0.51276999
0.33828967,0.07758971,0.24643961,0.50744355,-0.4840323,0.49525572,0.51277242
0.33825923,0.07784151,0.24643758,0.50744333,-0.48402687,0.49525874,0.51277484
0.33822875,0.07809332,0.24643554,0.50744312,-0.48402145,0.49526177,0.51277725
0.33819825,0.07834512,0.24643351,0.5074429,-0.48401603,0.49526479,0.51277966
0.33816771,0.07859692,0.24643147,0.50744269,-0.48401061,0.49526782,0.51278206
0.33813714,0.07884873,0.24642944,0.50744247,-0.4840052,0.49527084,0.51278446
0.33810654,0.07910053,0.24642741,0.50744226,-0.48399979,0.49527387,0.51278685
0.33807591,0.07935233,0.24642537,0.50744205,-0.48399439,0.49527689,0.51278923
0.33804525,0.07960414,0.24642334,0.50744184,-0.48398899,0.49527992,0.51279161
0.33801455,0.07985594,0.24642131,0.50744163,-0.48398359,0.49528295,0.51279399
0.33798383,0.08010774,0.24641928,0.50744143,-0.4839782,0.49528598,0.51279636
0.33795308,0.08035954,0.24641725,0.50744122,-0.48397281,0.49528901,0.51279872
0.33792229,0.08061134,0.24641522,0.50744102,-0.48396743,0.49529204,0.51280108
0.33789148,0.08086314,0.24641319,0.50744081,-0.48396205,0.49529507,0.51280343
0.33786063,0.08111494,0.24641116,0.50744061,-0.48395667,0.4952981,0.51280578
0.33782976,0.08136674,0.24640913,0.50744041,-0.4839513,0.49530113,0.51280812
0.33779885,0.08161854,0.2464071,0.50744021,-0.48394593,0.49530416,0.51281046
0.33776792,0.08187034,0.24640507,0.50744001,-0.48394057,0.49530719,0.51281279
0.33773695,0.08212213,0.24640304,0.50743981,-0.48393521,0.49531022,0.51281511
0.33770596,0.08237392,0.24640101,0.50743961,-0.48392985,0.49531326,0.51281743
0.33767494,0.08262572,0.24639898,0.50743942,-0.4839245,0.49531629,0.51281974
0.33764388,0.08287751,0.24639695,0.50743922,-0.48391915,0.49531933,0.51282205
0.3376128,0.0831293,0.24639493,0.50743903,-0.48391381,0.49532236,0.51282436
0.33758169,0.08338108,0.2463929,0.50743883,-0.48390847,0.4953254,0.51282665
0.33755056,0.08363287,0.24639087,0.50743864,-0.48390313,0.49532843,0.51282894
0.33751939,0.08388465,0.24638884,0.50743845,-0.4838978,0.49533147,0.51283123
0.33748819,0.08413643,0.24638682,0.50743826,-0.48389247,0.49533451,0.51283351
0.33745697,0.08438821,0.24638479,0.50743807,-0.48388715,0.49533755,0.51283579
0.33742572,0.08463998,0.24638277,0.50743789,-0.48388183,0.49534058,0.51283806
0.33739444,0.08489175,0.24638074,0.5074377,-0.48387652,0.49534362,0.51284032
0.33736313,0.08514352,0.24637872,0.50743752,-0.4838712,0.49534666,0.51284258
0.33733179,0.08539529,0.24637669,0.50743733,-0.4838659,0.4953497,0.51284483
0.33730043,0.08564705,0.24637467,0.50743715,-0.48386059,0.49535274,0.51284708
0.33726904,0.08589881,0.24637264,0.50743697,-0.48385529,0.49535578,0.51284932
0.33723762,0.08615057,0.24637062,0.50743679,-0.48385,0.49535883,0.51285156
0.33720618,0.08640232,0.2463686,0.50743661,-0.48384471,0.49536187,0.51285379
0.33717471,0.08665407,0.24636657,0.50743643,-0.48383942,0.49536491,0.51285601
0.33714321,0.08690582,0.24636455,0.50743625,-0.48383414,0.49536795,0.51285823
0.33711169,0.08715756,0.24636253,0.50743608,-0.48382886,0.495371,0.51286045
0.33708014,0.0874093,0.24636051,0.5074359,-0.48382359,0.49537404,0.51286265
0.33704856,0.08766103,0.24635849,0.50743573,-0.48381831,0.49537709,0.51286486
0.33701695,0.08791276,0.24635647,0.50743556,-0.48381305,0.49538013,0.51286706
0.33698533,0.08816448,0.24635444,0.50743538,-0.48380779,0.49538318,0.51286925
0.33695367,0.0884162,0.24635242,0.50743521,-0.48380253,0.49538622,0.51287143
0.33692199,0.08866792,0.2463504,0.50743504,-0.48379727,0.49538927,0.51287362
0.33689028,0.08891963,0.24634838,0.50743488,-0.48379202,0.49539232,0.51287579
0.33685855,0.08917133,0.24634636,0.50743471,-0.48378678,0.49539537,0.51287796
0.3368268,0.08942303,0.24634435,0.50743454,-0.48378153,0.49539842,0.51288013
0.33679501,0.08967473,0.24634233,0.50743438,-0.48377629,0.49540146,0.51288228
0.33676321,0.08992641,0.24634031,0.50743421,-0.48377106,0.49540451,0.51288444
0.33673138,0.0901781,0.24633829,0.50743405,-0.48376583,0.49540756,0.51288659
0.33669952,0.09042977,0.24633627,0.50743389,-0.4837606,0.49541061,0.51288873
0.33666764,0.09068145,0.24633425,0.50743373,-0.48375538,0.49541367,0.51289087
0.33663574,0.09093311,0.24633224,0.50743357,-0.48375016,0.49541672,0.512893
0.33660381,0.09118477,0.24633022,0.50743341,-0.48374495,0.49541977,0.51289512
0.33657186,0.09143642,0.2463282,0.50743325,-0.48373974,0.49542282,0.51289724
0.33653988,0.09168807,0.24632619,0.5074331,-0.48373454,0.49542587,0.51289936
0.33650788,0.09193971,0.24632417,0.50743294,-0.48372933,0.49542893,0.51290147
0.33647586,0.09219134,0.24632216,0.50743279,-0.48372414,0.49543198,0.51290357
0.33644381,0.09244296,0.24632014,0.50743264,-0.48371894,0.49543504,0.51290567
0.33641174,0.09269458,0.24631813,0.50743249,-0.48371375,0.49543809,0.51290776
0.33637965,0.09294619,0.24631611,0.50743234,-0.48370857,0.49544115,0.51290985
0.33634754,0.09319779,0.2463141,0.50743219,-0.48370339,0.4954442,0.51291193
0.3363154,0.09344938,0.24631208,0.50743204,-0.48369821,0.49544726,0.51291401
0.33628324,0.09370097,0.24631007,0.50743189,-0.48369304,0.49545032,0.51291608
0.33625106,0.09395255,0.24630806,0.50743174,-0.48368787,0.49545337,0.51291815
0.33621885,0.09420412,0.24630604,0.5074316,-0.4836827,0.49545643,0.51292021
0.33618663,0.09445568,0.24630403,0.50743146,-0.48367754,0.49545949,0.51292226
0.33615438,0.09470723,0.24630202,0.50743131,-0.48367239,0.49546255,0.51292431
0.33612211,0.09495877,0.24630001,0.50743117,-0.48366723,0.49546561,0.51292635
0.33608982,0.09521031,0.24629799,0.50743103,-0.48366209,0.49546867,0.51292839
0.33605751,0.09546183,0.24629598,0.50743089,-0.48365694,0.49547173,0.51293042
0.33602518,0.09571335,0.24629397,0.50743075,-0.4836518,0.49547479,0.51293245
0.33599282,0.09596486,0.24629196,0.50743061,-0.48364667,0.49547785,0.51293447
0.33596045,0.09621635,0.24628995,0.50743048,-0.48364153,0.49548092,0.51293649
0.33592805,0.09646784,0.24628794,0.50743034,-0.48363641,0.49548398,0.5129385
0.33589564,0.09671932,0.24628593,0.50743021,-0.48363128,0.49548704,0.5129405
0.3358632,0.09697078,0.24628392,0.50743008,-0.48362616,0.4954901,0.5129425
0.33583075,0.09722224,0.24628191,0.50742994,-0.48362105,0.49549317,0.5129445
0.33579827,0.09747368,0.2462799,0.50742981,-0.48361593,0.49549623,0.51294648
0.33576578,0.09772512,0.24627789,0.50742968,-0.48361083,0.4954993,0.51294847
0.33573326,0.09797654,0.24627589,0.50742956,-0.48360572,0.49550236,0.51295045
0.33570073,0.09822795,0.24627388,0.50742943,-0.48360062,0.49550543,0.51295242
0.33566818,0.09847935,0.24627187,0.5074293,-0.48359553,0.49550849,0.51295438
0.3356356,0.09873074,0.24626986,0.50742918,-0.48359044,0.49551156,0.51295635
0.33560301,0.09898212,0.24626786,0.50742905,-0.48358535,0.49551463,0.5129583
0.3355704,0.09923349,0.24626585,0.50742893,-0.48358027,0.4955177,0.51296025
0.33553778,0.09948484,0.24626384,0.50742881,-0.48357519,0.49552076,0.5129622
0.33550513,0.09973618,0.24626184,0.50742869,-0.48357011,0.49552383,0.51296414
0.33547247,0.09998751,0.24625983,0.50742857,-0.48356504,0.4955269,0.51296607
0.33543978,0.10023883,0.24625783,0.50742845,-0.48355998,0.49552997,0.512968
0.33540708,0.10049013,0.24625582,0.50742833,-0.48355491,0.49553304,0.51296992
0.33537437,0.10074142,0.24625382,0.50742821,-0.48354986,0.49553611,0.51297184
0.33534163,0.1009927,0.24625181,0.5074281,-0.4835448,0.49553918,0.51297375
0.33530888,0.10124396,0.24624981,0.50742798,-0.48353975,0.49554225,0.51297566
0.33527611,0.10149521,0.24624781,0.50742787,-0.48353471,0.49554533,0.51297756
0.33524332,0.10174645,0.2462458,0.50742776,-0.48352966,0.4955484,0.51297945
0.33521052,0.10199767,0.2462438,0.50742765,-0.48352463,0.49555147,0.51298134
0.3351777,0.10224887,0.2462418,0.50742754,-0.48351959,0.49555455,0.51298323
0.33514487,0.10250007,0.2462398,0.50742743,-0.48351456,0.49555762,0.51298511
0.33511201,0.10275125,0.24623779,0.50742732,-0.48350954,0.49556069,0.51298698
0.33507915,0.10300241,0.24623579,0.50742721,-0.48350452,0.49556377,0.51298885
0.33504626,0.10325356,0.24623379,0.50742711,-0.4834995,0.49556684,0.51299071
0.33501336,0.10350469,0.24623179,0.507427,-0.48349449,0.49556992,0.51299257
0.33498045,0.10375581,0.24622979,0.5074269,-0.48348948,0.49557299,0.51299442
0.33494752,0.10400691,0.24622779,0.5074268,-0.48348447,0.49557607,0.51299627
0.33491457,0.104258,0.24622579,0.50742669,-0.48347947,0.49557915,0.51299811
0.33488161,0.10450907,0.24622379,0.50742659,-0.48347447,0.49558222,0.51299994
0.33484864,0.10476012,0.24622179,0.5074265,-0.48346948,0.4955853,0.51300177
0.33481565,0.10501116,0.24621979,0.5074264,-0.48346449,0.49558838,0.5130036
0.33478264,0.10526218,0.24621779,0.5074263,-0.48345951,0.49559146,0.51300542
0.33474963,0.10551319,0.2462158,0.5074262,-0.48345453,0.49559454,0.51300723
0.33471659,0.10576418,0.2462138,0.50742611,-0.48344955,0.49559762,0.51300904
0.33468355,0.10601515,0.2462118,0.50742601,-0.48344458,0.4956007,0.51301084
0.33465049,0.1062661,0.2462098,0.50742592,-0.48343961,0.49560378,0.51301264
0.33461741,0.10651703,0.24620781,0.50742583,-0.48343465,0.49560686,0.51301443
0.33458433,0.10676795,0.24620581,0.50742574,-0.48342969,0.49560994,0.51301622
0.33455123,0.10701885,0.24620381,0.50742565,-0.48342473,0.49561302,0.513018
0.33451811,0.10726973,0.24620182,0.50742556,-0.48341978,0.49561611,0.51301978
0.33448499,0.10752059,0.24619982,0.50742547,-0.48341483,0.49561919,0.51302155
0.33445185,0.10777144,0.24619783,0.50742539,-0.48340989,0.49562227,0.51302331
0.3344187,0.10802226,0.24619583,0.5074253,-0.48340495,0.49562535,0.51302507
0.33438554,0.10827307,0.24619384,0.50742522,-0.48340002,0.49562844,0.51302683
0.33435236,0.10852386,0.24619185,0.50742513,-0.48339509,0.49563152,0.51302857
0.33431918,0.10877462,0.24618985,0.50742505,-0.48339016,0.49563461,0.51303032
0.33428598,0.10902537,0.24618786,0.50742497,-0.48338524,0.49563769,0.51303206
0.33425277,0.1092761,0.24618587,0.50742489,-0.48338032,0.49564078,0.51303379
0.33421955,0.10952681,0.24618387,0.50742481,-0.4833754,0.49564386,0.51303551
0.33418631,0.10977749,0.24618188,0.50742473,-0.48337049,0.49564695,0.51303724
0.33415307,0.11002816,0.24617989,0.50742466,-0.48336559,0.49565004,0.51303895
0.33411981,0.1102788,0.2461779,0.50742458,-0.48336069,0.49565313,0.51304066
0.33408655,0.11052943,0.24617591,0.50742451,-0.48335579,0.49565621,0.51304237
0.33405327,0.11078003,0.24617392,0.50742443,-0.48335089,0.4956593,0.51304407
0.33401999,0.11103062,0.24617193,0.50742436,-0.483346,0.49566239,0.51304576
0.33398669,0.11128118,0.24616994,0.50742429,-0.48334112,0.49566548,0.51304745
0.33395339,0.11153171,0.24616795,0.50742422,-0.48333624,0.49566857,0.51304914
0.33392007,0.11178223,0.24616596,0.50742415,-0.48333136,0.49567166,0.51305081
0.33388674,0.11203273,0.24616397,0.50742408,-0.48332649,0.49567475,0.51305249
0.33385341,0.1122832,0.24616198,0.50742401,-0.48332162,0.49567784,0.51305415
0.33382007,0.11253365,0.24615999,0.50742395,-0.48331675,0.49568093,0.51305582
0.33378671,0.11278407,0.24615801,0.50742388,-0.48331189,0.49568402,0.51305747
0.33375335,0.11303448,0.24615602,0.50742382,-0.48330703,0.49568712,0.51305913
0.33371998,0.11328486,0.24615403,0.50742375,-0.48330218,0.49569021,0.51306077
0.3336866,0.11353521,0.24615205,0.50742369,-0.48329733,0.4956933,0.51306241
0.33365322,0.11378555,0.24615006,0.50742363,-0.48329249,0.4956964,0.51306405
0.33361982,0.11403586,0.24614808,0.50742357,-0.48328765,0.49569949,0.51306568
0.33358642,0.11428614,0.24614609,0.50742351,-0.48328281,0.49570258,0.5130673
0.33355301,0.1145364,0.24614411,0.50742345,-0.48327798,0.49570568,0.51306892
0.33351959,0.11478664,0.24614212,0.50742339,-0.48327315,0.49570877,0.51307053
0.33348616,0.11503685,0.24614014,0.50742334,-0.48326833,0.49571187,0.51307214
0.33345273,0.11528703,0.24613815,0.50742328,-0.48326351,0.49571496,0.51307375
0.33341929,0.1155372,0.24613617,0.50742323,-0.48325869,0.49571806,0.51307534
0.33338584,0.11578733,0.24613419,0.50742318,-0.48325388,0.49572116,0.51307694
0.33335239,0.11603744,0.24613221,0.50742313,-0.48324907,0.49572425,0.51307852
0.33331893,0.11628753,0.24613023,0.50742307,-0.48324427,0.49572735,0.5130801
0.33328546,0.11653758,0.24612824,0.50742303,-0.48323947,0.49573045,0.51308168
0.33325199,0.11678761,0.24612626,0.50742298,-0.48323467,0.49573355,0.51308325
0.33321851,0.11703762,0.24612428,0.50742293,-0.48322988,0.49573665,0.51308482
0.33318502,0.1172876,0.2461223,0.50742288,-0.4832251,0.49573975,0.51308638
0.33315153,0.11753755,0.24612032,0.50742284,-0.48322031,0.49574285,0.51308793
0.33311804,0.11778747,0.24611835,0.50742279,-0.48321553,0.49574595,0.51308948
0.33308454,0.11803737,0.24611637,0.50742275,-0.48321076,0.49574905,0.51309102
0.33305103,0.11828724,0.24611439,0.50742271,-0.48320599,0.49575215,0.51309256
0.33301752,0.11853708,0.24611241,0.50742266,-0.48320122,0.49575525,0.5130941
0.33298401,0.1187869,0.24611044,0.50742262,-0.48319646,0.49575835,0.51309562
0.33295049,0.11903668,0.24610846,0.50742258,-0.4831917,0.49576145,0.51309715
0.33291696,0.11928644,0.24610648,0.50742255,-0.48318695,0.49576456,0.51309866
0.33288343,0.11953617,0.24610451,0.50742251,-0.4831822,0.49576766,0.51310018
0.3328499,0.11978587,0.24610253,0.50742247,-0.48317745,0.49577076,0.51310168
0.33281636,0.12003554,0.24610056,0.50742244,-0.48317271,0.49577387,0.51310318
0.33278282,0.12028518,0.24609858,0.5074224,-0.48316797,0.49577697,0.51310468
0.33274928,0.12053479,0.24609661,0.50742237,-0.48316324,0.49578007,0.51310617
0.33271573,0.12078437,0.24609464,0.50742234,-0.48315851,0.49578318,0.51310765
0.33268218,0.12103393,0.24609266,0.50742231,-0.48315378,0.49578628,0.51310913
0.33264863,0.12128345,0.24609069,0.50742228,-0.48314906,0.49578939,0.51311061
0.33261508,0.12153294,0.24608872,0.50742225,-0.48314435,0.4957925,0.51311208
0.33258152,0.1217824,0.24608675,0.50742222,-0.48313963,0.4957956,0.51311354
0.33254796,0.12203183,0.24608478,0.50742219,-0.48313492,0.49579871,0.513115
0.33251439,0.12228123,0.24608281,0.50742217,-0.48313022,0.49580182,0.51311645
0.33248083,0.1225306,0.24608084,0.50742214,-0.48312552,0.49580493,0.5131179
0.33244726,0.12277994,0.24607887,0.50742212,-0.48312082,0.49580803,0.51311934
0.33241369,0.12302924,0.2460769,0.50742209,-0.48311613,0.49581114,0.51312078
0.33238012,0.12327852,0.24607494,0.50742207,-0.48311144,0.49581425,0.51312221
0.33234655,0.12352776,0.24607297,0.50742205,-0.48310676,0.49581736,0.51312364
0.33231298,0.12377697,0.246071,0.50742203,-0.48310208,0.49582047,0.51312506
0.33227941,0.12402615,0.24606904,0.50742201,-0.4830974,0.49582358,0.51312648
0.33224583,0.12427529,0.24606707,0.50742199,-0.48309273,0.49582669,0.51312789
0.33221226,0.1245244,0.24606511,0.50742198,-0.48308806,0.4958298,0.51312929
0.33217868,0.12477348,0.24606314,0.50742196,-0.48308339,0.49583291,0.51313069
0.3321451,0.12502253,0.24606118,0.50742194,-0.48307874,0.49583603,0.51313209
0.33211153,0.12527154,0.24605922,0.50742193,-0.48307408,0.49583914,0.51313348
0.33207795,0.12552052,0.24605726,0.50742192,-0.48306943,0.49584225,0.51313486
0.33204438,0.12576946,0.24605529,0.50742191,-0.48306478,0.49584536,0.51313624
0.3320108,0.12601837,0.24605333,0.50742189,-0.48306014,0.49584848,0.51313762
0.33197723,0.12626725,0.24605137,0.50742188,-0.4830555,0.49585159,0.51313898
0.33194365,0.12651609,0.24604941,0.50742188,-0.48305086,0.49585471,0.51314035
0.33191008,0.1267649,0.24604745,0.50742187,-0.48304623,0.49585782,0.51314171
0.33187651,0.12701367,0.24604549,0.50742186,-0.4830416,0.49586094,0.51314306
0.33184293,0.12726241,0.24604354,0.50742185,-0.48303698,0.49586405,0.51314441
0.33180937,0.12751111,0.24604158,0.50742185,-0.48303236,0.49586717,0.51314575
0.3317758,0.12775978,0.24603962,0.50742184,-0.48302775,0.49587028,0.51314708
0.33174223,0.12800841,0.24603767,0.50742184,-0.48302314,0.4958734,0.51314842
0.33170867,0.128257,0.24603571,0.50742184,-0.48301853,0.49587652,0.51314974
0.3316751,0.12850556,0.24603376,0.50742184,-0.48301393,0.49587963,0.51315106
0.33164154,0.12875408,0.2460318,0.50742184,-0.48300933,0.49588275,0.51315238
0.33160799,0.12900257,0.24602985,0.50742184,-0.48300473,0.49588587,0.51315369
0.33157443,0.12925102,0.2460279,0.50742184,-0.48300014,0.49588899,0.51315499
0.33154088,0.12949943,0.24602595,0.50742184,-0.48299556,0.49589211,0.51315629
0.33150733,0.12974781,0.246024,0.50742185,-0.48299098,0.49589523,0.51315759
0.33147378,0.12999614,0.24602205,0.50742185,-0.4829864,0.49589835,0.51315888
0.33144024,0.13024444,0.2460201,0.50742186,-0.48298182,0.49590147,0.51316016
0.3314067,0.13049271,0.24601815,0.50742186,-0.48297725,0.49590459,0.51316144
0.33137317,0.13074093,0.2460162,0.50742187,-0.48297269,0.49590771,0.51316271
0.33133963,0.13098912,0.24601425,0.50742188,-0.48296813,0.49591083,0.51316398
0.33130611,0.13123727,0.24601231,0.50742189,-0.48296357,0.49591395,0.51316525
0.33127258,0.13148538,0.24601036,0.5074219,-0.48295901,0.49591707,0.5131665
0.33123906,0.13173345,0.24600842,0.50742191,-0.48295446,0.4959202,0.51316776
0.33120555,0.13198148,0.24600647,0.50742193,-0.48294992,0.49592332,0.513169
0.33117204,0.13222948,0.24600453,0.50742194,-0.48294538,0.49592644,0.51317025
0.33113853,0.13247743,0.24600259,0.50742195,-0.48294084,0.49592957,0.51317148
0.33110503,0.13272535,0.24600064,0.50742197,-0.48293631,0.49593269,0.51317271
0.33107153,0.13297322,0.2459987,0.50742199,-0.48293178,0.49593582,0.51317394
0.33103804,0.13322106,0.24599676,0.507422,-0.48292725,0.49593894,0.51317516
0.33100456,0.13346885,0.24599482,0.50742202,-0.48292273,0.49594207,0.51317638
0.33097108,0.13371661,0.24599289,0.50742204,-0.48291821,0.49594519,0.51317759
0.3309376,0.13396432,0.24599095,0.50742206,-0.4829137,0.49594832,0.51317879
0.33090413,0.134212,0.24598901,0.50742208,-0.48290919,0.49595144,0.51317999
0.33087067,0.13445963,0.24598708,0.5074221,-0.48290469,0.49595457,0.51318119
0.33083722,0.13470723,0.24598514,0.50742213,-0.48290019,0.4959577,0.51318238
0.33080377,0.13495478,0.24598321,0.50742215,-0.48289569,0.49596083,0.51318356
0.33077033,0.13520229,0.24598128,0.50742218,-0.4828912,0.49596396,0.51318474
0.33073689,0.13544976,0.24597934,0.5074222,-0.48288671,0.49596708,0.51318592
0.33070346,0.13569719,0.24597741,0.50742223,-0.48288222,0.49597021,0.51318709
0.33067004,0.13594457,0.24597548,0.50742226,-0.48287774,0.49597334,0.51318825
0.33063662,0.13619192,0.24597355,0.50742229,-0.48287327,0.49597647,0.51318941
0.33060322,0.13643922,0.24597162,0.50742232,-0.48286879,0.4959796,0.51319056
0.33056982,0.13668648,0.2459697,0.50742235,-0.48286433,0.49598273,0.51319171
0.33053642,0.13693369,0.24596777,0.50742238,-0.48285986,0.49598586,0.51319286
0.33050304,0.13718087,0.24596584,0.50742241,-0.4828554,0.49598899,0.51319399
0.33046966,0.137428,0.24596392,0.50742245,-0.48285094,0.49599213,0.51319513
0.33043629,0.13767509,0.245962,0.50742248,-0.48284649,0.49599526,0.51319625
0.33040293,0.13792213,0.24596007,0.50742252,-0.48284204,0.49599839,0.51319738
0.33036958,0.13816914,0.24595815,0.50742255,-0.4828376,0.49600152,0.51319849
0.33033624,0.13841609,0.24595623,0.50742259,-0.48283316,0.49600466,0.51319961
0.33030291,0.13866301,0.24595431,0.50742263,-0.48282872,0.49600779,0.51320071
0.33026958,0.13890988,0.24595239,0.50742267,-0.48282429,0.49601093,0.51320181
0.33023626,0.1391567,0.24595048,0.50742271,-0.48281986,0.49601406,0.51320291
0.33020296,0.13940349,0.24594856,0.50742275,-0.48281544,0.49601719,0.513204
0.33016966,0.13965022,0.24594665,0.50742279,-0.48281102,0.49602033,0.51320509
0.33013637,0.13989692,0.24594473,0.50742283,-0.4828066,0.49602347,0.51320617
0.33010309,0.14014357,0.24594282,0.50742288,-0.48280219,0.4960266,0.51320725
0.33006982,0.14039017,0.24594091,0.50742292,-0.48279778,0.49602974,0.51320832
0.33003657,0.14063673,0.245939,0.50742297,-0.48279338,0.49603288,0.51320938
0.33000332,0.14088324,0.24593709,0.50742301,-0.48278898,0.49603601,0.51321044
0.32997008,0.14112971,0.24593518,0.50742306,-0.48278458,0.49603915,0.5132115
0.32993685,0.14137613,0.24593327,0.50742311,-0.48278019,0.49604229,0.51321255
0.32990364,0.14162251,0.24593136,0.50742316,-0.48277581,0.49604543,0.51321359
0.32987043,0.14186884,0.24592946,0.50742321,-0.48277142,0.49604857,0.51321463
0.32983723,0.14211512,0.24592755,0.50742326,-0.48276704,0.49605171,0.51321567
0.32980405,0.14236136,0.24592565,0.50742331,-0.48276267,0.49605485,0.5132167
0.32977088,0.14260755,0.24592375,0.50742337,-0.48275829,0.49605799,0.51321772
0.32973772,0.14285369,0.24592185,0.50742342,-0.48275393,0.49606113,0.51321874
0.32970457,0.14309979,0.24591995,0.50742348,-0.48274956,0.49606427,0.51321976
0.32967143,0.14334584,0.24591805,0.50742353,-0.4827452,0.49606741,0.51322077
0.3296383,0.14359185,0.24591616,0.50742359,-0.48274085,0.49607055,0.51322177
0.32960519,0.14383781,0.24591426,0.50742365,-0.4827365,0.49607369,0.51322277
0.32957208,0.14408372,0.24591237,0.50742371,-0.48273215,0.49607683,0.51322376
0.32953899,0.14432958,0.24591047,0.50742377,-0.4827278,0.49607998,0.51322475
0.32950591,0.14457539,0.24590858,0.50742383,-0.48272346,0.49608312,0.51322573
0.32947285,0.14482116,0.24590669,0.50742389,-0.48271913,0.49608626,0.51322671
0.3294398,0.14506688,0.2459048,0.50742395,-0.4827148,0.49608941,0.51322769
0.32940676,0.14531255,0.24590292,0.50742401,-0.48271047,0.49609255,0.51322865
0.32937373,0.14555818,0.24590103,0.50742408,-0.48270615,0.4960957,0.51322962
0.32934072,0.14580375,0.24589915,0.50742414,-0.48270183,0.49609884,0.51323058
0.32930771,0.14604928,0.24589726,0.50742421,-0.48269751,0.49610199,0.51323153
0.32927473,0.14629476,0.24589538,0.50742428,-0.4826932,0.49610514,0.51323248
0.32924175,0.14654018,0.2458935,0.50742434,-0.48268889,0.49610828,0.51323342
0.32920879,0.14678557,0.24589162,0.50742441,-0.48268459,0.49611143,0.51323436
0.32917585,0.1470309,0.24588974,0.50742448,-0.48268029,0.49611458,0.51323529
0.32914291,0.14727618,0.24588787,0.50742455,-0.48267599,0.49611772,0.51323622
0.32911,0.14752141,0.24588599,0.50742462,-0.4826717,0.49612087,0.51323714
0.32907709,0.14776659,0.24588412,0.5074247,-0.48266741,0.49612402,0.51323806
0.3290442,0.14801173,0.24588225,0.50742477,-0.48266313,0.49612717,0.51323897
0.32901133,0.14825681,0.24588037,0.50742484,-0.48265885,0.49613032,0.51323988
0.32897847,0.14850185,0.24587851,0.50742492,-0.48265457,0.49613347,0.51324078
0.32894562,0.14874683,0.24587664,0.50742499,-0.4826503,0.49613662,0.51324168
0.32891279,0.14899176,0.24587477,0.50742507,-0.48264603,0.49613977,0.51324257
0.32887997,0.14923665,0.24587291,0.50742515,-0.48264177,0.49614292,0.51324346
0.32884717,0.14948148,0.24587104,0.50742523,-0.48263751,0.49614607,0.51324434
0.32881439,0.14972626,0.24586918,0.50742531,-0.48263325,0.49614923,0.51324521
0.32878162,0.149971,0.24586732,0.50742539,-0.482629,0.49615238,0.51324609
0.32874886,0.15021568,0.24586547,0.50742547,-0.48262475,0.49615553,0.51324695
0.32871612,0.15046031,0.24586361,0.50742555,-0.48262051,0.49615868,0.51324781
0.3286834,0.15070489,0.24586175,0.50742563,-0.48261627,0.49616184,0.51324867
0.32865069,0.15094942,0.2458599,0.50742572,-0.48261203,0.49616499,0.51324952
0.328618,0.15119389,0.24585805,0.5074258,-0.4826078,0.49616815,0.51325037
0.32858533,0.15143832,0.2458562,0.50742589,-0.48260357,0.4961713,0.51325121
0.32855267,0.15168269,0.24585435,0.50742597,-0.48259935,0.49617446,0.51325205
0.32852003,0.15192702,0.2458525,0.50742606,-0.48259513,0.49617761,0.51325288
0.3284874,0.15217129,0.24585066,0.50742615,-0.48259091,0.49618077,0.51325371
0.32845479,0.15241551,0.24584882,0.50742624,-0.4825867,0.49618392,0.51325453
0.3284222,0.15265967,0.24584697,0.50742633,-0.48258249,0.49618708,0.51325534
0.32838962,0.15290379,0.24584513,0.50742642,-0.48257828,0.49619024,0.51325615
0.32835707,0.15314785,0.2458433,0.50742651,-0.48257408,0.4961934,0.51325696
0.32832453,0.15339186,0.24584146,0.5074266,-0.48256989,0.49619655,0.51325776
0.328292,0.15363582,0.24583962,0.50742669,-0.48256569,0.49619971,0.51325856
0.3282595,0.15387973,0.24583779,0.50742679,-0.4825615,0.49620287,0.51325935
0.32822701,0.15412358,0.24583596,0.50742688,-0.48255732,0.49620603,0.51326014
0.32819454,0.15436738,0.24583413,0.50742698,-0.48255314,0.49620919,0.51326092
0.32816209,0.15461113,0.2458323,0.50742707,-0.48254896,0.49621235,0.51326169
0.32812965,0.15485482,0.24583048,0.50742717,-0.48254479,0.49621551,0.51326247
0.32809724,0.15509847,0.24582866,0.50742727,-0.48254062,0.49621867,0.51326323
0.32806484,0.15534205,0.24582683,0.50742737,-0.48253645,0.49622183,0.51326399
0.32803246,0.15558559,0.24582501,0.50742747,-0.48253229,0.496225,0.51326475
0.3280001,0.15582907,0.2458232,0.50742757,-0.48252813,0.49622816,0.5132655
0.32796775,0.1560725,0.24582138,0.50742767,-0.48252398,0.49623132,0.51326625
0.32793543,0.15631588,0.24581957,0.50742778,-0.48251983,0.49623449,0.51326699
0.32790312,0.1565592,0.24581776,0.50742788,-0.48251568,0.49623765,0.51326773
0.32787084,0.15680247,0.24581595,0.50742798,-0.48251154,0.49624081,0.51326846
0.32783857,0.15704568,0.24581414,0.50742809,-0.4825074,0.49624398,0.51326918
0.32780632,0.15728884,0.24581233,0.50742819,-0.48250327,0.49624714,0.51326991
0.32777409,0.15753195,0.24581053,0.5074283,-0.48249914,0.49625031,0.51327062
0.32774188,0.157775,0.24580873,0.50742841,-0.48249501,0.49625347,0.51327133
0.32770969,0.158018,0.24580693,0.50742852,-0.48249089,0.49625664,0.51327204
0.32767752,0.15826094,0.24580513,0.50742863,-0.48248677,0.49625981,0.51327274
0.32764537,0.15850383,0.24580333,0.50742874,-0.48248266,0.49626297,0.51327344
0.32761324,0.15874666,0.24580154,0.50742885,-0.48247854,0.49626614,0.51327413
0.32758113,0.15898944,0.24579975,0.50742896,-0.48247444,0.49626931,0.51327482
0.32754904,0.15923217,0.24579796,0.50742907,-0.48247033,0.49627248,0.5132755
0.32751697,0.15947484,0.24579617,0.50742919,-0.48246623,0.49627565,0.51327618
0.32748492,0.15971746,0.24579439,0.5074293,-0.48246214,0.49627882,0.51327685
0.32745289,0.15996002,0.2457926,0.50742942,-0.48245805,0.49628199,0.51327752
0.32742088,0.16020252,0.24579082,0.50742953,-0.48245396,0.49628516,0.51327818
0.32738889,0.16044497,0.24578905,0.50742965,-0.48244988,0.49628833,0.51327884
0.32735692,0.16068737,0.24578727,0.50742977,-0.4824458,0.4962915,0.51327949
0.32732497,0.16092971,0.2457855,0.50742988,-0.48244172,0.49629467,0.51328014
0.32729305,0.161172,0.24578372,0.50743,-0.48243765,0.49629784,0.51328078
0.32726114,0.16141423,0.24578195,0.50743012,-0.48243358,0.49630102,0.51328142
0.32722926,0.1616564,0.24578019,0.50743024,-0.48242952,0.49630419,0.51328205
0.3271974,0.16189852,0.24577842,0.50743037,-0.48242545,0.49630736,0.51328268
0.32716555,0.16214059,0.24577666,0.50743049,-0.4824214,0.49631054,0.5132833
0.32713373,0.16238259,0.2457749,0.50743061,-0.48241734,0.49631371,0.51328392
0.32710194,0.16262455,0.24577314,0.50743074,-0.4824133,0.49631688,0.51328453
0.32707016,0.16286644,0.24577139,0.50743086,-0.48240925,0.49632006,0.51328514
0.3270384,0.16310828,0.24576964,0.50743099,-0.48240521,0.49632324,0.51328574
0.32700667,0.16335007,0.24576788,0.50743111,-0.48240117,0.49632641,0.51328634
0.32697496,0.1635918,0.24576614,0.50743124,-0.48239714,0.49632959,0.51328694
0.32694327,0.16383347,0.24576439,0.50743137,-0.48239311,0.49633276,0.51328752
0.3269116,0.16407509,0.24576265,0.5074315,-0.48238908,0.49633594,0.51328811
0.32687996,0.16431665,0.24576091,0.50743163,-0.48238506,0.49633912,0.51328869
0.32684833,0.16455816,0.24575917,0.50743176,-0.48238104,0.4963423,0.51328926
0.32681673,0.1647996,0.24575743,0.50743189,-0.48237703,0.49634548,0.51328983
0.32678516,0.165041,0.2457557,0.50743202,-0.48237301,0.49634866,0.5132904
0.3267536,0.16528233,0.24575397,0.50743215,-0.48236901,0.49635184,0.51329095
0.32672207,0.16552361,0.24575224,0.50743229,-0.482365,0.49635502,0.51329151
0.32669056,0.16576483,0.24575052,0.50743242,-0.48236101,0.4963582,0.51329206
0.32665907,0.166006,0.2457488,0.50743256,-0.48235701,0.49636138,0.5132926
0.32662761,0.16624711,0.24574708,0.50743269,-0.48235302,0.49636456,0.51329314
0.32659617,0.16648816,0.24574536,0.50743283,-0.48234903,0.49636774,0.51329368
0.32656475,0.16672916,0.24574364,0.50743297,-0.48234505,0.49637092,0.51329421
0.32653336,0.1669701,0.24574193,0.50743311,-0.48234107,0.49637411,0.51329473
0.32650198,0.16721098,0.24574022,0.50743325,-0.48233709,0.49637729,0.51329526
0.32647064,0.16745181,0.24573852,0.50743339,-0.48233312,0.49638048,0.51329577
0.32643931,0.16769258,0.24573681,0.50743353,-0.48232915,0.49638366,0.51329628
0.32640801,0.16793329,0.24573511,0.50743367,-0.48232518,0.49638684,0.51329679
0.32637674,0.16817395,0.24573341,0.50743381,-0.48232122,0.49639003,0.51329729
0.32634548,0.16841454,0.24573172,0.50743395,-0.48231726,0.49639322,0.51329779
0.32631425,0.16865509,0.24573002,0.5074341,-0.48231331,0.4963964,0.51329828
0.32628305,0.16889557,0.24572833,0.50743424,-0.48230936,0.49639959,0.51329876
0.32625187,0.169136,0.24572665,0.50743439,-0.48230541,0.49640278,0.51329925
0.32622071,0.16937637,0.24572496,0.50743453,-0.48230147,0.49640596,0.51329972
0.32618958,0.16961668,0.24572328,0.50743468,-0.48229753,0.49640915,0.5133002
0.32615847,0.16985693,0.2457216,0.50743483,-0.4822936,0.49641234,0.51330066
0.32612739,0.17009713,0.24571993,0.50743498,-0.48228966,0.49641553,0.51330113
0.32609633,0.17033727,0.24571826,0.50743513,-0.48228574,0.49641872,0.51330158
0.32606529,0.17057736,0.24571659,0.50743528,-0.48228181,0.49642191,0.51330204
0.32603428,0.17081738,0.24571492,0.50743543,-0.48227789,0.4964251,0.51330249
0.3260033,0.17105735,0.24571326,0.50743558,-0.48227398,0.49642829,0.51330293
0.32597233,0.17129726,0.2457116,0.50743573,-0.48227006,0.49643148,0.51330337
0.3259414,0.17153712,0.24570994,0.50743588,-0.48226616,0.49643467,0.5133038
0.32591049,0.17177691,0.24570828,0.50743604,-0.48226225,0.49643787,0.51330423
0.3258796,0.17201665,0.24570663,0.50743619,-0.48225835,0.49644106,0.51330466
0.32584874,0.17225633,0.24570498,0.50743635,-0.48225445,0.49644425,0.51330508
0.3258179,0.17249595,0.24570334,0.5074365,-0.48225056,0.49644745,0.51330549
0.32578709,0.17273552,0.2457017,0.50743666,-0.48224667,0.49645064,0.5133059
0.32575631,0.17297503,0.24570006,0.50743682,-0.48224278,0.49645384,0.51330631
0.32572555,0.17321448,0.24569842,0.50743697,-0.4822389,0.49645703,0.51330671
0.32569481,0.17345387,0.24569679,0.50743713,-0.48223502,0.49646023,0.5133071
0.3256641,0.17369321,0.24569516,0.50743729,-0.48223115,0.49646343,0.51330749
0.32563342,0.17393248,0.24569353,0.50743745,-0.48222727,0.49646662,0.51330788
0.32560276,0.1741717,0.24569191,0.50743762,-0.48222341,0.49646982,0.51330826
0.32557213,0.17441086,0.24569029,0.50743778,-0.48221954,0.49647302,0.51330864
0.32554152,0.17464997,0.24568867,0.50743794,-0.48221568,0.49647622,0.51330901
0.32551094,0.17488901,0.24568706,0.5074381,-0.48221182,0.49647942,0.51330938
0.32548039,0.175128,0.24568545,0.50743827,-0.48220797,0.49648262,0.51330974
0.32544986,0.17536693,0.24568384,0.50743843,-0.48220412,0.49648582,0.5133101
0.32541935,0.17560581,0.24568224,0.5074386,-0.48220028,0.49648902,0.51331045
0.32538888,0.17584462,0.24568064,0.50743876,-0.48219643,0.49649222,0.5133108
0.32535842,0.17608338,0.24567904,0.50743893,-0.4821926,0.49649542,0.51331114
0.325328,0.17632208,0.24567745,0.5074391,-0.48218876,0.49649862,0.51331148
0.3252976,0.17656072,0.24567586,0.50743927,-0.48218493,0.49650182,0.51331182
0.32526723,0.1767993,0.24567427,0.50743944,-0.4821811,0.49650503,0.51331215
0.32523688,0.17703782,0.24567269,0.50743961,-0.48217728,0.49650823,0.51331247
0.32520656,0.17727629,0.24567111,0.50743978,-0.48217346,0.49651143,0.51331279
0.32517627,0.1775147,0.24566953,0.50743995,-0.48216964,0.49651464,0.51331311
0.32514601,0.17775305,0.24566796,0.50744012,-0.48216583,0.49651784,0.51331342
0.32511577,0.17799134,0.24566639,0.50744029,-0.48216202,0.49652105,0.51331372
0.32508555,0.17822958,0.24566483,0.50744047,-0.48215822,0.49652426,0.51331402
0.32505537,0.17846776,0.24566326,0.50744064,-0.48215442,0.49652746,0.51331432
0.32502521,0.17870588,0.24566171,0.50744082,-0.48215062,0.49653067,0.51331461
0.32499507,0.17894394,0.24566015,0.50744099,-0.48214682,0.49653388,0.5133149
0.32496497,0.17918194,0.2456586,0.50744117,-0.48214303,0.49653709,0.51331518
0.32493489,0.17941989,0.24565705,0.50744135,-0.48213925,0.4965403,0.51331546
0.32490484,0.17965777,0.24565551,0.50744152,-0.48213546,0.49654351,0.51331573
0.32487481,0.1798956,0.24565397,0.5074417,-0.48213168,0.49654672,0.513316
0.32484481,0.18013337,0.24565243,0.50744188,-0.48212791,0.49654993,0.51331627
0.32481484,0.18037109,0.2456509,0.50744206,-0.48212414,0.49655314,0.51331652
0.3247849,0.18060874,0.24564937,0.50744224,-0.48212037,0.49655635,0.51331678
0.32475498,0.18084634,0.24564784,0.50744242,-0.4821166,0.49655956,0.51331703
0.32472509,0.18108388,0.24564632,0.5074426,-0.48211284,0.49656277,0.51331727
0.32469523,0.18132136,0.2456448,0.50744279,-0.48210908,0.49656599,0.51331752
0.3246654,0.18155878,0.24564329,0.50744297,-0.48210533,0.4965692,0.51331775
0.32463559,0.18179615,0.24564178,0.50744316,-0.48210158,0.49657242,0.51331798
0.32460581,0.18203346,0.24564027,0.50744334,-0.48209783,0.49657563,0.51331821
0.32457606,0.1822707,0.24563877,0.50744353,-0.48209409,0.49657885,0.51331843
0.32454634,0.1825079,0.24563727,0.50744371,-0.48209035,0.49658206,0.51331865
0.32451664,0.18274503,0.24563578,0.5074439,-0.48208661,0.49658528,0.51331886
0.32448697,0.18298211,0.24563429,0.50744409,-0.48208288,0.49658849,0.51331907
0.32445733,0.18321912,0.2456328,0.50744427,-0.48207915,0.49659171,0.51331927
0.32442771,0.18345608,0.24563132,0.50744446,-0.48207542,0.49659493,0.51331947
0.32439813,0.18369299,0.24562984,0.50744465,-0.4820717,0.49659815,0.51331967
0.32436857,0.18392983,0.24562836,0.50744484,-0.48206798,0.49660137,0.51331986
0.32433904,0.18416662,0.24562689,0.50744503,-0.48206427,0.49660459,0.51332004
0.32430953,0.18440334,0.24562543,0.50744522,-0.48206056,0.49660781,0.51332022
0.32428006,0.18464001,0.24562396,0.50744542,-0.48205685,0.49661103,0.5133204
0.32425061,0.18487663,0.2456225,0.50744561,-0.48205314,0.49661425,0.51332057
0.32422119,0.18511318,0.24562105,0.5074458,-0.48204944,0.49661747,0.51332073
0.3241918,0.18534968,0.2456196,0.507446,-0.48204575,0.4966207,0.5133209
0.32416244,0.18558612,0.24561815,0.50744619,-0.48204205,0.49662392,0.51332105
0.3241331,0.1858225,0.24561671,0.50744639,-0.48203836,0.49662714,0.51332121
0.32410379,0.18605882,0.24561527,0.50744658,-0.48203468,0.49663037,0.51332135
0.32407451,0.18629509,0.24561384,0.50744678,-0.48203099,0.49663359,0.5133215
0.32404526,0.1865313,0.24561241,0.50744698,-0.48202731,0.49663682,0.51332164
0.32401604,0.18676745,0.24561098,0.50744718,-0.48202364,0.49664004,0.51332177
0.32398685,0.18700354,0.24560956,0.50744738,-0.48201997,0.49664327,0.5133219
0.32395768,0.18723958,0.24560814,0.50744758,-0.4820163,0.4966465,0.51332203
0.32392854,0.18747555,0.24560673,0.50744778,-0.48201263,0.49664973,0.51332215
0.32389943,0.18771147,0.24560532,0.50744798,-0.48200897,0.49665295,0.51332226
0.32387035,0.18794734,0.24560392,0.50744818,-0.48200531,0.49665618,0.51332237
0.32384129,0.18818314,0.24560252,0.50744838,-0.48200166,0.49665941,0.51332248
0.32381227,0.18841889,0.24560112,0.50744858,-0.48199801,0.49666264,0.51332258
0.32378327,0.18865458,0.24559973,0.50744879,-0.48199436,0.49666587,0.51332268
0.3237543,0.18889021,0.24559834,0.50744899,-0.48199071,0.49666911,0.51332278
0.32372536,0.18912579,0.24559696,0.5074492,-0.48198707,0.49667234,0.51332286
0.32369645,0.1893613,0.24559558,0.5074494,-0.48198344,0.49667557,0.51332295
0.32366757,0.18959676,0.24559421,0.50744961,-0.4819798,0.4966788,0.51332303
0.32363871,0.18983217,0.24559284,0.50744981,-0.48197617,0.49668204,0.5133231
0.32360988,0.19006751,0.24559148,0.50745002,-0.48197255,0.49668527,0.51332317
0.32358108,0.1903028,0.24559011,0.50745023,-0.48196892,0.49668851,0.51332324
0.32355231,0.19053803,0.24558876,0.50745044,-0.4819653,0.49669174,0.5133233
0.32352357,0.1907732,0.24558741,0.50745065,-0.48196169,0.49669498,0.51332336
0.32349486,0.19100832,0.24558606,0.50745086,-0.48195807,0.49669822,0.51332341
0.32346618,0.19124338,0.24558472,0.50745107,-0.48195446,0.49670145,0.51332346
0.32343752,0.19147838,0.24558338,0.50745128,-0.48195086,0.49670469,0.5133235
0.32340889,0.19171333,0.24558205,0.50745149,-0.48194726,0.49670793,0.51332354
0.32338029,0.19194821,0.24558072,0.5074517,-0.48194366,0.49671117,0.51332358
0.32335172,0.19218304,0.2455794,0.50745191,-0.48194006,0.49671441,0.51332361
0.32332318,0.19241782,0.24557808,0.50745213,-0.48193647,0.49671765,0.51332363
0.32329467,0.19265253,0.24557676,0.50745234,-0.48193288,0.49672089,0.51332366
0.32326618,0.19288719,0.24557545,0.50745256,-0.4819293,0.49672413,0.51332367
0.32323772,0.1931218,0.24557415,0.50745277,-0.48192571,0.49672737,0.51332368
0.3232093,0.19335634,0.24557285,0.50745299,-0.48192214,0.49673062,0.51332369
0.3231809,0.19359083,0.24557155,0.50745321,-0.48191856,0.49673386,0.51332369
0.32315253,0.19382526,0.24557026,0.50745342,-0.48191499,0.49673711,0.51332369
0.32312418,0.19405964,0.24556897,0.50745364,-0.48191142,0.49674035,0.51332369
0.32309587,0.19429395,0.24556769,0.50745386,-0.48190786,0.4967436,0.51332368
0.32306759,0.19452822,0.24556641,0.50745408,-0.4819043,0.49674684,0.51332366
0.32303933,0.19476242,0.24556514,0.5074543,-0.48190074,0.49675009,0.51332364
0.3230111,0.19499657,0.24556387,0.50745452,-0.48189718,0.49675334,0.51332362
0.3229829,0.19523066,0.24556261,0.50745474,-0.48189363,0.49675658,0.51332359
0.32295473,0.19546469,0.24556135,0.50745496,-0.48189008,0.49675983,0.51332356
0.32292659,0.19569867,0.2455601,0.50745518,-0.48188654,0.49676308,0.51332352
0.32289847,0.19593259,0.24555885,0.50745541,-0.481883,0.49676633,0.51332348
0.32287039,0.19616646,0.24555761,0.50745563,-0.48187946,0.49676958,0.51332344
0.32284233,0.19640027,0.24555637,0.50745585,-0.48187593,0.49677284,0.51332339
0.3228143,0.19663402,0.24555514,0.50745608,-0.4818724,0.49677609,0.51332333
0.3227863,0.19686771,0.24555391,0.5074563,-0.48186887,0.49677934,0.51332327
0.32275833,0.19710135,0.24555269,0.50745653,-0.48186535,0.49678259,0.51332321
0.32273039,0.19733494,0.24555147,0.50745675,-0.48186183,0.49678585,0.51332314
0.32270248,0.19756846,0.24555026,0.50745698,-0.48185831,0.4967891,0.51332307
0.32267459,0.19780193,0.24554905,0.50745721,-0.48185479,0.49679236,0.51332299
0.32264673,0.19803535,0.24554785,0.50745744,-0.48185128,0.49679561,0.51332291
0.3226189,0.1982687,0.24554665,0.50745767,-0.48184778,0.49679887,0.51332282
0.3225911,0.19850201,0.24554546,0.50745789,-0.48184427,0.49680213,0.51332273
0.32256333,0.19873525,0.24554427,0.50745812,-0.48184077,0.49680538,0.51332264
0.32253559,0.19896844,0.24554309,0.50745835,-0.48183727,0.49680864,0.51332254
0.32250787,0.19920158,0.24554191,0.50745859,-0.48183378,0.4968119,0.51332244
0.32248019,0.19943465,0.24554074,0.50745882,-0.48183029,0.49681516,0.51332233
0.32245253,0.19966767,0.24553957,0.50745905,-0.4818268,0.49681842,0.51332222
0.3224249,0.19990064,0.24553841,0.50745928,-0.48182332,0.49682168,0.5133221
0.3223973,0.20013355,0.24553725,0.50745952,-0.48181984,0.49682495,0.51332198
0.32236972,0.2003664,0.2455361,0.50745975,-0.48181636,0.49682821,0.51332186
0.32234218,0.2005992,0.24553495,0.50745998,-0.48181289,0.49683147,0.51332173
0.32231466,0.20083194,0.24553381,0.50746022,-0.48180942,0.49683474,0.51332159
0.32228717,0.20106463,0.24553267,0.50746045,-0.48180595,0.496838,0.51332145
0.32225971,0.20129726,0.24553154,0.50746069,-0.48180249,0.49684127,0.51332131
0.32223228,0.20152984,0.24553042,0.50746093,-0.48179902,0.49684453,0.51332116
0.32220487,0.20176236,0.24552929,0.50746116,-0.48179557,0.4968478,0.51332101
0.3221775,0.20199482,0.24552818,0.5074614,-0.48179211,0.49685107,0.51332086
0.32215015,0.20222723,0.24552707,0.50746164,-0.48178866,0.49685434,0.5133207
0.32212283,0.20245959,0.24552596,0.50746188,-0.48178521,0.4968576,0.51332053
0.32209554,0.20269188,0.24552487,0.50746212,-0.48178177,0.49686087,0.51332036
0.32206827,0.20292413,0.24552377,0.50746236,-0.48177833,0.49686414,0.51332019
0.32204104,0.20315631,0.24552268,0.5074626,-0.48177489,0.49686742,0.51332001
0.32201383,0.20338845,0.2455216,0.50746284,-0.48177146,0.49687069,0.51331983
0.32198665,0.20362052,0.24552052,0.50746308,-0.48176802,0.49687396,0.51331965
0.3219595,0.20385254,0.24551945,0.50746332,-0.4817646,0.49687723,0.51331946
0.32193238,0.20408451,0.24551838,0.50746357,-0.48176117,0.49688051,0.51331926
0.32190528,0.20431642,0.24551732,0.50746381,-0.48175775,0.49688378,0.51331906
0.32187821,0.20454828,0.24551627,0.50746405,-0.48175433,0.49688706,0.51331886
0.32185117,0.20478008,0.24551521,0.5074643,-0.48175092,0.49689033,0.51331865
0.32182416,0.20501183,0.24551417,0.50746454,-0.4817475,0.49689361,0.51331844
0.32179717,0.20524352,0.24551313,0.50746479,-0.4817441,0.49689689,0.51331822
0.32177021,0.20547515,0.2455121,0.50746504,-0.48174069,0.49690017,0.513318
0.32174328,0.20570674,0.24551107,0.50746528,-0.48173729,0.49690344,0.51331778
0.32171638,0.20593826,0.24551004,0.50746553,-0.48173389,0.49690672,0.51331755
0.32168951,0.20616973,0.24550903,0.50746578,-0.48173049,0.49691,0.51331731
0.32166266,0.20640115,0.24550801,0.50746603,-0.4817271,0.49691329,0.51331708
0.32163584,0.20663251,0.24550701,0.50746627,-0.48172371,0.49691657,0.51331683
0.32160904,0.20686382,0.24550601,0.50746652,-0.48172032,0.49691985,0.51331659
0.32158228,0.20709508,0.24550501,0.50746677,-0.48171694,0.49692313,0.51331634
0.32155554,0.20732627,0.24550402,0.50746702,-0.48171356,0.49692642,0.51331608
0.32152883,0.20755742,0.24550304,0.50746727,-0.48171018,0.4969297,0.51331582
0.32150215,0.20778851,0.24550206,0.50746753,-0.48170681,0.49693299,0.51331556
0.32147549,0.20801954,0.24550108,0.50746778,-0.48170344,0.49693628,0.51331529
0.32144886,0.20825052,0.24550012,0.50746803,-0.48170007,0.49693956,0.51331502
0.32142226,0.20848145,0.24549915,0.50746828,-0.48169671,0.49694285,0.51331474
0.32139568,0.20871232,0.2454982,0.50746854,-0.48169335,0.49694614,0.51331446
0.32136913,0.20894314,0.24549725,0.50746879,-0.48168999,0.49694943,0.51331418
0.32134261,0.2091739,0.2454963,0.50746904,-0.48168664,0.49695272,0.51331389
0.32131612,0.20940461,0.24549536,0.5074693,-0.48168328,0.49695601,0.5133136
0.32128965,0.20963527,0.24549443,0.50746956,-0.48167994,0.4969593,0.5133133
0.32126321,0.20986587,0.2454935,0.50746981,-0.48167659,0.49696259,0.513313
0.3212368,0.21009642,0.24549258,0.50747007,-0.48167325,0.49696589,0.51331269
0.32121041,0.21032691,0.24549167,0.50747032,-0.48166991,0.49696918,0.51331238
0.32118405,0.21055735,0.24549075,0.50747058,-0.48166657,0.49697248,0.51331207
0.32115771,0.21078774,0.24548985,0.50747084,-0.48166324,0.49697577,0.51331175
0.32113141,0.21101807,0.24548895,0.5074711,-0.48165991,0.49697907,0.51331143
0.32110512,0.21124834,0.24548806,0.50747136,-0.48165658,0.49698237,0.5133111
0.32107887,0.21147857,0.24548717,0.50747162,-0.48165326,0.49698566,0.51331077
0.32105264,0.21170874,0.24548629,0.50747188,-0.48164994,0.49698896,0.51331043
0.32102644,0.21193885,0.24548541,0.50747214,-0.48164662,0.49699226,0.51331009
0.32100026,0.21216892,0.24548454,0.5074724,-0.48164331,0.49699556,0.51330975
0.32097411,0.21239893,0.24548368,0.50747266,-0.48164,0.49699886,0.5133094
0.32094799,0.21262888,0.24548282,0.50747292,-0.48163669,0.49700217,0.51330905
0.32092189,0.21285878,0.24548197,0.50747319,-0.48163338,0.49700547,0.51330869
0.32089582,0.21308863,0.24548112,0.50747345,-0.48163008,0.49700877,0.51330833
0.32086977,0.21331842,0.24548028,0.50747371,-0.48162678,0.49701208,0.51330797
0.32084375,0.21354817,0.24547945,0.50747398,-0.48162349,0.49701538,0.5133076
0.32081775,0.21377785,0.24547862,0.50747424,-0.4816202,0.49701869,0.51330722
0.32079178,0.21400749,0.24547779,0.5074745,-0.48161691,0.49702199,0.51330685
0.32076584,0.21423707,0.24547698,0.50747477,-0.48161362,0.4970253,0.51330647
0.32073992,0.2144666,0.24547617,0.50747504,-0.48161034,0.49702861,0.51330608
0.32071403,0.21469607,0.24547536,0.5074753,-0.48160706,0.49703192,0.51330569
0.32068816,0.21492549,0.24547456,0.50747557,-0.48160378,0.49703523,0.5133053
0.32066232,0.21515486,0.24547377,0.50747584,-0.4816005,0.49703854,0.5133049
0.3206365,0.21538417,0.24547298,0.5074761,-0.48159723,0.49704185,0.5133045
0.32061071,0.21561344,0.2454722,0.50747637,-0.48159396,0.49704517,0.51330409
0.32058495,0.21584264,0.24547142,0.50747664,-0.4815907,0.49704848,0.51330368
0.32055921,0.2160718,0.24547065,0.50747691,-0.48158744,0.49705179,0.51330326
0.32053349,0.2163009,0.24546989,0.50747718,-0.48158418,0.49705511,0.51330285
0.3205078,0.21652995,0.24546913,0.50747745,-0.48158092,0.49705842,0.51330242
0.32048213,0.21675895,0.24546838,0.50747772,-0.48157767,0.49706174,0.513302
0.32045649,0.21698789,0.24546763,0.50747799,-0.48157442,0.49706506,0.51330156
0.32043087,0.21721678,0.24546689,0.50747826,-0.48157117,0.49706838,0.51330113
0.32040528,0.21744562,0.24546616,0.50747854,-0.48156792,0.4970717,0.51330069
0.32037971,0.21767441,0.24546543,0.50747881,-0.48156468,0.49707502,0.51330025
0.32035417,0.21790314,0.24546471,0.50747908,-0.48156144,0.49707834,0.5132998
0.32032865,0.21813182,0.24546399,0.50747936,-0.48155821,0.49708166,0.51329935
0.32030315,0.21836045,0.24546328,0.50747963,-0.48155498,0.49708498,0.51329889
0.32027768,0.21858902,0.24546258,0.5074799,-0.48155175,0.49708831,0.51329843
0.32025223,0.21881754,0.24546188,0.50748018,-0.48154852,0.49709163,0.51329797
0.32022681,0.21904601,0.24546119,0.50748045,-0.4815453,0.49709496,0.5132975
0.32020141,0.21927443,0.24546051,0.50748073,-0.48154208,0.49709828,0.51329703
0.32017604,0.21950279,0.24545983,0.50748101,-0.48153886,0.49710161,0.51329655
0.32015068,0.21973111,0.24545915,0.50748128,-0.48153564,0.49710494,0.51329607
0.32012536,0.21995937,0.24545849,0.50748156,-0.48153243,0.49710827,0.51329559
0.32010005,0.22018757,0.24545782,0.50748184,-0.48152922,0.49711159,0.5132951
0.32007477,0.22041573,0.24545717,0.50748211,-0.48152602,0.49711493,0.5132946
0.32004951,0.22064383,0.24545652,0.50748239,-0.48152281,0.49711826,0.51329411
0.32002428,0.22087188,0.24545588,0.50748267,-0.48151961,0.49712159,0.51329361
0.31999907,0.22109988,0.24545524,0.50748295,-0.48151642,0.49712492,0.5132931
0.31997388,0.22132782,0.24545461,0.50748323,-0.48151322,0.49712826,0.51329259
0.31994872,0.22155571,0.24545398,0.50748351,-0.48151003,0.49713159,0.51329208
0.31992357,0.22178356,0.24545337,0.50748379,-0.48150684,0.49713493,0.51329156
0.31989846,0.22201134,0.24545275,0.50748407,-0.48150365,0.49713826,0.51329104
0.31987336,0.22223908,0.24545215,0.50748435,-0.48150047,0.4971416,0.51329052
0.31984829,0.22246677,0.24545155,0.50748464,-0.48149729,0.49714494,0.51328999
0.31982323,0.2226944,0.24545095,0.50748492,-0.48149411,0.49714828,0.51328945
0.31979821,0.22292198,0.24545036,0.5074852,-0.48149094,0.49715162,0.51328892
0.3197732,0.22314951,0.24544978,0.50748548,-0.48148777,0.49715496,0.51328838
0.31974822,0.22337698,0.24544921,0.50748577,-0.4814846,0.4971583,0.51328783
0.31972325,0.22360441,0.24544864,0.50748605,-0.48148143,0.49716165,0.51328728
0.31969831,0.22383178,0.24544807,0.50748634,-0.48147827,0.49716499,0.51328673
0.3196734,0.2240591,0.24544751,0.50748662,-0.48147511,0.49716834,0.51328617
0.3196485,0.22428637,0.24544696,0.50748691,-0.48147195,0.49717168,0.51328561
0.31962363,0.22451359,0.24544642,0.50748719,-0.4814688,0.49717503,0.51328504
0.31959877,0.22474075,0.24544588,0.50748748,-0.48146565,0.49717838,0.51328447
0.31957394,0.22496786,0.24544535,0.50748776,-0.4814625,0.49718173,0.5132839
0.31954913,0.22519493,0.24544482,0.50748805,-0.48145935,0.49718508,0.51328332
0.31952435,0.22542194,0.2454443,0.50748834,-0.48145621,0.49718843,0.51328274
0.31949958,0.22564889,0.24544378,0.50748863,-0.48145307,0.49719178,0.51328216
0.31947483,0.2258758,0.24544328,0.50748891,-0.48144993,0.49719513,0.51328157
0.31945011,0.22610265,0.24544277,0.5074892,-0.4814468,0.49719848,0.51328097
0.31942541,0.22632946,0.24544228,0.50748949,-0.48144367,0.49720184,0.51328038
0.31940072,0.22655621,0.24544179,0.50748978,-0.48144054,0.49720519,0.51327978
0.31937606,0.22678291,0.2454413,0.50749007,-0.48143741,0.49720855,0.51327917
0.31935142,0.22700956,0.24544083,0.50749036,-0.48143429,0.49721191,0.51327856
0.3193268,0.22723615,0.24544035,0.50749065,-0.48143117,0.49721527,0.51327795
0.3193022,0.2274627,0.24543989,0.50749094,-0.48142805,0.49721862,0.51327733
0.31927762,0.22768919,0.24543943,0.50749123,-0.48142493,0.49722198,0.51327671
0.31925306,0.22791563,0.24543898,0.50749153,-0.48142182,0.49722535,0.51327608
0.31922852,0.22814202,0.24543853,0.50749182,-0.48141871,0.49722871,0.51327545
0.319204,0.22836836,0.24543809,0.50749211,-0.4814156,0.49723207,0.51327482
0.3191795,0.22859465,0.24543765,0.5074924,-0.4814125,0.49723543,0.51327418
0.31915502,0.22882089,0.24543723,0.5074927,-0.4814094,0.4972388,0.51327354
0.31913056,0.22904707,0.2454368,0.50749299,-0.4814063,0.49724217,0.5132729
0.31910612,0.2292732,0.24543639,0.50749328,-0.4814032,0.49724553,0.51327225
0.3190817,0.22949929,0.24543598,0.50749358,-0.48140011,0.4972489,0.5132716
0.31905729,0.22972532,0.24543557,0.50749387,-0.48139702,0.49725227,0.51327094
0.31903291,0.2299513,0.24543518,0.50749417,-0.48139393,0.49725564,0.51327028
0.31900855,0.23017722,0.24543478,0.50749446,-0.48139085,0.49725901,0.51326962
0.3189842,0.2304031,0.2454344,0.50749476,-0.48138776,0.49726238,0.51326895
0.31895988,0.23062893,0.24543402,0.50749506,-0.48138468,0.49726576,0.51326828
0.31893557,0.2308547,0.24543365,0.50749535,-0.48138161,0.49726913,0.5132676
0.31891128,0.23108042,0.24543328,0.50749565,-0.48137853,0.4972725,0.51326692
0.31888701,0.23130609,0.24543292,0.50749595,-0.48137546,0.49727588,0.51326623
0.31886276,0.23153171,0.24543256,0.50749625,-0.48137239,0.49727926,0.51326555
0.31883852,0.23175728,0.24543221,0.50749654,-0.48136932,0.49728264,0.51326485
0.31881431,0.2319828,0.24543187,0.50749684,-0.48136626,0.49728601,0.51326416
0.31879011,0.23220827,0.24543154,0.50749714,-0.4813632,0.49728939,0.51326346
0.31876593,0.23243368,0.24543121,0.50749744,-0.48136014,0.49729278,0.51326276
0.31874177,0.23265905,0.24543088,0.50749774,-0.48135708,0.49729616,0.51326205
0.31871762,0.23288436,0.24543056,0.50749804,-0.48135403,0.49729954,0.51326134
0.31869349,0.23310962,0.24543025,0.50749834,-0.48135098,0.49730292,0.51326062
0.31866938,0.23333484,0.24542995,0.50749864,-0.48134793,0.49730631,0.5132599
0.31864529,0.23356,0.24542965,0.50749894,-0.48134489,0.4973097,0.51325918
0.31862122,0.23378511,0.24542935,0.50749925,-0.48134185,0.49731308,0.51325845
0.31859716,0.23401016,0.24542906,0.50749955,-0.48133881,0.49731647,0.51325772
0.31857312,0.23423517,0.24542878,0.50749985,-0.48133577,0.49731986,0.51325699
0.31854909,0.23446013,0.24542851,0.50750015,-0.48133273,0.49732325,0.51325625
0.31852508,0.23468503,0.24542824,0.50750046,-0.4813297,0.49732664,0.51325551
0.31850109,0.23490988,0.24542797,0.50750076,-0.48132667,0.49733003,0.51325476
0.31847712,0.23513469,0.24542772,0.50750106,-0.48132364,0.49733343,0.51325401
0.31845316,0.23535944,0.24542747,0.50750137,-0.48132062,0.49733682,0.51325326
0.31842922,0.23558414,0.24542722,0.50750167,-0.4813176,0.49734022,0.5132525
0.31840529,0.23580879,0.24542698,0.50750198,-0.48131458,0.49734362,0.51325174
0.31838138,0.23603339,0.24542675,0.50750228,-0.48131156,0.49734701,0.51325097
0.31835748,0.23625794,0.24542652,0.50750259,-0.48130855,0.49735041,0.5132502
0.3183336,0.23648243,0.2454263,0.50750289,-0.48130554,0.49735381,0.51324943
0.31830974,0.23670688,0.24542609,0.5075032,-0.48130253,0.49735721,0.51324865
0.31828589,0.23693127,0.24542588,0.50750351,-0.48129952,0.49736061,0.51324787
0.31826206,0.23715562,0.24542567,0.50750381,-0.48129652,0.49736402,0.51324709
0.31823824,0.23737991,0.24542548,0.50750412,-0.48129352,0.49736742,0.5132463
0.31821443,0.23760415,0.24542529,0.50750443,-0.48129052,0.49737083,0.51324551
0.31819064,0.23782834,0.2454251,0.50750474,-0.48128752,0.49737423,0.51324471
0.31816687,0.23805248,0.24542492,0.50750505,-0.48128453,0.49737764,0.51324391
0.31814311,0.23827657,0.24542475,0.50750535,-0.48128153,0.49738105,0.51324311
0.31811936,0.23850061,0.24542458,0.50750566,-0.48127855,0.49738446,0.5132423
0.31809563,0.2387246,0.24542442,0.50750597,-0.48127556,0.49738787,0.51324149
0.31807192,0.23894853,0.24542427,0.50750628,-0.48127258,0.49739128,0.51324068
0.31804821,0.23917242,0.24542412,0.50750659,-0.48126959,0.4973947,0.51323986
0.31802452,0.23939625,0.24542397,0.5075069,-0.48126662,0.49739811,0.51323904
0.31800085,0.23962003,0.24542384,0.50750721,-0.48126364,0.49740152,0.51323821
0.31797719,0.23984377,0.24542371,0.50750752,-0.48126067,0.49740494,0.51323738
0.31795354,0.24006745,0.24542358,0.50750783,-0.48125769,0.49740836,0.51323655
0.3179299,0.24029108,0.24542346,0.50750815,-0.48125473,0.49741178,0.51323571
0.31790628,0.24051466,0.24542335,0.50750846,-0.48125176,0.4974152,0.51323487
0.31788267,0.24073819,0.24542324,0.50750877,-0.4812488,0.49741862,0.51323402
0.31785907,0.24096166,0.24542314,0.50750908,-0.48124583,0.49742204,0.51323318
0.31783549,0.24118509,0.24542304,0.5075094,-0.48124287,0.49742546,0.51323232
0.31781192,0.24140847,0.24542295,0.50750971,-0.48123992,0.49742889,0.51323147
0.31778836,0.24163179,0.24542287,0.50751002,-0.48123696,0.49743231,0.51323061
0.31776481,0.24185507,0.24542279,0.50751034,-0.48123401,0.49743574,0.51322974
0.31774128,0.24207829,0.24542272,0.50751065,-0.48123106,0.49743917,0.51322888
0.31771776,0.24230146,0.24542265,0.50751097,-0.48122812,0.4974426,0.513228
0.31769425,0.24252458,0.24542259,0.50751128,-0.48122517,0.49744603,0.51322713
0.31767075,0.24274765,0.24542253,0.5075116,-0.48122223,0.49744946,0.51322625
0.31764726,0.24297067,0.24542248,0.50751191,-0.48121929,0.49745289,0.51322537
0.31762379,0.24319364,0.24542244,0.50751223,-0.48121635,0.49745632,0.51322448
0.31760032,0.24341655,0.2454224,0.50751254,-0.48121342,0.49745976,0.51322359
0.31757687,0.24363942,0.24542237,0.50751286,-0.48121049,0.49746319,0.5132227
0.31755343,0.24386224,0.24542234,0.50751318,-0.48120756,0.49746663,0.5132218
0.31753,0.244085,0.24542232,0.50751349,-0.48120463,0.49747007,0.5132209
0.31750658,0.24430771,0.24542231,0.50751381,-0.4812017,0.49747351,0.51322
0.31748317,0.24453037,0.2454223,0.50751413,-0.48119878,0.49747695,0.51321909
0.31745977,0.24475298,0.24542229,0.50751444,-0.48119586,0.49748039,0.51321818
0.31743638,0.24497554,0.2454223,0.50751476,-0.48119294,0.49748383,0.51321726
0.317413,0.24519805,0.2454223,0.50751508,-0.48119002,0.49748728,0.51321634
0.31738963,0.24542051,0.24542232,0.5075154,-0.48118711,0.49749072,0.51321542
0.31736627,0.24564292,0.24542234,0.50751572,-0.4811842,0.49749417,0.51321449
0.31734292,0.24586527,0.24542236,0.50751604,-0.48118129,0.49749762,0.51321356
0.31731958,0.24608758,0.24542239,0.50751636,-0.48117838,0.49750106,0.51321263
0.31729625,0.24630983,0.24542243,0.50751668,-0.48117548,0.49750451,0.51321169
0.31727293,0.24653203,0.24542247,0.507517,-0.48117258,0.49750797,0.51321075
0.31724962,0.24675418,0.24542252,0.50751732,-0.48116968,0.49751142,0.5132098
0.31722632,0.24697628,0.24542257,0.50751764,-0.48116678,0.49751487,0.51320885
0.31720302,0.24719833,0.24542263,0.50751796,-0.48116389,0.49751833,0.5132079
0.31717974,0.24742033,0.24542269,0.50751828,-0.48116099,0.49752178,0.51320694
0.31715646,0.24764227,0.24542276,0.5075186,-0.4811581,0.49752524,0.51320598
0.31713319,0.24786417,0.24542284,0.50751893,-0.48115522,0.4975287,0.51320502
0.31710993,0.24808601,0.24542292,0.50751925,-0.48115233,0.49753216,0.51320405
0.31708668,0.24830781,0.245423,0.50751957,-0.48114945,0.49753562,0.51320308
0.31706343,0.24852955,0.24542309,0.50751989,-0.48114656,0.49753908,0.51320211
0.31704019,0.24875124,0.24542319,0.50752022,-0.48114369,0.49754254,0.51320113
0.31701697,0.24897287,0.24542329,0.50752054,-0.48114081,0.49754601,0.51320015
0.31699374,0.24919446,0.2454234,0.50752086,-0.48113793,0.49754948,0.51319916
0.31697053,0.249416,0.24542351,0.50752119,-0.48113506,0.49755294,0.51319817
0.31694732,0.24963748,0.24542363,0.50752151,-0.48113219,0.49755641,0.51319718
0.31692412,0.24985892,0.24542376,0.50752184,-0.48112932,0.49755988,0.51319619
0.31690093,0.2500803,0.24542388,0.50752216,-0.48112646,0.49756335,0.51319519
0.31687774,0.25030163,0.24542402,0.50752248,-0.4811236,0.49756682,0.51319418
0.31685456,0.25052291,0.24542416,0.50752281,-0.48112073,0.4975703,0.51319318
0.31683138,0.25074414,0.2454243,0.50752314,-0.48111788,0.49757377,0.51319217
0.31680822,0.25096531,0.24542445,0.50752346,-0.48111502,0.49757725,0.51319115
0.31678505,0.25118644,0.24542461,0.50752379,-0.48111216,0.49758072,0.51319013
0.3167619,0.25140751,0.24542477,0.50752411,-0.48110931,0.4975842,0.51318911
0.31673875,0.25162853,0.24542494,0.50752444,-0.48110646,0.49758768,0.51318809
0.3167156,0.2518495,0.24542511,0.50752477,-0.48110361,0.49759116,0.51318706
0.31669246,0.25207042,0.24542529,0.50752509,-0.48110077,0.49759465,0.51318603
0.31666933,0.25229129,0.24542547,0.50752542,-0.48109792,0.49759813,0.51318499
0.3166462,0.2525121,0.24542566,0.50752575,-0.48109508,0.49760162,0.51318395
0.31662308,0.25273287,0.24542585,0.50752608,-0.48109224,0.4976051,0.51318291
0.31659996,0.25295358,0.24542605,0.5075264,-0.48108941,0.49760859,0.51318186
0.31657684,0.25317424,0.24542625,0.50752673,-0.48108657,0.49761208,0.51318081
0.31655373,0.25339485,0.24542646,0.50752706,-0.48108374,0.49761557,0.51317976
0.31653063,0.2536154,0.24542667,0.50752739,-0.48108091,0.49761906,0.5131787
0.31650753,0.25383591,0.24542689,0.50752772,-0.48107808,0.49762255,0.51317764
0.31648443,0.25405636,0.24542711,0.50752805,-0.48107525,0.49762605,0.51317658
0.31646134,0.25427676,0.24542734,0.50752838,-0.48107243,0.49762954,0.51317551
0.31643825,0.25449711,0.24542757,0.50752871,-0.48106961,0.49763304,0.51317444
0.31641516,0.25471741,0.24542781,0.50752904,-0.48106679,0.49763654,0.51317336
0.31639208,0.25493766,0.24542806,0.50752937,-0.48106397,0.49764004,0.51317228
0.316369,0.25515785,0.2454283,0.5075297,-0.48106115,0.49764354,0.5131712
0.31634592,0.25537799,0.24542856,0.50753003,-0.48105834,0.49764704,0.51317012
0.31632285,0.25559808,0.24542882,0.50753036,-0.48105553,0.49765054,0.51316903
0.31629978,0.25581812,0.24542908,0.50753069,-0.48105272,0.49765405,0.51316793
0.31627671,0.25603811,0.24542935,0.50753102,-0.48104991,0.49765755,0.51316684
0.31625365,0.25625804,0.24542962,0.50753136,-0.48104711,0.49766106,0.51316574
0.31623058,0.25647793,0.2454299,0.50753169,-0.4810443,0.49766457,0.51316463
0.31620752,0.25669776,0.24543018,0.50753202,-0.4810415,0.49766808,0.51316353
0.31618446,0.25691753,0.24543047,0.50753235,-0.4810387,0.49767159,0.51316242
0.31616141,0.25713726,0.24543076,0.50753269,-0.48103591,0.4976751,0.5131613
0.31613835,0.25735693,0.24543106,0.50753302,-0.48103311,0.49767862,0.51316019
0.3161153,0.25757655,0.24543136,0.50753335,-0.48103032,0.49768213,0.51315907
0.31609224,0.25779612,0.24543167,0.50753369,-0.48102753,0.49768565,0.51315794
0.31606919,0.25801564,0.24543198,0.50753402,-0.48102474,0.49768917,0.51315681
0.31604614,0.2582351,0.2454323,0.50753435,-0.48102195,0.49769269,0.51315568
0.31602309,0.25845452,0.24543262,0.50753469,-0.48101917,0.49769621,0.51315455
0.31600004,0.25867388,0.24543294,0.50753502,-0.48101638,0.49769973,0.51315341
0.315977,0.25889318,0.24543327,0.50753536,-0.4810136,0.49770325,0.51315227
0.31595395,0.25911244,0.24543361,0.50753569,-0.48101082,0.49770678,0.51315112
0.3159309,0.25933164,0.24543395,0.50753603,-0.48100805,0.4977103,0.51314997
0.31590785,0.25955079,0.24543429,0.50753636,-0.48100527,0.49771383,0.51314882
0.31588481,0.25976989,0.24543464,0.5075367,-0.4810025,0.49771736,0.51314767
0.31586176,0.25998893,0.24543499,0.50753703,-0.48099973,0.49772089,0.51314651
0.31583871,0.26020792,0.24543535,0.50753737,-0.48099696,0.49772442,0.51314534
0.31581566,0.26042686,0.24543571,0.5075377,-0.48099419,0.49772796,0.51314418
0.31579261,0.26064575,0.24543608,0.50753804,-0.48099143,0.49773149,0.51314301
0.31576956,0.26086458,0.24543645,0.50753838,-0.48098866,0.49773503,0.51314184
0.31574651,0.26108336,0.24543683,0.50753871,-0.4809859,0.49773857,0.51314066
0.31572346,0.26130209,0.24543721,0.50753905,-0.48098314,0.49774211,0.51313948
0.31570041,0.26152077,0.24543759,0.50753939,-0.48098038,0.49774565,0.5131383
0.31567735,0.26173939,0.24543798,0.50753973,-0.48097763,0.49774919,0.51313711
0.3156543,0.26195796,0.24543838,0.50754006,-0.48097488,0.49775273,0.51313592
0.31563124,0.26217648,0.24543878,0.5075404,-0.48097212,0.49775628,0.51313472
0.31560818,0.26239494,0.24543918,0.50754074,-0.48096937,0.49775982,0.51313353
0.31558512,0.26261335,0.24543958,0.50754108,-0.48096663,0.49776337,0.51313233
0.31556205,0.26283171,0.24544,0.50754142,-0.48096388,0.49776692,0.51313112
0.31553898,0.26305001,0.24544041,0.50754176,-0.48096114,0.49777047,0.51312992
0.31551591,0.26326826,0.24544083,0.50754209,-0.48095839,0.49777402,0.51312871
0.31549284,0.26348646,0.24544125,0.50754243,-0.48095565,0.49777758,0.51312749
0.31546977,0.26370461,0.24544168,0.50754277,-0.48095292,0.49778113,0.51312627
0.31544669,0.2639227,0.24544211,0.50754311,-0.48095018,0.49778469,0.51312505
0.31542361,0.26414074,0.24544255,0.50754345,-0.48094745,0.49778824,0.51312383
0.31540052,0.26435872,0.24544299,0.50754379,-0.48094471,0.4977918,0.5131226
0.31537744,0.26457665,0.24544344,0.50754413,-0.48094198,0.49779536,0.51312137
0.31535434,0.26479453,0.24544388,0.50754447,-0.48093925,0.49779893,0.51312013
0.31533125,0.26501235,0.24544434,0.50754481,-0.48093653,0.49780249,0.5131189
0.31530815,0.26523012,0.24544479,0.50754515,-0.4809338,0.49780606,0.51311765
0.31528505,0.26544784,0.24544526,0.50754549,-0.48093108,0.49780962,0.51311641
0.31526194,0.26566551,0.24544572,0.50754584,-0.48092836,0.49781319,0.51311516
0.31523883,0.26588312,0.24544619,0.50754618,-0.48092564,0.49781676,0.51311391
0.31521571,0.26610067,0.24544666,0.50754652,-0.48092292,0.49782033,0.51311266
0.31519259,0.26631817,0.24544714,0.50754686,-0.4809202,0.4978239,0.5131114
0.31516946,0.26653562,0.24544762,0.5075472,-0.48091749,0.49782748,0.51311014
0.31514633,0.26675302,0.2454481,0.50754754,-0.48091477,0.49783105,0.51310887
0.31512319,0.26697036,0.24544859,0.50754789,-0.48091206,0.49783463,0.5131076
0.31510005,0.26718765,0.24544908,0.50754823,-0.48090935,0.49783821,0.51310633
0.3150769,0.26740488,0.24544958,0.50754857,-0.48090665,0.49784179,0.51310505
0.31505375,0.26762206,0.24545008,0.50754891,-0.48090394,0.49784537,0.51310378
0.31503059,0.26783918,0.24545058,0.50754926,-0.48090124,0.49784895,0.51310249
0.31500743,0.26805625,0.24545109,0.5075496,-0.48089854,0.49785254,0.51310121
0.31498425,0.26827327,0.2454516,0.50754994,-0.48089584,0.49785612,0.51309992
0.31496108,0.26849023,0.24545212,0.50755029,-0.48089314,0.49785971,0.51309863
0.31493789,0.26870714,0.24545264,0.50755063,-0.48089044,0.4978633,0.51309733
0.3149147,0.26892399,0.24545316,0.50755098,-0.48088775,0.49786689,0.51309603
0.31489151,0.26914079,0.24545369,0.50755132,-0.48088505,0.49787048,0.51309473
0.3148683,0.26935754,0.24545422,0.50755166,-0.48088236,0.49787408,0.51309343
0.31484509,0.26957423,0.24545475,0.50755201,-0.48087967,0.49787767,0.51309212
0.31482187,0.26979086,0.24545529,0.50755235,-0.48087698,0.49788127,0.51309081
0.31479865,0.27000744,0.24545583,0.5075527,-0.4808743,0.49788487,0.51308949
0.31477541,0.27022397,0.24545637,0.50755304,-0.48087161,0.49788847,0.51308817
0.31475217,0.27044044,0.24545692,0.50755339,-0.48086893,0.49789207,0.51308685
0.31472892,0.27065686,0.24545747,0.50755373,-0.48086625,0.49789567,0.51308553
0.31470567,0.27087322,0.24545802,0.50755408,-0.48086357,0.49789928,0.5130842
0.3146824,0.27108953,0.24545858,0.50755442,-0.48086089,0.49790288,0.51308287
0.31465913,0.27130578,0.24545914,0.50755477,-0.48085822,0.49790649,0.51308153
0.31463585,0.27152198,0.24545971,0.50755512,-0.48085554,0.4979101,0.51308019
0.31461256,0.27173812,0.24546027,0.50755546,-0.48085287,0.49791371,0.51307885
0.31458926,0.27195421,0.24546084,0.50755581,-0.4808502,0.49791733,0.51307751
0.31456595,0.27217024,0.24546142,0.50755615,-0.48084753,0.49792094,0.51307616
0.31454264,0.27238622,0.245462,0.5075565,-0.48084486,0.49792456,0.51307481
0.31451931,0.27260214,0.24546258,0.50755685,-0.48084219,0.49792817,0.51307345
0.31449598,0.27281801,0.24546316,0.50755719,-0.48083953,0.49793179,0.51307209
0.31447263,0.27303382,0.24546375,0.50755754,-0.48083687,0.49793541,0.51307073
0.31444928,0.27324957,0.24546434,0.50755789,-0.4808342,0.49793903,0.51306937
0.31442592,0.27346527,0.24546493,0.50755824,-0.48083154,0.49794266,0.513068
0.31440254,0.27368092,0.24546553,0.50755858,-0.48082889,0.49794628,0.51306663
0.31437916,0.27389651,0.24546613,0.50755893,-0.48082623,0.49794991,0.51306525
0.31435577,0.27411204,0.24546673,0.50755928,-0.48082358,0.49795354,0.51306388
0.31433236,0.27432752,0.24546734,0.50755963,-0.48082092,0.49795717,0.51306249
0.31430895,0.27454294,0.24546795,0.50755998,-0.48081827,0.4979608,0.51306111
0.31428552,0.27475831,0.24546856,0.50756033,-0.48081562,0.49796443,0.51305972
0.31426209,0.27497362,0.24546918,0.50756067,-0.48081297,0.49796807,0.51305833
0.31423864,0.27518887,0.2454698,0.50756102,-0.48081032,0.49797171,0.51305694
0.31421519,0.27540407,0.24547042,0.50756137,-0.48080768,0.49797534,0.51305554
0.31419172,0.27561922,0.24547104,0.50756172,-0.48080504,0.49797898,0.51305414
0.31416824,0.2758343,0.24547167,0.50756207,-0.48080239,0.49798262,0.51305274
0.31414475,0.27604933,0.2454723,0.50756242,-0.48079975,0.49798627,0.51305133
0.31412124,0.27626431,0.24547293,0.50756277,-0.48079711,0.49798991,0.51304992
0.31409773,0.27647923,0.24547357,0.50756312,-0.48079448,0.49799356,0.51304851
0.3140742,0.27669409,0.24547421,0.50756347,-0.48079184,0.49799721,0.51304709
0.31405067,0.27690889,0.24547485,0.50756382,-0.4807892,0.49800086,0.51304567
0.31402712,0.27712364,0.24547549,0.50756417,-0.48078657,0.49800451,0.51304425
0.31400355,0.27733833,0.24547614,0.50756452,-0.48078394,0.49800816,0.51304282
0.31397998,0.27755297,0.24547679,0.50756487,-0.48078131,0.49801182,0.51304139
0.31395639,0.27776755,0.24547744,0.50756522,-0.48077868,0.49801547,0.51303996
0.31393279,0.27798207,0.24547809,0.50756557,-0.48077605,0.49801913,0.51303852
0.31390918,0.27819654,0.24547875,0.50756592,-0.48077343,0.49802279,0.51303708
0.31388555,0.27841095,0.24547941,0.50756627,-0.4807708,0.49802645,0.51303564
0.31386191,0.2786253,0.24548007,0.50756662,-0.48076818,0.49803012,0.51303419
0.31383826,0.27883959,0.24548074,0.50756697,-0.48076556,0.49803378,0.51303274
0.3138146,0.27905383,0.24548141,0.50756732,-0.48076294,0.49803745,0.51303129
0.31379092,0.27926801,0.24548208,0.50756768,-0.48076032,0.49804111,0.51302984
0.31376722,0.27948214,0.24548275,0.50756803,-0.48075771,0.49804478,0.51302838
0.31374352,0.2796962,0.24548342,0.50756838,-0.48075509,0.49804846,0.51302692
0.3137198,0.27991021,0.2454841,0.50756873,-0.48075248,0.49805213,0.51302545
0.31369606,0.28012416,0.24548478,0.50756908,-0.48074986,0.4980558,0.51302398
0.31367232,0.28033806,0.24548546,0.50756944,-0.48074725,0.49805948,0.51302251
0.31364855,0.28055189,0.24548615,0.50756979,-0.48074464,0.49806316,0.51302104
0.31362478,0.28076567,0.24548683,0.50757014,-0.48074204,0.49806684,0.51301956
0.31360098,0.28097939,0.24548752,0.50757049,-0.48073943,0.49807052,0.51301808
0.31357718,0.28119306,0.24548821,0.50757085,-0.48073682,0.49807421,0.5130166
0.31355336,0.28140666,0.24548891,0.5075712,-0.48073422,0.49807789,0.51301511
0.31352952,0.28162021,0.2454896,0.50757155,-0.48073162,0.49808158,0.51301362
0.31350567,0.2818337,0.2454903,0.5075719,-0.48072902,0.49808527,0.51301213
0.3134818,0.28204713,0.245491,0.50757226,-0.48072642,0.49808896,0.51301063
0.31345792,0.28226051,0.24549171,0.50757261,-0.48072382,0.49809265,0.51300913
0.31343402,0.28247382,0.24549241,0.50757296,-0.48072122,0.49809634,0.51300763
0.31341011,0.28268708,0.24549312,0.50757332,-0.48071862,0.49810004,0.51300612
0.31338618,0.28290028,0.24549383,0.50757367,-0.48071603,0.49810374,0.51300461
0.31336224,0.28311342,0.24549454,0.50757402,-0.48071344,0.49810744,0.5130031
0.31333828,0.28332651,0.24549525,0.50757438,-0.48071085,0.49811114,0.51300159
0.3133143,0.28353953,0.24549596,0.50757473,-0.48070826,0.49811484,0.51300007
0.31329031,0.2837525,0.24549668,0.50757509,-0.48070567,0.49811854,0.51299855
0.3132663,0.2839654,0.2454974,0.50757544,-0.48070308,0.49812225,0.51299702
0.31324228,0.28417825,0.24549812,0.5075758,-0.48070049,0.49812596,0.51299549
0.31321824,0.28439104,0.24549884,0.50757615,-0.48069791,0.49812967,0.51299396
0.31319418,0.28460377,0.24549957,0.50757651,-0.48069532,0.49813338,0.51299243
0.3131701,0.28481644,0.24550029,0.50757686,-0.48069274,0.49813709,0.51299089
0.31314601,0.28502905,0.24550102,0.50757721,-0.48069016,0.49814081,0.51298935
0.3131219,0.28524161,0.24550175,0.50757757,-0.48068758,0.49814453,0.51298781
0.31309778,0.2854541,0.24550249,0.50757792,-0.480685,0.49814824,0.51298626
0.31307363,0.28566654,0.24550322,0.50757828,-0.48068243,0.49815197,0.51298471
0.31304947,0.28587891,0.24550395,0.50757864,-0.48067985,0.49815569,0.51298316
0.31302529,0.28609123,0.24550469,0.50757899,-0.48067727,0.49815941,0.5129816
0.3130011,0.28630349,0.24550543,0.50757935,-0.4806747,0.49816314,0.51298004
0.31297688,0.28651568,0.24550617,0.5075797,-0.48067213,0.49816687,0.51297848
0.31295265,0.28672782,0.24550691,0.50758006,-0.48066956,0.4981706,0.51297692
0.3129284,0.2869399,0.24550766,0.50758041,-0.48066699,0.49817433,0.51297535
0.31290414,0.28715192,0.2455084,0.50758077,-0.48066442,0.49817806,0.51297378
0.31287985,0.28736388,0.24550915,0.50758113,-0.48066185,0.4981818,0.5129722
0.31285555,0.28757577,0.2455099,0.50758148,-0.48065929,0.49818553,0.51297063
0.31283123,0.28778761,0.24551065,0.50758184,-0.48065672,0.49818927,0.51296905
0.31280689,0.28799939,0.2455114,0.50758219,-0.48065416,0.49819301,0.51296746
0.31278253,0.28821111,0.24551215,0.50758255,-0.4806516,0.49819675,0.51296588
0.31275815,0.28842277,0.24551291,0.50758291,-0.48064904,0.4982005,0.51296429
0.31273375,0.28863436,0.24551366,0.50758326,-0.48064648,0.49820424,0.51296269
0.31270934,0.2888459,0.24551442,0.50758362,-0.48064392,0.49820799,0.5129611
0.3126849,0.28905738,0.24551518,0.50758398,-0.48064136,0.49821174,0.5129595
0.31266045,0.28926879,0.24551594,0.50758434,-0.4806388,0.49821549,0.5129579
0.31263598,0.28948015,0.2455167,0.50758469,-0.48063625,0.49821925,0.51295629
0.31261148,0.28969144,0.24551746,0.50758505,-0.4806337,0.498223,0.51295468
0.31258697,0.28990268,0.24551823,0.50758541,-0.48063114,0.49822676,0.51295307
0.31256244,0.29011385,0.24551899,0.50758576,-0.48062859,0.49823052,0.51295146
0.31253789,0.29032496,0.24551976,0.50758612,-0.48062604,0.49823428,0.51294984
0.31251332,0.29053601,0.24552053,0.50758648,-0.48062349,0.49823804,0.51294822
0.31248873,0.290747,0.2455213,0.50758684,-0.48062094,0.49824181,0.5129466
0.31246412,0.29095793,0.24552207,0.5075872,-0.4806184,0.49824557,0.51294497
0.31243949,0.29116879,0.24552284,0.50758755,-0.48061585,0.49824934,0.51294334
0.31241484,0.2913796,0.24552361,0.50758791,-0.48061331,0.49825311,0.51294171
0.31239017,0.29159034,0.24552439,0.50758827,-0.48061076,0.49825688,0.51294008
0.31236547,0.29180102,0.24552516,0.50758863,-0.48060822,0.49826066,0.51293844
0.31234076,0.29201164,0.24552594,0.50758899,-0.48060568,0.49826443,0.5129368
0.31231603,0.2922222,0.24552671,0.50758934,-0.48060314,0.49826821,0.51293515
0.31229128,0.2924327,0.24552749,0.5075897,-0.4806006,0.49827199,0.5129335
0.3122665,0.29264313,0.24552827,0.50759006,-0.48059806,0.49827577,0.51293185
0.31224171,0.2928535,0.24552905,0.50759042,-0.48059552,0.49827956,0.5129302
0.31221689,0.29306381,0.24552983,0.50759078,-0.48059299,0.49828334,0.51292854
0.31219206,0.29327406,0.24553061,0.50759114,-0.48059045,0.49828713,0.51292688
0.3121672,0.29348425,0.2455314,0.5075915,-0.48058792,0.49829092,0.51292522
0.31214232,0.29369437,0.24553218,0.50759186,-0.48058539,0.49829471,0.51292356
0.31211742,0.29390443,0.24553296,0.50759222,-0.48058285,0.4982985,0.51292189
0.3120925,0.29411443,0.24553375,0.50759257,-0.48058032,0.4983023,0.51292022
0.31206756,0.29432436,0.24553454,0.50759293,-0.48057779,0.4983061,0.51291854
0.3120426,0.29453424,0.24553532,0.50759329,-0.48057527,0.4983099,0.51291686
0.31201761,0.29474405,0.24553611,0.50759365,-0.48057274,0.4983137,0.51291518
0.3119926,0.29495379,0.2455369,0.50759401,-0.48057021,0.4983175,0.5129135
0.31196757,0.29516347,0.24553769,0.50759437,-0.48056769,0.49832131,0.51291181
0.31194252,0.29537309,0.24553848,0.50759473,-0.48056516,0.49832511,0.51291013
0.31191745,0.29558265,0.24553927,0.50759509,-0.48056264,0.49832892,0.51290843
0.31189236,0.29579214,0.24554006,0.50759545,-0.48056012,0.49833273,0.51290674
0.31186724,0.29600157,0.24554085,0.50759581,-0.48055759,0.49833654,0.51290504
0.3118421,0.29621094,0.24554165,0.50759617,-0.48055507,0.49834036,0.51290334
0.31181694,0.29642024,0.24554244,0.50759653,-0.48055255,0.49834418,0.51290163
0.31179176,0.29662948,0.24554323,0.50759689,-0.48055004,0.49834799,0.51289993
0.31176655,0.29683866,0.24554403,0.50759725,-0.48054752,0.49835181,0.51289822
0.31174132,0.29704777,0.24554482,0.50759761,-0.480545,0.49835564,0.5128965
0.31171607,0.29725681,0.24554562,0.50759797,-0.48054249,0.49835946,0.51289479
0.3116908,0.2974658,0.24554641,0.50759833,-0.48053997,0.49836329,0.51289307
0.3116655,0.29767471,0.24554721,0.50759869,-0.48053746,0.49836712,0.51289135
0.31164018,0.29788357,0.24554801,0.50759906,-0.48053494,0.49837095,0.51288962
0.31161484,0.29809236,0.24554881,0.50759942,-0.48053243,0.49837478,0.5128879
0.31158948,0.29830108,0.2455496,0.50759978,-0.48052992,0.49837861,0.51288616
0.31156409,0.29850974,0.2455504,0.50760014,-0.48052741,0.49838245,0.51288443
0.31153868,0.29871834,0.2455512,0.5076005,-0.4805249,0.49838629,0.51288269
0.31151324,0.29892687,0.245552,0.50760086,-0.48052239,0.49839013,0.51288095
0.31148779,0.29913534,0.2455528,0.50760122,-0.48051989,0.49839397,0.51287921
0.31146231,0.29934374,0.2455536,0.50760158,-0.48051738,0.49839782,0.51287747
0.3114368,0.29955207,0.2455544,0.50760194,-0.48051488,0.49840166,0.51287572
0.31141128,0.29976034,0.2455552,0.5076023,-0.48051237,0.49840551,0.51287397
0.31138572,0.29996855,0.245556,0.50760267,-0.48050987,0.49840936,0.51287221
0.31136015,0.30017668,0.2455568,0.50760303,-0.48050736,0.49841322,0.51287046
0.31133455,0.30038476,0.2455576,0.50760339,-0.48050486,0.49841707,0.5128687
0.31130893,0.30059277,0.24555841,0.50760375,-0.48050236,0.49842093,0.51286693
0.31128329,0.30080071,0.24555921,0.50760411,-0.48049986,0.49842479,0.51286517
0.31125762,0.30100858,0.24556001,0.50760447,-0.48049736,0.49842865,0.5128634
0.31123193,0.30121639,0.24556081,0.50760484,-0.48049486,0.49843251,0.51286163
0.31120621,0.30142414,0.24556162,0.5076052,-0.48049237,0.49843638,0.51285985
0.31118047,0.30163182,0.24556242,0.50760556,-0.48048987,0.49844024,0.51285808
0.31115471,0.30183943,0.24556322,0.50760592,-0.48048737,0.49844411,0.5128563
0.31112892,0.30204697,0.24556402,0.50760628,-0.48048488,0.49844798,0.51285451
0.31110311,0.30225445,0.24556483,0.50760665,-0.48048238,0.49845186,0.51285273
0.31107727,0.30246186,0.24556563,0.50760701,-0.48047989,0.49845573,0.51285094
0.31105141,0.30266921,0.24556643,0.50760737,-0.4804774,0.49845961,0.51284915
0.31102553,0.30287649,0.24556724,0.50760773,-0.4804749,0.49846349,0.51284735
0.31099962,0.3030837,0.24556804,0.5076081,-0.48047241,0.49846737,0.51284555
0.31097368,0.30329084,0.24556884,0.50760846,-0.48046992,0.49847125,0.51284375
0.31094773,0.30349792,0.24556964,0.50760882,-0.48046743,0.49847514,0.51284195
0.31092174,0.30370493,0.24557045,0.50760918,-0.48046495,0.49847903,0.51284014
0.31089574,0.30391187,0.24557125,0.50760955,-0.48046246,0.49848292,0.51283834
0.31086971,0.30411874,0.24557205,0.50760991,-0.48045997,0.49848681,0.51283652
0.31084365,0.30432555,0.24557286,0.50761027,-0.48045748,0.4984907,0.51283471
0.31081757,0.30453229,0.24557366,0.50761063,-0.480455,0.4984946,0.51283289
0.31079147,0.30473896,0.24557446,0.507611,-0.48045251,0.4984985,0.51283107
0.31076534,0.30494556,0.24557526,0.50761136,-0.48045003,0.4985024,0.51282925
0.31073918,0.3051521,0.24557607,0.50761172,-0.48044755,0.4985063,0.51282742
0.310713,0.30535857,0.24557687,0.50761209,-0.48044506,0.4985102,0.51282559
0.3106868,0.30556496,0.24557767,0.50761245,-0.48044258,0.49851411,0.51282376
0.31066057,0.30577129,0.24557847,0.50761281,-0.4804401,0.49851802,0.51282193
0.31063432,0.30597756,0.24557927,0.50761318,-0.48043762,0.49852193,0.51282009
0.31060804,0.30618375,0.24558008,0.50761354,-0.48043514,0.49852584,0.51281825
0.31058174,0.30638987,0.24558088,0.5076139,-0.48043266,0.49852976,0.5128164
0.31055541,0.30659593,0.24558168,0.50761427,-0.48043018,0.49853368,0.51281456
0.31052905,0.30680191,0.24558248,0.50761463,-0.4804277,0.49853759,0.51281271
0.31050268,0.30700783,0.24558328,0.50761499,-0.48042523,0.49854152,0.51281086
0.31047627,0.30721368,0.24558408,0.50761536,-0.48042275,0.49854544,0.512809
0.31044984,0.30741946,0.24558488,0.50761572,-0.48042027,0.49854937,0.51280715
0.31042339,0.30762517,0.24558568,0.50761609,-0.4804178,0.49855329,0.51280529
0.31039691,0.3078308,0.24558648,0.50761645,-0.48041532,0.49855722,0.51280342
0.31037041,0.30803637,0.24558728,0.50761681,-0.48041285,0.49856116,0.51280156
0.31034388,0.30824187,0.24558808,0.50761718,-0.48041038,0.49856509,0.51279969
0.31031733,0.3084473,0.24558887,0.50761754,-0.48040791,0.49856903,0.51279782
0.31029075,0.30865266,0.24558967,0.5076179,-0.48040543,0.49857297,0.51279594
0.31026414,0.30885795,0.24559047,0.50761827,-0.48040296,0.49857691,0.51279407
0.31023751,0.30906317,0.24559127,0.50761863,-0.48040049,0.49858085,0.51279219
0.31021086,0.30926832,0.24559206,0.507619,-0.48039802,0.4985848,0.5127903
0.31018417,0.30947339,0.24559286,0.50761936,-0.48039555,0.49858874,0.51278842
0.31015747,0.3096784,0.24559365,0.50761973,-0.48039308,0.49859269,0.51278653
0.31013074,0.30988334,0.24559445,0.50762009,-0.48039062,0.49859665,0.51278464
0.31010398,0.3100882,0.24559524,0.50762045,-0.48038815,0.4986006,0.51278274
0.3100772,0.310293,0.24559604,0.50762082,-0.48038568,0.49860456,0.51278085
0.31005039,0.31049772,0.24559683,0.50762118,-0.48038322,0.49860851,0.51277895
0.31002356,0.31070237,0.24559762,0.50762155,-0.48038075,0.49861247,0.51277705
0.3099967,0.31090695,0.24559842,0.50762191,-0.48037828,0.49861644,0.51277514
0.30996981,0.31111146,0.24559921,0.50762228,-0.48037582,0.4986204,0.51277323
0.3099429,0.3113159,0.2456,0.50762264,-0.48037336,0.49862437,0.51277132
0.30991597,0.31152026,0.24560079,0.50762301,-0.48037089,0.49862834,0.51276941
0.30988901,0.31172455,0.24560158,0.50762337,-0.48036843,0.49863231,0.51276749
0.30986202,0.31192877,0.24560237,0.50762374,-0.48036597,0.49863629,0.51276557
0.30983501,0.31213292,0.24560316,0.5076241,-0.48036351,0.49864026,0.51276365
0.30980797,0.312337,0.24560395,0.50762447,-0.48036104,0.49864424,0.51276173
0.30978091,0.312541,0.24560474,0.50762483,-0.48035858,0.49864822,0.5127598
0.30975382,0.31274493,0.24560552,0.5076252,-0.48035612,0.4986522,0.51275787
0.30972671,0.31294879,0.24560631,0.50762556,-0.48035366,0.49865619,0.51275594
0.30969957,0.31315258,0.2456071,0.50762593,-0.4803512,0.49866018,0.512754
0.30967241,0.31335629,0.24560788,0.50762629,-0.48034875,0.49866417,0.51275207
0.30964522,0.31355993,0.24560867,0.50762666,-0.48034629,0.49866816,0.51275012
0.309618,0.3137635,0.24560945,0.50762702,-0.48034383,0.49867215,0.51274818
0.30959076,0.31396699,0.24561023,0.50762739,-0.48034137,0.49867615,0.51274623
0.30956349,0.31417041,0.24561102,0.50762775,-0.48033892,0.49868015,0.51274429
0.3095362,0.31437376,0.2456118,0.50762812,-0.48033646,0.49868415,0.51274233
0.30950888,0.31457703,0.24561258,0.50762848,-0.480334,0.49868815,0.51274038
0.30948154,0.31478023,0.24561336,0.50762885,-0.48033155,0.49869216,0.51273842
0.30945417,0.31498335,0.24561414,0.50762921,-0.48032909,0.49869616,0.51273646
0.30942678,0.3151864,0.24561492,0.50762958,-0.48032664,0.49870017,0.5127345
0.30939936,0.31538937,0.2456157,0.50762994,-0.48032419,0.49870419,0.51273253
0.30937191,0.31559228,0.24561648,0.50763031,-0.48032173,0.4987082,0.51273056
0.30934444,0.3157951,0.24561725,0.50763067,-0.48031928,0.49871222,0.51272859
0.30931694,0.31599785,0.24561803,0.50763104,-0.48031683,0.49871624,0.51272662
0.30928942,0.31620053,0.2456188,0.50763141,-0.48031438,0.49872026,0.51272464
0.30926187,0.31640313,0.24561958,0.50763177,-0.48031192,0.49872428,0.51272266
0.3092343,0.31660566,0.24562035,0.50763214,-0.48030947,0.49872831,0.51272068
0.3092067,0.31680811,0.24562112,0.5076325,-0.48030702,0.49873234,0.5127187
0.30917908,0.31701049,0.2456219,0.50763287,-0.48030457,0.49873637,0.51271671
0.30915143,0.31721279,0.24562267,0.50763324,-0.48030212,0.4987404,0.51271472
0.30912376,0.31741501,0.24562344,0.5076336,-0.48029967,0.49874444,0.51271273
0.30909606,0.31761716,0.24562421,0.50763397,-0.48029722,0.49874847,0.51271073
0.30906833,0.31781924,0.24562498,0.50763433,-0.48029477,0.49875251,0.51270873
0.30904058,0.31802124,0.24562574,0.5076347,-0.48029233,0.49875656,0.51270673
0.30901281,0.31822316,0.24562651,0.50763507,-0.48028988,0.4987606,0.51270473
0.30898501,0.318425,0.24562728,0.50763543,-0.48028743,0.49876465,0.51270272
0.30895718,0.31862677,0.24562804,0.5076358,-0.48028498,0.4987687,0.51270071
0.30892933,0.31882846,0.24562881,0.50763616,-0.48028254,0.49877275,0.5126987
0.30890145,0.31903008,0.24562957,0.50763653,-0.48028009,0.4987768,0.51269669
0.30887355,0.31923162,0.24563033,0.5076369,-0.48027764,0.49878086,0.51269467
0.30884563,0.31943308,0.24563109,0.50763726,-0.4802752,0.49878492,0.51269265
0.30881767,0.31963446,0.24563186,0.50763763,-0.48027275,0.49878898,0.51269063
0.3087897,0.31983577,0.24563262,0.50763799,-0.48027031,0.49879304,0.5126886
0.3087617,0.320037,0.24563337,0.50763836,-0.48026786,0.49879711,0.51268657
0.30873367,0.32023815,0.24563413,0.50763873,-0.48026542,0.49880117,0.51268454
0.30870562,0.32043922,0.24563489,0.50763909,-0.48026297,0.49880524,0.51268251
0.30867754,0.32064022,0.24563565,0.50763946,-0.48026053,0.49880932,0.51268048
0.30864944,0.32084114,0.2456364,0.50763983,-0.48025808,0.49881339,0.51267844
0.30862131,0.32104198,0.24563716,0.50764019,-0.48025564,0.49881747,0.5126764
0.30859316,0.32124274,0.24563791,0.50764056,-0.4802532,0.49882155,0.51267435
0.30856499,0.32144343,0.24563866,0.50764093,-0.48025075,0.49882563,0.51267231
0.30853679,0.32164403,0.24563941,0.50764129,-0.48024831,0.49882972,0.51267026
0.30850856,0.32184456,0.24564016,0.50764166,-0.48024587,0.4988338,0.5126682
0.30848031,0.32204501,0.24564091,0.50764203,-0.48024343,0.49883789,0.51266615
0.30845204,0.32224537,0.24564166,0.50764239,-0.48024099,0.49884198,0.51266409
0.30842374,0.32244566,0.24564241,0.50764276,-0.48023854,0.49884608,0.51266203
0.30839541,0.32264587,0.24564316,0.50764313,-0.4802361,0.49885017,0.51265997
0.30836706,0.32284601,0.2456439,0.50764349,-0.48023366,0.49885427,0.51265791
0.30833869,0.32304606,0.24564465,0.50764386,-0.48023122,0.49885837,0.51265584
0.30831029,0.32324603,0.24564539,0.50764423,-0.48022878,0.49886248,0.51265377
0.30828187,0.32344592,0.24564614,0.50764459,-0.48022634,0.49886658,0.51265169
0.30825343,0.32364573,0.24564688,0.50764496,-0.4802239,0.49887069,0.51264962
0.30822496,0.32384546,0.24564762,0.50764533,-0.48022146,0.4988748,0.51264754
0.30819646,0.32404512,0.24564836,0.5076457,-0.48021902,0.49887892,0.51264546
0.30816794,0.32424469,0.2456491,0.50764606,-0.48021658,0.49888303,0.51264338
0.3081394,0.32444418,0.24564984,0.50764643,-0.48021414,0.49888715,0.51264129
0.30811083,0.32464359,0.24565057,0.5076468,-0.4802117,0.49889127,0.5126392
0.30808224,0.32484292,0.24565131,0.50764716,-0.48020926,0.49889539,0.51263711
0.30805363,0.32504216,0.24565204,0.50764753,-0.48020682,0.49889952,0.51263502
0.30802499,0.32524133,0.24565278,0.5076479,-0.48020439,0.49890365,0.51263292
0.30799633,0.32544042,0.24565351,0.50764827,-0.48020195,0.49890778,0.51263082
0.30796764,0.32563942,0.24565424,0.50764863,-0.48019951,0.49891191,0.51262872
0.30793893,0.32583834,0.24565498,0.507649,-0.48019707,0.49891605,0.51262661
0.3079102,0.32603719,0.24565571,0.50764937,-0.48019463,0.49892018,0.51262451
0.30788144,0.32623595,0.24565644,0.50764973,-0.4801922,0.49892432,0.5126224
0.30785266,0.32643462,0.24565716,0.5076501,-0.48018976,0.49892847,0.51262028
0.30782385,0.32663322,0.24565789,0.50765047,-0.48018732,0.49893261,0.51261817
0.30779502,0.32683173,0.24565862,0.50765084,-0.48018488,0.49893676,0.51261605
0.30776617,0.32703016,0.24565934,0.5076512,-0.48018245,0.49894091,0.51261393
0.3077373,0.32722851,0.24566007,0.50765157,-0.48018001,0.49894506,0.51261181
0.3077084,0.32742677,0.24566079,0.50765194,-0.48017757,0.49894922,0.51260968
0.30767948,0.32762496,0.24566151,0.50765231,-0.48017514,0.49895337,0.51260756
0.30765054,0.32782306,0.24566224,0.50765267,-0.4801727,0.49895753,0.51260543
0.30762157,0.32802107,0.24566296,0.50765304,-0.48017026,0.49896169,0.51260329
0.30759258,0.328219,0.24566368,0.50765341,-0.48016783,0.49896586,0.51260116
0.30756356,0.32841685,0.24566439,0.50765378,-0.48016539,0.49897003,0.51259902
0.30753453,0.32861462,0.24566511,0.50765414,-0.48016295,0.4989742,0.51259688
0.30750547,0.3288123,0.24566583,0.50765451,-0.48016052,0.49897837,0.51259473
0.30747639,0.3290099,0.24566654,0.50765488,-0.48015808,0.49898254,0.51259259
0.30744728,0.32920741,0.24566726,0.50765525,-0.48015564,0.49898672,0.51259044
0.30741816,0.32940484,0.24566797,0.50765562,-0.48015321,0.4989909,0.51258829
0.30738901,0.32960219,0.24566869,0.50765598,-0.48015077,0.49899508,0.51258613
0.30735984,0.32979945,0.2456694,0.50765635,-0.48014834,0.49899927,0.51258398
0.30733064,0.32999663,0.24567011,0.50765672,-0.4801459,0.49900345,0.51258182
0.30730143,0.33019372,0.24567082,0.50765709,-0.48014347,0.49900764,0.51257966
0.30727219,0.33039073,0.24567153,0.50765745,-0.48014103,0.49901184,0.51257749
0.30724293,0.33058765,0.24567223,0.50765782,-0.48013859,0.49901603,0.51257533
0.30721364,0.33078449,0.24567294,0.50765819,-0.48013616,0.49902023,0.51257316
0.30718434,0.33098124,0.24567365,0.50765856,-0.48013372,0.49902443,0.51257099
0.30715501,0.3311779,0.24567435,0.50765893,-0.48013129,0.49902863,0.51256881
0.30712566,0.33137448,0.24567506,0.50765929,-0.48012885,0.49903284,0.51256664
0.30709629,0.33157098,0.24567576,0.50765966,-0.48012642,0.49903704,0.51256446
0.3070669,0.33176738,0.24567646,0.50766003,-0.48012398,0.49904125,0.51256227
0.30703749,0.33196371,0.24567716,0.5076604,-0.48012154,0.49904547,0.51256009
0.30700805,0.33215994,0.24567786,0.50766077,-0.48011911,0.49904968,0.5125579
0.3069786,0.33235609,0.24567856,0.50766114,-0.48011667,0.4990539,0.51255571
0.30694912,0.33255216,0.24567926,0.5076615,-0.48011424,0.49905812,0.51255352
0.30691962,0.33274813,0.24567996,0.50766187,-0.4801118,0.49906234,0.51255133
0.3068901,0.33294402,0.24568066,0.50766224,-0.48010937,0.49906657,0.51254913
0.30686056,0.33313982,0.24568135,0.50766261,-0.48010693,0.49907079,0.51254693
0.306831,0.33333554,0.24568205,0.50766298,-0.48010449,0.49907502,0.51254473
0.30680142,0.33353117,0.24568274,0.50766334,-0.48010206,0.49907926,0.51254252
0.30677182,0.33372671,0.24568343,0.50766371,-0.48009962,0.49908349,0.51254031
0.30674219,0.33392216,0.24568413,0.50766408,-0.48009719,0.49908773,0.5125381
0.30671255,0.33411753,0.24568482,0.50766445,-0.48009475,0.49909197,0.51253589
0.30668288,0.3343128,0.24568551,0.50766482,-0.48009231,0.49909622,0.51253368
0.3066532,0.33450799,0.2456862,0.50766519,-0.48008988,0.49910046,0.51253146
0.30662349,0.3347031,0.24568689,0.50766556,-0.48008744,0.49910471,0.51252924
0.30659376,0.33489811,0.24568758,0.50766592,-0.48008501,0.49910896,0.51252702
0.30656402,0.33509303,0.24568826,0.50766629,-0.48008257,0.49911321,0.51252479
0.30653425,0.33528787,0.24568895,0.50766666,-0.48008013,0.49911747,0.51252256
0.30650447,0.33548262,0.24568963,0.50766703,-0.4800777,0.49912173,0.51252033
0.30647466,0.33567728,0.24569032,0.5076674,-0.48007526,0.49912599,0.5125181
0.30644484,0.33587184,0.245691,0.50766777,-0.48007282,0.49913025,0.51251587
0.30641499,0.33606632,0.24569169,0.50766813,-0.48007039,0.49913452,0.51251363
0.30638513,0.33626072,0.24569237,0.5076685,-0.48006795,0.49913879,0.51251139
0.30635524,0.33645502,0.24569305,0.50766887,-0.48006551,0.49914306,0.51250915
0.30632534,0.33664923,0.24569373,0.50766924,-0.48006307,0.49914734,0.5125069
0.30629542,0.33684335,0.24569441,0.50766961,-0.48006064,0.49915161,0.51250465
0.30626547,0.33703738,0.24569509,0.50766998,-0.4800582,0.49915589,0.5125024
0.30623551,0.33723132,0.24569577,0.50767035,-0.48005576,0.49916018,0.51250015
0.30620553,0.33742518,0.24569644,0.50767072,-0.48005332,0.49916446,0.5124979
0.30617554,0.33761894,0.24569712,0.50767108,-0.48005088,0.49916875,0.51249564
0.30614552,0.33781261,0.2456978,0.50767145,-0.48004845,0.49917304,0.51249338
0.30611548,0.33800619,0.24569847,0.50767182,-0.48004601,0.49917733,0.51249112
0.30608543,0.33819968,0.24569915,0.50767219,-0.48004357,0.49918163,0.51248885
0.30605536,0.33839308,0.24569982,0.50767256,-0.48004113,0.49918592,0.51248658
0.30602527,0.33858639,0.24570049,0.50767293,-0.48003869,0.49919022,0.51248431
0.30599516,0.3387796,0.24570116,0.5076733,-0.48003625,0.49919453,0.51248204
0.30596503,0.33897273,0.24570184,0.50767367,-0.48003381,0.49919883,0.51247976
0.30593488,0.33916576,0.24570251,0.50767404,-0.48003137,0.49920314,0.51247749
0.30590472,0.3393587,0.24570318,0.50767441,-0.48002893,0.49920745,0.51247521
0.30587454,0.33955155,0.24570385,0.50767477,-0.48002649,0.49921177,0.51247293
0.30584434,0.33974431,0.24570451,0.50767514,-0.48002405,0.49921608,0.51247064
0.30581413,0.33993698,0.24570518,0.50767551,-0.48002161,0.4992204,0.51246835
0.30578389,0.34012955,0.24570585,0.50767588,-0.48001917,0.49922473,0.51246606
0.30575364,0.34032203,0.24570652,0.50767625,-0.48001673,0.49922905,0.51246377
0.30572338,0.34051442,0.24570718,0.50767662,-0.48001429,0.49923338,0.51246148
0.30569309,0.34070672,0.24570785,0.50767699,-0.48001185,0.49923771,0.51245918
0.30566279,0.34089892,0.24570851,0.50767736,-0.48000941,0.49924204,0.51245688
0.30563247,0.34109103,0.24570918,0.50767773,-0.48000697,0.49924638,0.51245458
0.30560214,0.34128305,0.24570984,0.5076781,-0.48000452,0.49925071,0.51245227
0.30557179,0.34147497,0.2457105,0.50767847,-0.48000208,0.49925505,0.51244996
0.30554142,0.3416668,0.24571117,0.50767884,-0.47999964,0.4992594,0.51244766
0.30551103,0.34185854,0.24571183,0.5076792,-0.4799972,0.49926374,0.51244534
0.30548063,0.34205019,0.24571249,0.50767957,-0.47999475,0.49926809,0.51244303
0.30545022,0.34224174,0.24571315,0.50767994,-0.47999231,0.49927244,0.51244071
0.30541978,0.34243319,0.24571381,0.50768031,-0.47998987,0.4992768,0.51243839
0.30538934,0.34262455,0.24571447,0.50768068,-0.47998742,0.49928115,0.51243607
0.30535887,0.34281582,0.24571513,0.50768105,-0.47998498,0.49928551,0.51243375
0.30532839,0.343007,0.24571579,0.50768142,-0.47998253,0.49928988,0.51243142
0.3052979,0.34319807,0.24571644,0.50768179,-0.47998009,0.49929424,0.51242909
0.30526739,0.34338906,0.2457171,0.50768216,-0.47997764,0.49929861,0.51242676
0.30523686,0.34357995,0.24571776,0.50768253,-0.4799752,0.49930298,0.51242443
0.30520632,0.34377074,0.24571842,0.5076829,-0.47997275,0.49930735,0.51242209
0.30517576,0.34396144,0.24571907,0.50768327,-0.47997031,0.49931173,0.51241975
0.30514519,0.34415205,0.24571973,0.50768364,-0.47996786,0.49931611,0.51241741
0.30511461,0.34434256,0.24572038,0.50768401,-0.47996541,0.49932049,0.51241506
0.30508401,0.34453297,0.24572104,0.50768438,-0.47996297,0.49932487,0.51241272
0.30505339,0.34472329,0.24572169,0.50768475,-0.47996052,0.49932926,0.51241037
0.30502276,0.34491351,0.24572235,0.50768512,-0.47995807,0.49933365,0.51240802
0.30499212,0.34510364,0.245723,0.50768549,-0.47995562,0.49933804,0.51240567
0.30496146,0.34529367,0.24572365,0.50768586,-0.47995317,0.49934244,0.51240331
0.30493079,0.34548361,0.24572431,0.50768623,-0.47995073,0.49934683,0.51240095
0.30490011,0.34567345,0.24572496,0.5076866,-0.47994828,0.49935123,0.51239859
0.30486941,0.34586319,0.24572561,0.50768697,-0.47994583,0.49935564,0.51239623
0.3048387,0.34605283,0.24572626,0.50768734,-0.47994338,0.49936004,0.51239386
0.30480797,0.34624238,0.24572691,0.50768771,-0.47994093,0.49936445,0.51239149
0.30477723,0.34643184,0.24572756,0.50768808,-0.47993848,0.49936886,0.51238912
0.30474648,0.34662119,0.24572821,0.50768845,-0.47993602,0.49937328,0.51238675
0.30471571,0.34681045,0.24572886,0.50768882,-0.47993357,0.49937769,0.51238438
0.30468494,0.34699961,0.24572951,0.50768919,-0.47993112,0.49938211,0.512382
0.30465414,0.34718867,0.24573016,0.50768956,-0.47992867,0.49938654,0.51237962
0.30462334,0.34737764,0.24573081,0.50768993,-0.47992622,0.49939096,0.51237724
0.30459252,0.34756651,0.24573146,0.5076903,-0.47992376,0.49939539,0.51237485
0.3045617,0.34775528,0.24573211,0.50769067,-0.47992131,0.49939982,0.51237246
0.30453086,0.34794396,0.24573276,0.50769104,-0.47991886,0.49940425,0.51237007
0.3045,0.34813253,0.24573341,0.50769141,-0.4799164,0.49940869,0.51236768
0.30446914,0.34832101,0.24573406,0.50769178,-0.47991395,0.49941313,0.51236529
0.30443826,0.34850939,0.24573471,0.50769215,-0.47991149,0.49941757,0.51236289
0.30440737,0.34869767,0.24573535,0.50769252,-0.47990903,0.49942202,0.51236049
0.30437647,0.34888585,0.245736,0.50769289,-0.47990658,0.49942646,0.51235809
0.30434556,0.34907394,0.24573665,0.50769326,-0.47990412,0.49943091,0.51235569
0.30431464,0.34926192,0.2457373,0.50769363,-0.47990166,0.49943537,0.51235328
0.3042837,0.34944981,0.24573794,0.507694,-0.47989921,0.49943982,0.51235087
0.30425276,0.3496376,0.24573859,0.50769437,-0.47989675,0.49944428,0.51234846
0.3042218,0.34982529,0.24573924,0.50769474,-0.47989429,0.49944874,0.51234605
0.30419084,0.35001288,0.24573989,0.50769511,-0.47989183,0.49945321,0.51234363
0.30415986,0.35020037,0.24574053,0.50769548,-0.47988937,0.49945767,0.51234121
0.30412887,0.35038776,0.24574118,0.50769585,-0.47988691,0.49946214,0.51233879
0.30409787,0.35057505,0.24574183,0.50769622,-0.47988445,0.49946662,0.51233637
0.30406687,0.35076224,0.24574247,0.50769659,-0.47988199,0.49947109,0.51233395
0.30403585,0.35094933,0.24574312,0.50769696,-0.47987953,0.49947557,0.51233152
0.30400482,0.35113633,0.24574377,0.50769734,-0.47987707,0.49948005,0.51232909
0.30397378,0.35132322,0.24574441,0.50769771,-0.4798746,0.49948454,0.51232665
0.30394274,0.35151001,0.24574506,0.50769808,-0.47987214,0.49948902,0.51232422
0.30391168,0.3516967,0.24574571,0.50769845,-0.47986968,0.49949351,0.51232178
0.30388061,0.35188329,0.24574635,0.50769882,-0.47986721,0.49949801,0.51231934
0.30384954,0.35206979,0.245747,0.50769919,-0.47986475,0.4995025,0.5123169
0.30381845,0.35225618,0.24574765,0.50769956,-0.47986228,0.499507,0.51231446
0.30378736,0.35244247,0.24574829,0.50769993,-0.47985982,0.4995115,0.51231201
0.30375626,0.35262865,0.24574894,0.5077003,-0.47985735,0.499516,0.51230956
0.30372515,0.35281474,0.24574959,0.50770067,-0.47985488,0.49952051,0.51230711
0.30369403,0.35300073,0.24575023,0.50770104,-0.47985242,0.49952502,0.51230466
0.3036629,0.35318662,0.24575088,0.50770142,-0.47984995,0.49952953,0.5123022
0.30363177,0.3533724,0.24575153,0.50770179,-0.47984748,0.49953405,0.51229974
0.30360062,0.35355808,0.24575218,0.50770216,-0.47984501,0.49953857,0.51229728
0.30356947,0.35374366,0.24575282,0.50770253,-0.47984254,0.49954309,0.51229482
0.30353831,0.35392914,0.24575347,0.5077029,-0.47984007,0.49954761,0.51229235
0.30350715,0.35411452,0.24575412,0.50770327,-0.4798376,0.49955214,0.51228989
0.30347597,0.3542998,0.24575477,0.50770364,-0.47983513,0.49955667,0.51228742
0.30344479,0.35448497,0.24575542,0.50770401,-0.47983266,0.4995612,0.51228494
0.30341361,0.35467005,0.24575606,0.50770438,-0.47983018,0.49956574,0.51228247
0.30338241,0.35485502,0.24575671,0.50770476,-0.47982771,0.49957027,0.51227999
0.30335121,0.35503989,0.24575736,0.50770513,-0.47982524,0.49957482,0.51227751
0.30332,0.35522465,0.24575801,0.5077055,-0.47982276,0.49957936,0.51227503
0.30328879,0.35540931,0.24575866,0.50770587,-0.47982029,0.49958391,0.51227255
0.30325756,0.35559388,0.24575931,0.50770624,-0.47981781,0.49958846,0.51227006
0.30322634,0.35577833,0.24575996,0.50770661,-0.47981533,0.49959301,0.51226757
0.3031951,0.35596269,0.24576061,0.50770699,-0.47981286,0.49959756,0.51226508
0.30316386,0.35614694,0.24576126,0.50770736,-0.47981038,0.49960212,0.51226259
0.30313262,0.35633109,0.24576191,0.50770773,-0.4798079,0.49960668,0.51226009
0.30310137,0.35651514,0.24576257,0.5077081,-0.47980542,0.49961125,0.51225759
0.30307011,0.35669908,0.24576322,0.50770847,-0.47980294,0.49961582,0.51225509
0.30303885,0.35688292,0.24576387,0.50770884,-0.47980046,0.49962039,0.51225259
0.30300758,0.35706666,0.24576452,0.50770922,-0.47979798,0.49962496,0.51225009
0.30297631,0.35725029,0.24576518,0.50770959,-0.4797955,0.49962953,0.51224758
0.30294503,0.35743382,0.24576583,0.50770996,-0.47979302,0.49963411,0.51224507
0.30291375,0.35761725,0.24576648,0.50771033,-0.47979054,0.49963869,0.51224256
0.30288247,0.35780057,0.24576714,0.5077107,-0.47978805,0.49964328,0.51224004
0.30285118,0.35798379,0.24576779,0.50771107,-0.47978557,0.49964787,0.51223753
0.30281988,0.3581669,0.24576845,0.50771145,-0.47978308,0.49965246,0.51223501
0.30278858,0.35834991,0.2457691,0.50771182,-0.4797806,0.49965705,0.51223249
0.30275728,0.35853282,0.24576976,0.50771219,-0.47977811,0.49966165,0.51222996
0.30272598,0.35871562,0.24577042,0.50771256,-0.47977562,0.49966625,0.51222744
0.30269467,0.35889832,0.24577107,0.50771294,-0.47977314,0.49967085,0.51222491
0.30266335,0.35908091,0.24577173,0.50771331,-0.47977065,0.49967545,0.51222238
0.30263204,0.3592634,0.24577239,0.50771368,-0.47976816,0.49968006,0.51221985
0.30260072,0.35944578,0.24577305,0.50771405,-0.47976567,0.49968467,0.51221731
0.30256939,0.35962806,0.24577371,0.50771442,-0.47976318,0.49968929,0.51221477
0.30253807,0.35981024,0.24577437,0.5077148,-0.47976069,0.4996939,0.51221223
0.30250674,0.35999231,0.24577503,0.50771517,-0.4797582,0.49969852,0.51220969
0.30247541,0.36017427,0.24577569,0.50771554,-0.4797557,0.49970314,0.51220715
0.30244408,0.36035614,0.24577635,0.50771591,-0.47975321,0.49970777,0.5122046
0.30241274,0.36053789,0.24577701,0.50771629,-0.47975072,0.4997124,0.51220205
0.3023814,0.36071954,0.24577768,0.50771666,-0.47974822,0.49971703,0.5121995
0.30235006,0.36090108,0.24577834,0.50771703,-0.47974572,0.49972166,0.51219695
0.30231872,0.36108252,0.245779,0.5077174,-0.47974323,0.4997263,0.51219439
0.30228738,0.36126386,0.24577967,0.50771778,-0.47974073,0.49973094,0.51219183
0.30225604,0.36144509,0.24578034,0.50771815,-0.47973823,0.49973559,0.51218927
0.30222469,0.36162621,0.245781,0.50771852,-0.47973573,0.49974023,0.51218671
0.30219335,0.36180723,0.24578167,0.5077189,-0.47973323,0.49974488,0.51218415
0.302162,0.36198814,0.24578234,0.50771927,-0.47973073,0.49974953,0.51218158
0.30213065,0.36216894,0.24578301,0.50771964,-0.47972823,0.49975419,0.51217901
0.3020993,0.36234964,0.24578368,0.50772001,-0.47972573,0.49975885,0.51217644
0.30206795,0.36253024,0.24578435,0.50772039,-0.47972323,0.49976351,0.51217387
0.3020366,0.36271073,0.24578502,0.50772076,-0.47972072,0.49976817,0.51217129
0.30200525,0.36289111,0.24578569,0.50772113,-0.47971822,0.49977284,0.51216871
0.3019739,0.36307138,0.24578636,0.50772151,-0.47971572,0.49977751,0.51216613
0.30194255,0.36325155,0.24578704,0.50772188,-0.47971321,0.49978218,0.51216355
0.3019112,0.36343162,0.24578771,0.50772225,-0.4797107,0.49978686,0.51216096
0.30187986,0.36361157,0.24578839,0.50772263,-0.4797082,0.49979154,0.51215837
0.30184851,0.36379143,0.24578906,0.507723,-0.47970569,0.49979622,0.51215579
0.30181716,0.36397117,0.24578974,0.50772337,-0.47970318,0.4998009,0.51215319
0.30178581,0.36415081,0.24579042,0.50772375,-0.47970067,0.49980559,0.5121506
0.30175447,0.36433034,0.2457911,0.50772412,-0.47969816,0.49981028,0.512148
0.30172312,0.36450976,0.24579177,0.50772449,-0.47969565,0.49981498,0.5121454
0.30169178,0.36468908,0.24579246,0.50772487,-0.47969313,0.49981967,0.5121428
0.30166044,0.36486829,0.24579314,0.50772524,-0.47969062,0.49982437,0.5121402
0.3016291,0.36504739,0.24579382,0.50772562,-0.47968811,0.49982908,0.51213759
0.30159776,0.36522639,0.2457945,0.50772599,-0.47968559,0.49983378,0.51213499
0.30156643,0.36540528,0.24579519,0.50772636,-0.47968307,0.49983849,0.51213238
0.30153509,0.36558406,0.24579587,0.50772674,-0.47968056,0.4998432,0.51212976
0.30150376,0.36576274,0.24579656,0.50772711,-0.47967804,0.49984792,0.51212715
0.30147243,0.36594131,0.24579725,0.50772748,-0.47967552,0.49985264,0.51212453
0.30144111,0.36611977,0.24579793,0.50772786,-0.479673,0.49985736,0.51212191
0.30140979,0.36629812,0.24579862,0.50772823,-0.47967048,0.49986208,0.51211929
0.30137847,0.36647637,0.24579931,0.50772861,-0.47966796,0.49986681,0.51211667
0.30134715,0.36665451,0.24580001,0.50772898,-0.47966544,0.49987154,0.51211404
0.30131584,0.36683254,0.2458007,0.50772935,-0.47966292,0.49987627,0.51211142
0.30128453,0.36701046,0.24580139,0.50772973,-0.47966039,0.49988101,0.51210878
0.30125322,0.36718828,0.24580209,0.5077301,-0.47965787,0.49988575,0.51210615
0.30122192,0.36736599,0.24580278,0.50773048,-0.47965534,0.49989049,0.51210352
0.30119062,0.36754359,0.24580348,0.50773085,-0.47965281,0.49989524,0.51210088
0.30115933,0.36772109,0.24580418,0.50773123,-0.47965029,0.49989998,0.51209824
0.30112804,0.36789847,0.24580488,0.5077316,-0.47964776,0.49990474,0.5120956
0.30109675,0.36807575,0.24580558,0.50773198,-0.47964523,0.49990949,0.51209296
0.30106547,0.36825292,0.24580628,0.50773235,-0.4796427,0.49991425,0.51209031
0.30103419,0.36842998,0.24580698,0.50773273,-0.47964017,0.49991901,0.51208766
0.30100292,0.36860694,0.24580768,0.5077331,-0.47963764,0.49992377,0.51208501
0.30097166,0.36878379,0.24580839,0.50773348,-0.4796351,0.49992854,0.51208236
0.3009404,0.36896052,0.2458091,0.50773385,-0.47963257,0.49993331,0.51207971
0.30090914,0.36913715,0.2458098,0.50773422,-0.47963003,0.49993808,0.51207705
0.30087789,0.36931368,0.24581051,0.5077346,-0.4796275,0.49994286,0.51207439
0.30084665,0.36949009,0.24581122,0.50773497,-0.47962496,0.49994764,0.51207173
0.30081541,0.3696664,0.24581193,0.50773535,-0.47962242,0.49995242,0.51206906
0.30078418,0.3698426,0.24581264,0.50773573,-0.47961988,0.4999572,0.5120664
0.30075295,0.37001869,0.24581336,0.5077361,-0.47961734,0.49996199,0.51206373
0.30072173,0.37019467,0.24581407,0.50773648,-0.4796148,0.49996678,0.51206106
0.30069052,0.37037054,0.24581479,0.50773685,-0.47961226,0.49997158,0.51205839
0.30065931,0.37054631,0.24581551,0.50773723,-0.47960972,0.49997637,0.51205571
0.30062811,0.37072197,0.24581622,0.5077376,-0.47960718,0.49998117,0.51205304
0.30059692,0.37089751,0.24581694,0.50773798,-0.47960463,0.49998598,0.51205036
0.30056573,0.37107295,0.24581766,0.50773835,-0.47960209,0.49999078,0.51204768
0.30053456,0.37124829,0.24581839,0.50773873,-0.47959954,0.49999559,0.51204499
0.30050338,0.37142351,0.24581911,0.5077391,-0.47959699,0.5000004,0.51204231
0.30047222,0.37159862,0.24581984,0.50773948,-0.47959444,0.50000522,0.51203962
0.30044107,0.37177363,0.24582056,0.50773986,-0.47959189,0.50001004,0.51203693
0.30040992,0.37194853,0.24582129,0.50774023,-0.47958934,0.50001486,0.51203424
0.30037878,0.37212332,0.24582202,0.50774061,-0.47958679,0.50001969,0.51203154
0.30034765,0.372298,0.24582275,0.50774098,-0.47958424,0.50002451,0.51202884
0.30031653,0.37247257,0.24582348,0.50774136,-0.47958168,0.50002935,0.51202615
0.30028541,0.37264703,0.24582422,0.50774174,-0.47957913,0.50003418,0.51202344
0.30025431,0.37282139,0.24582495,0.50774211,-0.47957657,0.50003902,0.51202074
0.30022321,0.37299564,0.24582569,0.50774249,-0.47957402,0.50004386,0.51201804
0.30019213,0.37316977,0.24582642,0.50774287,-0.47957146,0.5000487,0.51201533
0.30016105,0.3733438,0.24582716,0.50774324,-0.4795689,0.50005355,0.51201262
0.30012998,0.37351772,0.2458279,0.50774362,-0.47956634,0.5000584,0.51200991
0.30009892,0.37369153,0.24582865,0.507744,-0.47956378,0.50006325,0.51200719
0.30006787,0.37386524,0.24582939,0.50774437,-0.47956122,0.50006811,0.51200447
0.30003683,0.37403883,0.24583013,0.50774475,-0.47955865,0.50007296,0.51200176
0.30000581,0.37421232,0.24583088,0.50774513,-0.47955609,0.50007783,0.51199903
0.29997479,0.37438569,0.24583163,0.5077455,-0.47955352,0.50008269,0.51199631
0.29994378,0.37455896,0.24583238,0.50774588,-0.47955096,0.50008756,0.51199359
0.29991278,0.37473212,0.24583313,0.50774626,-0.47954839,0.50009243,0.51199086
0.29988179,0.37490517,0.24583388,0.50774663,-0.47954582,0.50009731,0.51198813
0.29985082,0.37507811,0.24583463,0.50774701,-0.47954325,0.50010218,0.5119854
0.29981985,0.37525095,0.24583539,0.50774739,-0.47954068,0.50010706,0.51198266
0.2997889,0.37542367,0.24583615,0.50774776,-0.47953811,0.50011195,0.51197993
0.29975795,0.37559628,0.2458369,0.50774814,-0.47953554,0.50011684,0.51197719
0.29972702,0.37576879,0.24583766,0.50774852,-0.47953296,0.50012173,0.51197445
0.2996961,0.37594119,0.24583842,0.5077489,-0.47953039,0.50012662,0.51197171
0.2996652,0.37611348,0.24583919,0.50774927,-0.47952781,0.50013152,0.51196896
0.2996343,0.37628566,0.24583995,0.50774965,-0.47952524,0.50013642,0.51196621
0.29960342,0.37645773,0.24584072,0.50775003,-0.47952266,0.50014132,0.51196346
0.29957254,0.37662969,0.24584149,0.50775041,-0.47952008,0.50014622,0.51196071
0.29954168,0.37680154,0.24584225,0.50775079,-0.4795175,0.50015113,0.51195796
0.29951084,0.37697329,0.24584303,0.50775116,-0.47951492,0.50015605,0.5119552
0.29948,0.37714493,0.2458438,0.50775154,-0.47951233,0.50016096,0.51195245
0.29944918,0.37731645,0.24584457,0.50775192,-0.47950975,0.50016588,0.51194969
0.29941837,0.37748787,0.24584535,0.5077523,-0.47950717,0.5001708,0.51194692
0.29938758,0.37765918,0.24584612,0.50775268,-0.47950458,0.50017573,0.51194416
0.2993568,0.37783038,0.2458469,0.50775305,-0.47950199,0.50018065,0.51194139
0.29932603,0.37800148,0.24584768,0.50775343,-0.4794994,0.50018558,0.51193862
0.29929528,0.37817246,0.24584846,0.50775381,-0.47949681,0.50019052,0.51193585
0.29926454,0.37834333,0.24584925,0.50775419,-0.47949422,0.50019546,0.51193308
0.29923381,0.3785141,0.24585003,0.50775457,-0.47949163,0.5002004,0.51193031
0.2992031,0.37868476,0.24585082,0.50775495,-0.47948904,0.50020534,0.51192753
0.2991724,0.37885531,0.24585161,0.50775533,-0.47948644,0.50021029,0.51192475
0.29914172,0.37902575,0.2458524,0.50775571,-0.47948385,0.50021524,0.51192197
0.29911105,0.37919608,0.24585319,0.50775608,-0.47948125,0.50022019,0.51191918
0.29908039,0.3793663,0.24585398,0.50775646,-0.47947865,0.50022515,0.5119164
0.29904975,0.37953642,0.24585478,0.50775684,-0.47947606,0.50023011,0.51191361
0.29901913,0.37970642,0.24585558,0.50775722,-0.47947346,0.50023507,0.51191082
0.29898852,0.37987632,0.24585637,0.5077576,-0.47947085,0.50024003,0.51190803
0.29895793,0.38004611,0.24585717,0.50775798,-0.47946825,0.500245,0.51190523
0.29892735,0.38021579,0.24585798,0.50775836,-0.47946565,0.50024997,0.51190243
0.29889679,0.38038536,0.24585878,0.50775874,-0.47946304,0.50025495,0.51189964
0.29886624,0.38055483,0.24585958,0.50775912,-0.47946044,0.50025993,0.51189684
0.29883571,0.38072418,0.24586039,0.5077595,-0.47945783,0.50026491,0.51189403
0.2988052,0.38089343,0.2458612,0.50775988,-0.47945522,0.50026989,0.51189123
0.2987747,0.38106257,0.24586201,0.50776026,-0.47945261,0.50027488,0.51188842
0.29874422,0.3812316,0.24586282,0.50776064,-0.47945,0.50027987,0.51188561
0.29871375,0.38140052,0.24586364,0.50776102,-0.47944739,0.50028487,0.5118828
0.2986833,0.38156934,0.24586445,0.5077614,-0.47944478,0.50028987,0.51187998
0.29865287,0.38173804,0.24586527,0.50776178,-0.47944216,0.50029487,0.51187717
0.29862246,0.38190664,0.24586609,0.50776216,-0.47943955,0.50029987,0.51187435
0.29859206,0.38207513,0.24586691,0.50776254,-0.47943693,0.50030488,0.51187153
0.29856168,0.38224351,0.24586773,0.50776292,-0.47943431,0.50030989,0.51186871
0.29853132,0.38241178,0.24586855,0.5077633,-0.47943169,0.5003149,0.51186588
0.29850098,0.38257995,0.24586938,0.50776368,-0.47942907,0.50031992,0.51186306
0.29847065,0.38274801,0.24587021,0.50776406,-0.47942645,0.50032494,0.51186023
0.29844034,0.38291595,0.24587103,0.50776444,-0.47942383,0.50032996,0.5118574
0.29841005,0.3830838,0.24587186,0.50776482,-0.4794212,0.50033499,0.51185456
0.29837978,0.38325153,0.2458727,0.50776521,-0.47941858,0.50034002,0.51185173
0.29834953,0.38341916,0.24587353,0.50776559,-0.47941595,0.50034505,0.51184889
0.29831929,0.38358667,0.24587437,0.50776597,-0.47941332,0.50035009,0.51184605
0.29828907,0.38375408,0.24587521,0.50776635,-0.47941069,0.50035512,0.51184321
0.29825888,0.38392139,0.24587604,0.50776673,-0.47940806,0.50036017,0.51184037
0.2982287,0.38408858,0.24587689,0.50776711,-0.47940543,0.50036521,0.51183752
0.29819854,0.38425567,0.24587773,0.50776749,-0.4794028,0.50037026,0.51183467
0.2981684,0.38442265,0.24587857,0.50776788,-0.47940016,0.50037531,0.51183182
0.29813828,0.38458952,0.24587942,0.50776826,-0.47939753,0.50038037,0.51182897
0.29810818,0.38475629,0.24588027,0.50776864,-0.47939489,0.50038543,0.51182612
0.2980781,0.38492294,0.24588112,0.50776902,-0.47939225,0.50039049,0.51182326
0.29804804,0.38508949,0.24588197,0.5077694,-0.47938961,0.50039555,0.5118204
0.298018,0.38525594,0.24588282,0.50776979,-0.47938697,0.50040062,0.51181754
0.29798798,0.38542227,0.24588368,0.50777017,-0.47938433,0.50040569,0.51181468
0.29795798,0.3855885,0.24588453,0.50777055,-0.47938169,0.50041077,0.51181181
0.297928,0.38575462,0.24588539,0.50777093,-0.47937904,0.50041584,0.51180895
0.29789804,0.38592064,0.24588625,0.50777132,-0.47937639,0.50042092,0.51180608
0.2978681,0.38608654,0.24588712,0.5077717,-0.47937375,0.50042601,0.51180321
0.29783819,0.38625234,0.24588798,0.50777208,-0.4793711,0.5004311,0.51180033
0.29780829,0.38641804,0.24588884,0.50777246,-0.47936845,0.50043619,0.51179746
0.29777842,0.38658362,0.24588971,0.50777285,-0.4793658,0.50044128,0.51179458
0.29774856,0.3867491,0.24589058,0.50777323,-0.47936314,0.50044638,0.5117917
0.29771873,0.38691448,0.24589145,0.50777361,-0.47936049,0.50045148,0.51178882
0.29768892,0.38707974,0.24589232,0.507774,-0.47935784,0.50045658,0.51178594
0.29765914,0.38724491,0.2458932,0.50777438,-0.47935518,0.50046169,0.51178305
0.29762937,0.38740996,0.24589407,0.50777476,-0.47935252,0.5004668,0.51178016
0.29759963,0.38757491,0.24589495,0.50777515,-0.47934986,0.50047191,0.51177727
0.29756991,0.38773975,0.24589583,0.50777553,-0.4793472,0.50047703,0.51177438
0.29754021,0.38790448,0.24589671,0.50777591,-0.47934454,0.50048215,0.51177149
0.29751053,0.38806911,0.2458976,0.5077763,-0.47934188,0.50048727,0.51176859
0.29748088,0.38823363,0.24589848,0.50777668,-0.47933921,0.5004924,0.51176569
0.29745125,0.38839805,0.24589937,0.50777707,-0.47933655,0.50049753,0.51176279
0.29742164,0.38856236,0.24590026,0.50777745,-0.47933388,0.50050266,0.51175989
0.29739206,0.38872656,0.24590115,0.50777784,-0.47933121,0.50050779,0.51175698
0.2973625,0.38889066,0.24590204,0.50777822,-0.47932854,0.50051293,0.51175408
0.29733296,0.38905465,0.24590293,0.5077786,-0.47932587,0.50051808,0.51175117
0.29730345,0.38921854,0.24590383,0.50777899,-0.4793232,0.50052322,0.51174826
0.29727396,0.38938232,0.24590472,0.50777937,-0.47932052,0.50052837,0.51174534
0.29724449,0.389546,0.24590562,0.50777976,-0.47931785,0.50053352,0.51174243
0.29721505,0.38970957,0.24590652,0.50778014,-0.47931517,0.50053868,0.51173951
0.29718563,0.38987303,0.24590742,0.50778053,-0.47931249,0.50054384,0.51173659
0.29715624,0.39003639,0.24590833,0.50778091,-0.47930981,0.500549,0.51173367
0.29712687,0.39019965,0.24590923,0.5077813,-0.47930713,0.50055416,0.51173075
0.29709752,0.3903628,0.24591014,0.50778168,-0.47930445,0.50055933,0.51172782
0.2970682,0.39052584,0.24591105,0.50778207,-0.47930176,0.5005645,0.51172489
0.29703891,0.39068878,0.24591196,0.50778246,-0.47929908,0.50056968,0.51172196
0.29700964,0.39085162,0.24591287,0.50778284,-0.47929639,0.50057486,0.51171903
0.2969804,0.39101435,0.24591378,0.50778323,-0.4792937,0.50058004,0.5117161
0.29695118,0.39117697,0.2459147,0.50778361,-0.47929101,0.50058522,0.51171316
0.29692198,0.39133949,0.24591562,0.507784,-0.47928832,0.50059041,0.51171022
0.29689282,0.39150191,0.24591654,0.50778439,-0.47928563,0.5005956,0.51170728
0.29686367,0.39166422,0.24591746,0.50778477,-0.47928294,0.5006008,0.51170434
0.29683456,0.39182642,0.24591838,0.50778516,-0.47928024,0.500606,0.5117014
0.29680547,0.39198853,0.2459193,0.50778555,-0.47927755,0.5006112,0.51169845
0.2967764,0.39215053,0.24592023,0.50778593,-0.47927485,0.5006164,0.5116955
0.29674736,0.39231242,0.24592116,0.50778632,-0.47927215,0.50062161,0.51169255
0.29671835,0.39247421,0.24592208,0.50778671,-0.47926945,0.50062682,0.5116896
0.29668937,0.3926359,0.24592301,0.50778709,-0.47926675,0.50063203,0.51168664
0.29666041,0.39279748,0.24592395,0.50778748,-0.47926404,0.50063725,0.51168369
0.29663148,0.39295896,0.24592488,0.50778787,-0.47926134,0.50064247,0.51168073
0.29660257,0.39312033,0.24592582,0.50778826,-0.47925863,0.5006477,0.51167777
0.2965737,0.39328161,0.24592675,0.50778864,-0.47925592,0.50065292,0.5116748
0.29654485,0.39344277,0.24592769,0.50778903,-0.47925321,0.50065815,0.51167184
0.29651602,0.39360384,0.24592863,0.50778942,-0.4792505,0.50066339,0.51166887
0.29648723,0.3937648,0.24592957,0.50778981,-0.47924779,0.50066862,0.5116659
0.29645846,0.39392566,0.24593052,0.50779019,-0.47924508,0.50067387,0.51166293
0.29642972,0.39408641,0.24593146,0.50779058,-0.47924236,0.50067911,0.51165996
0.29640101,0.39424707,0.24593241,0.50779097,-0.47923964,0.50068436,0.51165698
0.29637233,0.39440762,0.24593336,0.50779136,-0.47923693,0.50068961,0.511654
0.29634367,0.39456806,0.24593431,0.50779175,-0.47923421,0.50069486,0.51165103
0.29631504,0.39472841,0.24593526,0.50779214,-0.47923149,0.50070012,0.51164804
0.29628645,0.39488865,0.24593621,0.50779253,-0.47922876,0.50070538,0.51164506
0.29625788,0.39504879,0.24593717,0.50779291,-0.47922604,0.50071064,0.51164207
0.29622933,0.39520883,0.24593812,0.5077933,-0.47922331,0.50071591,0.51163909
0.29620082,0.39536876,0.24593908,0.50779369,-0.47922059,0.50072118,0.5116361
0.29617234,0.3955286,0.24594004,0.50779408,-0.47921786,0.50072645,0.51163311
0.29614388,0.39568833,0.245941,0.50779447,-0.47921513,0.50073173,0.51163011
0.29611546,0.39584796,0.24594196,0.50779486,-0.4792124,0.50073701,0.51162712
0.29608706,0.39600748,0.24594293,0.50779525,-0.47920967,0.50074229,0.51162412
0.2960587,0.39616691,0.24594389,0.50779564,-0.47920693,0.50074758,0.51162112
0.29603036,0.39632623,0.24594486,0.50779603,-0.4792042,0.50075287,0.51161812
0.29600205,0.39648546,0.24594583,0.50779642,-0.47920146,0.50075816,0.51161511
0.29597378,0.39664458,0.2459468,0.50779681,-0.47919872,0.50076346,0.5116121
0.29594553,0.3968036,0.24594777,0.5077972,-0.47919598,0.50076876,0.5116091
0.29591731,0.39696252,0.24594874,0.50779759,-0.47919324,0.50077406,0.51160609
0.29588913,0.39712134,0.24594971,0.50779798,-0.47919049,0.50077937,0.51160307
0.29586097,0.39728005,0.24595069,0.50779837,-0.47918775,0.50078468,0.51160006
0.29583285,0.39743867,0.24595167,0.50779877,-0.479185,0.50078999,0.51159704
0.29580475,0.39759719,0.24595264,0.50779916,-0.47918225,0.50079531,0.51159402
0.29577669,0.3977556,0.24595362,0.50779955,-0.47917951,0.50080062,0.511591
0.29574865,0.39791392,0.24595461,0.50779994,-0.47917675,0.50080595,0.51158798
0.29572065,0.39807213,0.24595559,0.50780033,-0.479174,0.50081127,0.51158496
0.29569268,0.39823024,0.24595657,0.50780072,-0.47917125,0.5008166,0.51158193
0.29566474,0.39838826,0.24595756,0.50780111,-0.47916849,0.50082194,0.5115789
0.29563683,0.39854617,0.24595854,0.50780151,-0.47916574,0.50082727,0.51157587
0.29560896,0.39870399,0.24595953,0.5078019,-0.47916298,0.50083261,0.51157284
0.29558111,0.3988617,0.24596052,0.50780229,-0.47916022,0.50083795,0.5115698
0.2955533,0.39901932,0.24596151,0.50780268,-0.47915746,0.5008433,0.51156677
0.29552552,0.39917683,0.24596251,0.50780307,-0.47915469,0.50084865,0.51156373
0.29549777,0.39933425,0.2459635,0.50780347,-0.47915193,0.500854,0.51156069
0.29547005,0.39949157,0.2459645,0.50780386,-0.47914916,0.50085936,0.51155764
0.29544237,0.39964879,0.24596549,0.50780425,-0.47914639,0.50086472,0.5115546
0.29541471,0.39980591,0.24596649,0.50780465,-0.47914362,0.50087008,0.51155155
0.29538709,0.39996293,0.24596749,0.50780504,-0.47914085,0.50087545,0.5115485
0.29535951,0.40011985,0.24596849,0.50780543,-0.47913808,0.50088082,0.51154545
0.29533195,0.40027667,0.24596949,0.50780583,-0.47913531,0.50088619,0.5115424
0.29530443,0.4004334,0.24597049,0.50780622,-0.47913253,0.50089157,0.51153934
0.29527694,0.40059003,0.2459715,0.50780661,-0.47912976,0.50089694,0.51153629
0.29524949,0.40074655,0.2459725,0.50780701,-0.47912698,0.50090233,0.51153323
0.29522207,0.40090298,0.24597351,0.5078074,-0.4791242,0.50090771,0.51153017
0.29519468,0.40105932,0.24597452,0.5078078,-0.47912141,0.5009131,0.5115271
0.29516732,0.40121555,0.24597553,0.50780819,-0.47911863,0.5009185,0.51152404
0.29514,0.40137169,0.24597654,0.50780858,-0.47911585,0.50092389,0.51152097
0.29511271,0.40152773,0.24597755,0.50780898,-0.47911306,0.50092929,0.5115179
0.29508546,0.40168367,0.24597856,0.50780937,-0.47911027,0.50093469,0.51151483
0.29505824,0.40183952,0.24597957,0.50780977,-0.47910748,0.5009401,0.51151176
0.29503105,0.40199526,0.24598059,0.50781016,-0.47910469,0.50094551,0.51150868
0.2950039,0.40215091,0.2459816,0.50781056,-0.4791019,0.50095092,0.5115056
0.29497678,0.40230647,0.24598262,0.50781095,-0.4790991,0.50095634,0.51150252
0.2949497,0.40246192,0.24598364,0.50781135,-0.47909631,0.50096176,0.51149944
0.29492265,0.40261729,0.24598466,0.50781175,-0.47909351,0.50096718,0.51149636
0.29489563,0.40277255,0.24598568,0.50781214,-0.47909071,0.50097261,0.51149327
0.29486865,0.40292772,0.2459867,0.50781254,-0.47908791,0.50097803,0.51149019
0.29484171,0.40308279,0.24598773,0.50781293,-0.47908511,0.50098347,0.5114871
0.2948148,0.40323776,0.24598875,0.50781333,-0.4790823,0.5009889,0.511484
0.29478793,0.40339264,0.24598977,0.50781373,-0.4790795,0.50099434,0.51148091
0.29476109,0.40354743,0.2459908,0.50781412,-0.47907669,0.50099979,0.51147781
0.29473428,0.40370211,0.24599183,0.50781452,-0.47907388,0.50100523,0.51147472
0.29470751,0.40385671,0.24599286,0.50781492,-0.47907107,0.50101068,0.51147162
0.29468078,0.4040112,0.24599388,0.50781531,-0.47906826,0.50101613,0.51146852
0.29465408,0.40416561,0.24599491,0.50781571,-0.47906545,0.50102159,0.51146541
0.29462742,0.40431991,0.24599595,0.50781611,-0.47906263,0.50102705,0.51146231
0.29460079,0.40447413,0.24599698,0.50781651,-0.47905981,0.50103251,0.5114592
0.2945742,0.40462824,0.24599801,0.5078169,-0.479057,0.50103798,0.51145609
0.29454765,0.40478226,0.24599904,0.5078173,-0.47905418,0.50104345,0.51145298
0.29452113,0.40493619,0.24600008,0.5078177,-0.47905135,0.50104892,0.51144986
0.29449465,0.40509003,0.24600112,0.5078181,-0.47904853,0.5010544,0.51144675
0.29446821,0.40524377,0.24600215,0.5078185,-0.47904571,0.50105988,0.51144363
0.2944418,0.40539741,0.24600319,0.5078189,-0.47904288,0.50106536,0.51144051
0.29441543,0.40555096,0.24600423,0.50781929,-0.47904005,0.50107084,0.51143739
0.29438909,0.40570442,0.24600527,0.50781969,-0.47903722,0.50107633,0.51143427
0.29436279,0.40585778,0.24600631,0.50782009,-0.47903439,0.50108183,0.51143114
0.29433653,0.40601105,0.24600735,0.50782049,-0.47903156,0.50108732,0.51142801
0.2943103,0.40616423,0.24600839,0.50782089,-0.47902872,0.50109282,0.51142488
0.29428412,0.40631731,0.24600943,0.50782129,-0.47902589,0.50109833,0.51142175
0.29425797,0.4064703,0.24601048,0.50782169,-0.47902305,0.50110383,0.51141862
0.29423185,0.4066232,0.24601152,0.50782209,-0.47902021,0.50110934,0.51141548
0.29420578,0.40677601,0.24601257,0.50782249,-0.47901737,0.50111485,0.51141234
0.29417974,0.40692872,0.24601361,0.50782289,-0.47901452,0.50112037,0.5114092
0.29415374,0.40708134,0.24601466,0.50782329,-0.47901168,0.50112589,0.51140606
0.29412778,0.40723386,0.24601571,0.50782369,-0.47900883,0.50113141,0.51140292
0.29410185,0.4073863,0.24601676,0.50782409,-0.47900598,0.50113694,0.51139977
0.29407596,0.40753864,0.2460178,0.50782449,-0.47900313,0.50114247,0.51139662
0.29405011,0.40769089,0.24601885,0.50782489,-0.47900028,0.501148,0.51139347
0.2940243,0.40784305,0.2460199,0.50782529,-0.47899743,0.50115354,0.51139032
0.29399853,0.40799512,0.24602096,0.5078257,-0.47899458,0.50115908,0.51138717
0.29397279,0.40814709,0.24602201,0.5078261,-0.47899172,0.50116462,0.51138401
0.2939471,0.40829898,0.24602306,0.5078265,-0.47898886,0.50117017,0.51138086
0.29392144,0.40845077,0.24602411,0.5078269,-0.478986,0.50117572,0.5113777
0.29389582,0.40860248,0.24602517,0.5078273,-0.47898314,0.50118127,0.51137453
0.29387024,0.40875409,0.24602622,0.50782771,-0.47898028,0.50118683,0.51137137
0.2938447,0.40890561,0.24602728,0.50782811,-0.47897741,0.50119239,0.51136821
0.29381919,0.40905704,0.24602833,0.50782851,-0.47897455,0.50119795,0.51136504
0.29379373,0.40920838,0.24602939,0.50782891,-0.47897168,0.50120352,0.51136187
0.29376831,0.40935963,0.24603044,0.50782932,-0.47896881,0.50120909,0.5113587
0.29374292,0.40951079,0.2460315,0.50782972,-0.47896594,0.50121466,0.51135552
0.29371757,0.40966186,0.24603256,0.50783012,-0.47896306,0.50122024,0.51135235
0.29369226,0.40981283,0.24603362,0.50783053,-0.47896019,0.50122582,0.51134917
0.293667,0.40996372,0.24603467,0.50783093,-0.47895731,0.5012314,0.51134599
0.29364177,0.41011452,0.24603573,0.50783133,-0.47895443,0.50123699,0.51134281
0.29361658,0.41026524,0.24603679,0.50783174,-0.47895155,0.50124258,0.51133962
0.29359143,0.41041586,0.24603785,0.50783214,-0.47894867,0.50124817,0.51133644
0.29356632,0.41056639,0.24603891,0.50783255,-0.47894579,0.50125377,0.51133325
0.29354125,0.41071683,0.24603997,0.50783295,-0.4789429,0.50125937,0.51133006
0.29351622,0.41086719,0.24604104,0.50783335,-0.47894002,0.50126497,0.51132687
0.29349123,0.41101745,0.2460421,0.50783376,-0.47893713,0.50127058,0.51132368
0.29346628,0.41116763,0.24604316,0.50783416,-0.47893424,0.50127619,0.51132048
0.29344137,0.41131772,0.24604422,0.50783457,-0.47893135,0.50128181,0.51131728
0.2934165,0.41146772,0.24604528,0.50783498,-0.47892845,0.50128742,0.51131408
0.29339167,0.41161764,0.24604635,0.50783538,-0.47892556,0.50129304,0.51131088
0.29336688,0.41176746,0.24604741,0.50783579,-0.47892266,0.50129867,0.51130768
0.29334213,0.4119172,0.24604847,0.50783619,-0.47891976,0.50130429,0.51130447
0.29331743,0.41206685,0.24604954,0.5078366,-0.47891686,0.50130993,0.51130127
0.29329276,0.41221641,0.2460506,0.50783701,-0.47891396,0.50131556,0.51129806
0.29326813,0.41236589,0.24605167,0.50783741,-0.47891106,0.5013212,0.51129485
0.29324355,0.41251528,0.24605273,0.50783782,-0.47890815,0.50132684,0.51129163
0.293219,0.41266458,0.2460538,0.50783823,-0.47890524,0.50133248,0.51128842
0.2931945,0.41281379,0.24605486,0.50783863,-0.47890234,0.50133813,0.5112852
0.29317004,0.41296292,0.24605593,0.50783904,-0.47889942,0.50134378,0.51128198
0.29314562,0.41311196,0.24605699,0.50783945,-0.47889651,0.50134943,0.51127876
0.29312124,0.41326092,0.24605806,0.50783986,-0.4788936,0.50135509,0.51127554
0.2930969,0.41340979,0.24605912,0.50784026,-0.47889068,0.50136075,0.51127231
0.2930726,0.41355857,0.24606019,0.50784067,-0.47888776,0.50136642,0.51126909
0.29304834,0.41370727,0.24606126,0.50784108,-0.47888485,0.50137208,0.51126586
0.29302413,0.41385588,0.24606232,0.50784149,-0.47888192,0.50137776,0.51126262
0.29299995,0.41400441,0.24606339,0.5078419,-0.478879,0.50138343,0.51125939
0.29297582,0.41415285,0.24606445,0.50784231,-0.47887608,0.50138911,0.51125616
0.29295173,0.41430121,0.24606552,0.50784271,-0.47887315,0.50139479,0.51125292
0.29292769,0.41444948,0.24606659,0.50784312,-0.47887022,0.50140047,0.51124968
0.29290368,0.41459766,0.24606765,0.50784353,-0.47886729,0.50140616,0.51124644
0.29287972,0.41474576,0.24606872,0.50784394,-0.47886436,0.50141185,0.5112432
0.29285579,0.41489378,0.24606979,0.50784435,-0.47886143,0.50141755,0.51123995
0.29283191,0.41504171,0.24607085,0.50784476,-0.47885849,0.50142325,0.51123671
0.29280808,0.41518956,0.24607192,0.50784517,-0.47885556,0.50142895,0.51123346
0.29278428,0.41533732,0.24607299,0.50784558,-0.47885262,0.50143465,0.51123021
0.29276053,0.415485,0.24607405,0.50784599,-0.47884968,0.50144036,0.51122695
0.29273681,0.4156326,0.24607512,0.5078464,-0.47884674,0.50144607,0.5112237
0.29271315,0.41578011,0.24607619,0.50784681,-0.47884379,0.50145179,0.51122044
0.29268952,0.41592754,0.24607725,0.50784723,-0.47884085,0.50145751,0.51121718
0.29266594,0.41607489,0.24607832,0.50784764,-0.4788379,0.50146323,0.51121392
0.29264239,0.41622215,0.24607938,0.50784805,-0.47883495,0.50146895,0.51121066
0.2926189,0.41636933,0.24608045,0.50784846,-0.478832,0.50147468,0.5112074
0.29259544,0.41651642,0.24608151,0.50784887,-0.47882905,0.50148041,0.51120413
0.29257203,0.41666344,0.24608258,0.50784928,-0.47882609,0.50148615,0.51120086
0.29254866,0.41681037,0.24608364,0.5078497,-0.47882314,0.50149189,0.51119759
0.29252533,0.41695722,0.24608471,0.50785011,-0.47882018,0.50149763,0.51119432
0.29250205,0.41710398,0.24608577,0.50785052,-0.47881722,0.50150337,0.51119104
0.2924788,0.41725067,0.24608684,0.50785094,-0.47881426,0.50150912,0.51118777
0.29245561,0.41739727,0.2460879,0.50785135,-0.47881129,0.50151487,0.51118449
0.29243245,0.41754379,0.24608897,0.50785176,-0.47880833,0.50152063,0.51118121
0.29240934,0.41769023,0.24609003,0.50785218,-0.47880536,0.50152639,0.51117793
0.29238627,0.41783659,0.24609109,0.50785259,-0.47880239,0.50153215,0.51117464
0.29236324,0.41798286,0.24609216,0.507853,-0.47879942,0.50153792,0.51117136
0.29234026,0.41812906,0.24609322,0.50785342,-0.47879645,0.50154369,0.51116807
0.29231732,0.41827517,0.24609428,0.50785383,-0.47879348,0.50154946,0.51116478
0.29229443,0.41842121,0.24609534,0.50785425,-0.4787905,0.50155523,0.51116149
0.29227158,0.41856716,0.2460964,0.50785466,-0.47878752,0.50156101,0.5111582
0.29224877,0.41871303,0.24609747,0.50785508,-0.47878455,0.50156679,0.5111549
0.292226,0.41885882,0.24609853,0.50785549,-0.47878156,0.50157258,0.5111516
0.29220328,0.41900454,0.24609959,0.50785591,-0.47877858,0.50157837,0.5111483
0.29218061,0.41915017,0.24610065,0.50785632,-0.4787756,0.50158416,0.511145
0.29215797,0.41929572,0.24610171,0.50785674,-0.47877261,0.50158996,0.5111417
0.29213538,0.41944119,0.24610276,0.50785715,-0.47876962,0.50159576,0.51113839
0.29211284,0.41958658,0.24610382,0.50785757,-0.47876663,0.50160156,0.51113508
0.29209034,0.4197319,0.24610488,0.50785799,-0.47876364,0.50160737,0.51113177
0.29206788,0.41987713,0.24610594,0.5078584,-0.47876065,0.50161318,0.51112846
0.29204546,0.42002229,0.24610699,0.50785882,-0.47875765,0.50161899,0.51112515
0.29202309,0.42016736,0.24610805,0.50785924,-0.47875466,0.50162481,0.51112183
0.29200077,0.42031236,0.24610911,0.50785965,-0.47875166,0.50163062,0.51111852
0.29197849,0.42045728,0.24611016,0.50786007,-0.47874866,0.50163645,0.5111152
0.29195625,0.42060212,0.24611122,0.50786049,-0.47874565,0.50164227,0.51111188
0.29193406,0.42074688,0.24611227,0.50786091,-0.47874265,0.5016481,0.51110855
0.29191191,0.42089156,0.24611332,0.50786133,-0.47873964,0.50165394,0.51110523
0.2918898,0.42103617,0.24611437,0.50786174,-0.47873664,0.50165977,0.5111019
0.29186774,0.42118069,0.24611543,0.50786216,-0.47873363,0.50166561,0.51109857
0.29184573,0.42132514,0.24611648,0.50786258,-0.47873061,0.50167146,0.51109524
0.29182376,0.42146951,0.24611753,0.507863,-0.4787276,0.5016773,0.51109191
0.29180183,0.42161381,0.24611858,0.50786342,-0.47872459,0.50168315,0.51108858
0.29177995,0.42175803,0.24611963,0.50786384,-0.47872157,0.50168901,0.51108524
0.29175811,0.42190217,0.24612068,0.50786426,-0.47871855,0.50169486,0.5110819
0.29173632,0.42204623,0.24612172,0.50786468,-0.47871553,0.50170072,0.51107856
0.29171457,0.42219022,0.24612277,0.5078651,-0.47871251,0.50170659,0.51107522
0.29169286,0.42233413,0.24612382,0.50786552,-0.47870948,0.50171245,0.51107187
0.2916712,0.42247796,0.24612486,0.50786594,-0.47870646,0.50171832,0.51106853
0.29164959,0.42262172,0.2461259,0.50786636,-0.47870343,0.5017242,0.51106518
0.29162802,0.4227654,0.24612695,0.50786678,-0.4787004,0.50173008,0.51106183
0.29160649,0.422909,0.24612799,0.5078672,-0.47869737,0.50173596,0.51105848
0.29158501,0.42305253,0.24612903,0.50786762,-0.47869433,0.50174184,0.51105512
0.29156358,0.42319598,0.24613007,0.50786805,-0.4786913,0.50174773,0.51105177
0.29154219,0.42333936,0.24613111,0.50786847,-0.47868826,0.50175362,0.51104841
0.29152084,0.42348266,0.24613215,0.50786889,-0.47868522,0.50175951,0.51104505
0.29149954,0.42362589,0.24613319,0.50786931,-0.47868218,0.50176541,0.51104169
0.29147828,0.42376904,0.24613423,0.50786973,-0.47867914,0.50177131,0.51103832
0.29145707,0.42391212,0.24613527,0.50787016,-0.4786761,0.50177721,0.51103496
0.29143591,0.42405512,0.2461363,0.50787058,-0.47867305,0.50178312,0.51103159
0.29141478,0.42419805,0.24613733,0.507871,-0.47867,0.50178903,0.51102822
0.29139371,0.4243409,0.24613837,0.50787143,-0.47866695,0.50179495,0.51102485
0.29137268,0.42448368,0.2461394,0.50787185,-0.4786639,0.50180086,0.51102147
0.29135169,0.42462638,0.24614043,0.50787227,-0.47866085,0.50180678,0.5110181
0.29133075,0.42476901,0.24614146,0.5078727,-0.47865779,0.50181271,0.51101472
0.29130985,0.42491157,0.24614249,0.50787312,-0.47865474,0.50181864,0.51101134
0.291289,0.42505405,0.24614352,0.50787355,-0.47865168,0.50182457,0.51100796
0.2912682,0.42519646,0.24614455,0.50787397,-0.47864862,0.5018305,0.51100458
0.29124744,0.4253388,0.24614557,0.5078744,-0.47864555,0.50183644,0.51100119
0.29122672,0.42548106,0.2461466,0.50787482,-0.47864249,0.50184238,0.51099781
0.29120605,0.42562325,0.24614762,0.50787525,-0.47863942,0.50184832,0.51099442
0.29118543,0.42576536,0.24614864,0.50787567,-0.47863636,0.50185427,0.51099103
0.29116485,0.42590741,0.24614967,0.5078761,-0.47863329,0.50186022,0.51098763
0.29114432,0.42604938,0.24615069,0.50787652,-0.47863021,0.50186618,0.51098424
0.29112383,0.42619127,0.24615171,0.50787695,-0.47862714,0.50187214,0.51098084
0.29110338,0.4263331,0.24615272,0.50787738,-0.47862407,0.5018781,0.51097744
0.29108299,0.42647485,0.24615374,0.5078778,-0.47862099,0.50188406,0.51097404
0.29106263,0.42661653,0.24615476,0.50787823,-0.47861791,0.50189003,0.51097064
0.29104232,0.42675814,0.24615577,0.50787866,-0.47861483,0.501896,0.51096724
0.29102206,0.42689968,0.24615678,0.50787909,-0.47861175,0.50190198,0.51096383
0.29100185,0.42704114,0.2461578,0.50787951,-0.47860866,0.50190795,0.51096042
0.29098167,0.42718254,0.24615881,0.50787994,-0.47860558,0.50191394,0.51095701
0.29096155,0.42732386,0.24615982,0.50788037,-0.47860249,0.50191992,0.5109536
0.29094147,0.42746511,0.24616082,0.5078808,-0.4785994,0.50192591,0.51095019
0.29092143,0.42760629,0.24616183,0.50788123,-0.47859631,0.5019319,0.51094677
0.29090144,0.4277474,0.24616284,0.50788166,-0.47859321,0.5019379,0.51094335
0.2908815,0.42788844,0.24616384,0.50788209,-0.47859012,0.50194389,0.51093993
0.2908616,0.42802941,0.24616484,0.50788251,-0.47858702,0.5019499,0.51093651
0.29084174,0.4281703,0.24616584,0.50788294,-0.47858392,0.5019559,0.51093309
0.29082194,0.42831113,0.24616684,0.50788337,-0.47858082,0.50196191,0.51092966
0.29080217,0.42845189,0.24616784,0.5078838,-0.47857771,0.50196792,0.51092623
0.29078245,0.42859257,0.24616884,0.50788423,-0.47857461,0.50197394,0.51092281
0.29076278,0.42873319,0.24616984,0.50788467,-0.4785715,0.50197996,0.51091937
0.29074316,0.42887373,0.24617083,0.5078851,-0.47856839,0.50198598,0.51091594
0.29072357,0.42901421,0.24617182,0.50788553,-0.47856528,0.501992,0.51091251
0.29070404,0.42915462,0.24617281,0.50788596,-0.47856217,0.50199803,0.51090907
0.29068455,0.42929495,0.2461738,0.50788639,-0.47855906,0.50200406,0.51090563
0.2906651,0.42943522,0.24617479,0.50788682,-0.47855594,0.5020101,0.51090219
0.2906457,0.42957542,0.24617578,0.50788725,-0.47855282,0.50201614,0.51089875
0.29062635,0.42971555,0.24617677,0.50788769,-0.4785497,0.50202218,0.5108953
0.29060704,0.42985561,0.24617775,0.50788812,-0.47854658,0.50202823,0.51089185
0.29058778,0.42999561,0.24617873,0.50788855,-0.47854346,0.50203427,0.51088841
0.29056856,0.43013553,0.24617971,0.50788898,-0.47854033,0.50204033,0.51088496
0.29054938,0.43027539,0.24618069,0.50788942,-0.47853721,0.50204638,0.5108815
0.29053026,0.43041517,0.24618167,0.50788985,-0.47853408,0.50205244,0.51087805
0.29051117,0.43055489,0.24618265,0.50789028,-0.47853095,0.5020585,0.51087459
0.29049214,0.43069454,0.24618362,0.50789072,-0.47852781,0.50206457,0.51087113
0.29047315,0.43083413,0.24618459,0.50789115,-0.47852468,0.50207064,0.51086767
0.2904542,0.43097364,0.24618557,0.50789159,-0.47852154,0.50207671,0.51086421
0.2904353,0.43111309,0.24618653,0.50789202,-0.47851841,0.50208279,0.51086075
0.29041644,0.43125247,0.2461875,0.50789246,-0.47851527,0.50208887,0.51085728
0.29039763,0.43139178,0.24618847,0.50789289,-0.47851212,0.50209495,0.51085382
0.29037887,0.43153103,0.24618943,0.50789333,-0.47850898,0.50210103,0.51085035
0.29036015,0.43167021,0.2461904,0.50789376,-0.47850583,0.50210712,0.51084687
0.29034147,0.43180932,0.24619136,0.5078942,-0.47850269,0.50211322,0.5108434
0.29032284,0.43194837,0.24619232,0.50789463,-0.47849954,0.50211931,0.51083993
0.29030426,0.43208734,0.24619328,0.50789507,-0.47849639,0.50212541,0.51083645
0.29028572,0.43222626,0.24619423,0.50789551,-0.47849323,0.50213151,0.51083297
0.29026723,0.4323651,0.24619519,0.50789594,-0.47849008,0.50213762,0.51082949
0.29024878,0.43250388,0.24619614,0.50789638,-0.47848692,0.50214373,0.510826
0.29023038,0.43264259,0.24619709,0.50789682,-0.47848376,0.50214984,0.51082252
0.29021202,0.43278124,0.24619804,0.50789726,-0.4784806,0.50215596,0.51081903
0.2901937,0.43291982,0.24619899,0.50789769,-0.47847744,0.50216208,0.51081554
0.29017543,0.43305834,0.24619993,0.50789813,-0.47847427,0.5021682,0.51081205
0.29015721,0.43319679,0.24620088,0.50789857,-0.47847111,0.50217433,0.51080856
0.29013903,0.43333517,0.24620182,0.50789901,-0.47846794,0.50218046,0.51080507
0.2901209,0.43347349,0.24620276,0.50789945,-0.47846477,0.50218659,0.51080157
0.29010281,0.43361175,0.2462037,0.50789989,-0.4784616,0.50219273,0.51079807
0.29008477,0.43374994,0.24620464,0.50790033,-0.47845842,0.50219886,0.51079457
0.29006677,0.43388806,0.24620557,0.50790077,-0.47845525,0.50220501,0.51079107
0.29004882,0.43402612,0.2462065,0.50790121,-0.47845207,0.50221115,0.51078757
0.29003091,0.43416411,0.24620744,0.50790165,-0.47844889,0.5022173,0.51078406
0.29001304,0.43430204,0.24620836,0.50790209,-0.47844571,0.50222346,0.51078055
0.28999522,0.43443991,0.24620929,0.50790253,-0.47844253,0.50222961,0.51077704
0.28997745,0.43457771,0.24621022,0.50790297,-0.47843934,0.50223577,0.51077353
0.28995972,0.43471545,0.24621114,0.50790341,-0.47843616,0.50224193,0.51077002
0.28994204,0.43485312,0.24621206,0.50790385,-0.47843297,0.5022481,0.5107665
0.2899244,0.43499073,0.24621298,0.50790429,-0.47842978,0.50225427,0.51076298
0.2899068,0.43512828,0.2462139,0.50790473,-0.47842658,0.50226044,0.51075947
0.28988925,0.43526576,0.24621482,0.50790518,-0.47842339,0.50226662,0.51075594
0.28987174,0.43540318,0.24621573,0.50790562,-0.47842019,0.5022728,0.51075242
0.28985428,0.43554053,0.24621664,0.50790606,-0.478417,0.50227898,0.5107489
0.28983686,0.43567782,0.24621755,0.5079065,-0.4784138,0.50228517,0.51074537
0.28981949,0.43581505,0.24621846,0.50790695,-0.47841059,0.50229136,0.51074184
0.28980216,0.43595222,0.24621937,0.50790739,-0.47840739,0.50229755,0.51073831
0.28978488,0.43608932,0.24622027,0.50790783,-0.47840418,0.50230375,0.51073478
0.28976764,0.43622636,0.24622117,0.50790828,-0.47840098,0.50230995,0.51073124
0.28975044,0.43636334,0.24622207,0.50790872,-0.47839777,0.50231615,0.51072771
0.28973329,0.43650025,0.24622297,0.50790917,-0.47839456,0.50232236,0.51072417
0.28971619,0.4366371,0.24622387,0.50790961,-0.47839134,0.50232857,0.51072063
0.28969912,0.43677389,0.24622476,0.50791006,-0.47838813,0.50233478,0.51071709
0.28968211,0.43691062,0.24622565,0.5079105,-0.47838491,0.502341,0.51071354
0.28966513,0.43704728,0.24622654,0.50791095,-0.47838169,0.50234722,0.51071
0.2896482,0.43718389,0.24622743,0.50791139,-0.47837847,0.50235344,0.51070645
0.28963131,0.43732043,0.24622832,0.50791184,-0.47837525,0.50235967,0.5107029
0.28961447,0.43745691,0.2462292,0.50791229,-0.47837203,0.5023659,0.51069935
0.28959767,0.43759333,0.24623008,0.50791273,-0.4783688,0.50237213,0.51069579
0.28958092,0.43772969,0.24623096,0.50791318,-0.47836557,0.50237836,0.51069224
0.28956421,0.43786598,0.24623184,0.50791363,-0.47836234,0.5023846,0.51068868
0.28954754,0.43800222,0.24623271,0.50791407,-0.47835911,0.50239085,0.51068512
0.28953092,0.43813839,0.24623358,0.50791452,-0.47835588,0.50239709,0.51068156
0.28951434,0.4382745,0.24623446,0.50791497,-0.47835264,0.50240334,0.510678
0.2894978,0.43841055,0.24623532,0.50791542,-0.4783494,0.5024096,0.51067443
0.28948131,0.43854654,0.24623619,0.50791586,-0.47834616,0.50241585,0.51067087
0.28946486,0.43868247,0.24623706,0.50791631,-0.47834292,0.50242211,0.5106673
0.28944846,0.43881834,0.24623792,0.50791676,-0.47833968,0.50242838,0.51066373
0.2894321,0.43895415,0.24623878,0.50791721,-0.47833644,0.50243464,0.51066015
0.28941578,0.4390899,0.24623964,0.50791766,-0.47833319,0.50244091,0.51065658
0.2893995,0.43922559,0.24624049,0.50791811,-0.47832994,0.50244718,0.510653
0.28938327,0.43936122,0.24624135,0.50791856,-0.47832669,0.50245346,0.51064942
0.28936708,0.43949679,0.2462422,0.50791901,-0.47832344,0.50245974,0.51064584
0.28935094,0.4396323,0.24624305,0.50791946,-0.47832018,0.50246602,0.51064226
0.28933484,0.43976774,0.24624389,0.50791991,-0.47831693,0.50247231,0.51063868
0.28931878,0.43990313,0.24624474,0.50792036,-0.47831367,0.5024786,0.51063509
0.28930276,0.44003846,0.24624558,0.50792081,-0.47831041,0.50248489,0.5106315
0.28928679,0.44017374,0.24624642,0.50792127,-0.47830715,0.50249119,0.51062792
0.28927086,0.44030895,0.24624726,0.50792172,-0.47830388,0.50249749,0.51062432
0.28925497,0.4404441,0.24624809,0.50792217,-0.47830062,0.50250379,0.51062073
0.28923913,0.44057919,0.24624893,0.50792262,-0.47829735,0.5025101,0.51061714
0.28922332,0.44071423,0.24624976,0.50792307,-0.47829408,0.50251641,0.51061354
0.28920757,0.4408492,0.24625059,0.50792353,-0.47829081,0.50252272,0.51060994
0.28919185,0.44098412,0.24625141,0.50792398,-0.47828754,0.50252903,0.51060634
0.28917617,0.44111898,0.24625224,0.50792443,-0.47828426,0.50253535,0.51060274
0.28916054,0.44125378,0.24625306,0.50792489,-0.47828099,0.50254168,0.51059913
0.28914495,0.44138852,0.24625388,0.50792534,-0.47827771,0.502548,0.51059552
0.28912941,0.4415232,0.2462547,0.50792579,-0.47827443,0.50255433,0.51059192
0.2891139,0.44165782,0.24625551,0.50792625,-0.47827114,0.50256067,0.5105883
0.28909844,0.44179239,0.24625633,0.5079267,-0.47826786,0.502567,0.51058469
0.28908302,0.4419269,0.24625714,0.50792716,-0.47826457,0.50257334,0.51058108
0.28906764,0.44206135,0.24625795,0.50792761,-0.47826129,0.50257968,0.51057746
0.28905231,0.44219574,0.24625875,0.50792807,-0.478258,0.50258603,0.51057384
0.28903701,0.44233008,0.24625956,0.50792853,-0.4782547,0.50259238,0.51057022
0.28902176,0.44246436,0.24626036,0.50792898,-0.47825141,0.50259873,0.5105666
0.28900655,0.44259858,0.24626116,0.50792944,-0.47824811,0.50260509,0.51056298
0.28899138,0.44273274,0.24626195,0.50792989,-0.47824482,0.50261145,0.51055935
0.28897625,0.44286685,0.24626275,0.50793035,-0.47824152,0.50261781,0.51055573
0.28896117,0.4430009,0.24626354,0.50793081,-0.47823822,0.50262417,0.5105521
0.28894613,0.44313489,0.24626433,0.50793127,-0.47823491,0.50263054,0.51054847
0.28893112,0.44326882,0.24626512,0.50793172,-0.47823161,0.50263691,0.51054483
0.28891616,0.4434027,0.2462659,0.50793218,-0.4782283,0.50264329,0.5105412
0.28890124,0.44353652,0.24626669,0.50793264,-0.47822499,0.50264967,0.51053756
0.28888636,0.44367029,0.24626747,0.5079331,-0.47822168,0.50265605,0.51053392
0.28887153,0.44380399,0.24626824,0.50793356,-0.47821837,0.50266244,0.51053028
0.28885673,0.44393765,0.24626902,0.50793402,-0.47821506,0.50266883,0.51052664
0.28884198,0.44407124,0.24626979,0.50793447,-0.47821174,0.50267522,0.51052299
0.28882726,0.44420478,0.24627056,0.50793493,-0.47820842,0.50268161,0.51051935
0.28881259,0.44433826,0.24627133,0.50793539,-0.4782051,0.50268801,0.5105157
0.28879796,0.44447169,0.2462721,0.50793585,-0.47820178,0.50269441,0.51051205
0.28878337,0.44460506,0.24627286,0.50793631,-0.47819846,0.50270082,0.5105084
0.28876881,0.44473838,0.24627362,0.50793677,-0.47819513,0.50270723,0.51050474
0.2887543,0.44487164,0.24627438,0.50793724,-0.47819181,0.50271364,0.51050109
0.28873983,0.44500484,0.24627514,0.5079377,-0.47818848,0.50272005,0.51049743
0.2887254,0.44513799,0.24627589,0.50793816,-0.47818515,0.50272647,0.51049377
0.28871102,0.44527108,0.24627665,0.50793862,-0.47818181,0.50273289,0.51049011
0.28869667,0.44540412,0.2462774,0.50793908,-0.47817848,0.50273932,0.51048644
0.28868236,0.4455371,0.24627814,0.50793954,-0.47817514,0.50274575,0.51048278
0.28866809,0.44567003,0.24627889,0.50794001,-0.4781718,0.50275218,0.51047911
0.28865386,0.44580291,0.24627963,0.50794047,-0.47816846,0.50275861,0.51047544
0.28863967,0.44593572,0.24628037,0.50794093,-0.47816512,0.50276505,0.51047177
0.28862552,0.44606849,0.24628111,0.5079414,-0.47816178,0.50277149,0.5104681
0.28861142,0.44620119,0.24628184,0.50794186,-0.47815843,0.50277794,0.51046442
0.28859735,0.44633385,0.24628257,0.50794232,-0.47815508,0.50278438,0.51046075
0.28858332,0.44646645,0.2462833,0.50794279,-0.47815173,0.50279084,0.51045707
0.28856933,0.44659899,0.24628403,0.50794325,-0.47814838,0.50279729,0.51045339
0.28855538,0.44673148,0.24628476,0.50794372,-0.47814503,0.50280375,0.51044971
0.28854147,0.44686392,0.24628548,0.50794418,-0.47814167,0.50281021,0.51044602
0.28852759,0.4469963,0.2462862,0.50794465,-0.47813832,0.50281667,0.51044234
0.28851376,0.44712862,0.24628692,0.50794511,-0.47813496,0.50282314,0.51043865
0.28849997,0.4472609,0.24628763,0.50794558,-0.4781316,0.50282961,0.51043496
0.28848621,0.44739312,0.24628835,0.50794604,-0.47812823,0.50283609,0.51043127
0.2884725,0.44752528,0.24628906,0.50794651,-0.47812487,0.50284256,0.51042757
0.28845882,0.4476574,0.24628977,0.50794698,-0.4781215,0.50284904,0.51042388
0.28844518,0.44778945,0.24629047,0.50794744,-0.47811813,0.50285553,0.51042018
0.28843158,0.44792146,0.24629118,0.50794791,-0.47811476,0.50286201,0.51041648
0.28841802,0.44805341,0.24629188,0.50794838,-0.47811139,0.5028685,0.51041278
0.2884045,0.44818531,0.24629257,0.50794885,-0.47810802,0.502875,0.51040908
0.28839102,0.44831715,0.24629327,0.50794931,-0.47810464,0.5028815,0.51040537
0.28837757,0.44844894,0.24629396,0.50794978,-0.47810127,0.502888,0.51040167
0.28836416,0.44858068,0.24629466,0.50795025,-0.47809789,0.5028945,0.51039796
0.28835079,0.44871237,0.24629534,0.50795072,-0.47809451,0.50290101,0.51039425
0.28833746,0.448844,0.24629603,0.50795119,-0.47809112,0.50290752,0.51039054
0.28832417,0.44897558,0.24629671,0.50795166,-0.47808774,0.50291403,0.51038682
0.28831092,0.44910711,0.2462974,0.50795213,-0.47808435,0.50292055,0.5103831
0.2882977,0.44923858,0.24629807,0.5079526,-0.47808096,0.50292706,0.51037939
0.28828452,0.44937,0.24629875,0.50795307,-0.47807757,0.50293359,0.51037567
0.28827138,0.44950137,0.24629942,0.50795354,-0.47807418,0.50294011,0.51037194
0.28825827,0.44963269,0.2463001,0.50795401,-0.47807079,0.50294664,0.51036822
0.2882452,0.44976395,0.24630077,0.50795448,-0.47806739,0.50295318,0.5103645
0.28823217,0.44989516,0.24630143,0.50795495,-0.47806399,0.50295971,0.51036077
0.28821918,0.45002632,0.2463021,0.50795542,-0.47806059,0.50296625,0.51035704
0.28820623,0.45015743,0.24630276,0.5079559,-0.47805719,0.50297279,0.51035331
0.28819331,0.45028849,0.24630342,0.50795637,-0.47805379,0.50297934,0.51034957
0.28818043,0.45041949,0.24630407,0.50795684,-0.47805038,0.50298589,0.51034584
0.28816758,0.45055044,0.24630473,0.50795731,-0.47804698,0.50299244,0.5103421
0.28815477,0.45068134,0.24630538,0.50795779,-0.47804357,0.502999,0.51033836
0.288142,0.45081219,0.24630603,0.50795826,-0.47804016,0.50300555,0.51033462
0.28812927,0.45094299,0.24630668,0.50795873,-0.47803674,0.50301212,0.51033088
0.28811657,0.45107374,0.24630732,0.50795921,-0.47803333,0.50301868,0.51032714
0.28810391,0.45120443,0.24630796,0.50795968,-0.47802991,0.50302525,0.51032339
0.28809128,0.45133507,0.2463086,0.50796016,-0.4780265,0.50303182,0.51031964
0.28807869,0.45146567,0.24630924,0.50796063,-0.47802308,0.5030384,0.51031589
0.28806614,0.45159621,0.24630988,0.50796111,-0.47801965,0.50304497,0.51031214
0.28805362,0.4517267,0.24631051,0.50796158,-0.47801623,0.50305156,0.51030839
0.28804114,0.45185713,0.24631114,0.50796206,-0.4780128,0.50305814,0.51030463
0.2880287,0.45198752,0.24631177,0.50796253,-0.47800938,0.50306473,0.51030087
0.28801629,0.45211786,0.24631239,0.50796301,-0.47800595,0.50307132,0.51029711
0.28800391,0.45224814,0.24631301,0.50796349,-0.47800252,0.50307791,0.51029335
0.28799157,0.45237838,0.24631364,0.50796396,-0.47799909,0.50308451,0.51028959
0.28797927,0.45250856,0.24631425,0.50796444,-0.47799565,0.50309111,0.51028582
0.287967,0.4526387,0.24631487,0.50796492,-0.47799221,0.50309771,0.51028206
0.28795477,0.45276878,0.24631548,0.50796539,-0.47798878,0.50310432,0.51027829
0.28794257,0.45289882,0.24631609,0.50796587,-0.47798534,0.50311093,0.51027452
0.28793041,0.4530288,0.2463167,0.50796635,-0.47798189,0.50311755,0.51027074
0.28791828,0.45315873,0.24631731,0.50796683,-0.47797845,0.50312416,0.51026697
0.28790619,0.45328861,0.24631791,0.50796731,-0.47797501,0.50313078,0.51026319
0.28789413,0.45341845,0.24631851,0.50796779,-0.47797156,0.50313741,0.51025941
0.2878821,0.45354823,0.24631911,0.50796826,-0.47796811,0.50314403,0.51025563
0.28787011,0.45367796,0.24631971,0.50796874,-0.47796466,0.50315066,0.51025185
0.28785816,0.45380764,0.2463203,0.50796922,-0.47796121,0.50315729,0.51024807
0.28784624,0.45393728,0.24632089,0.5079697,-0.47795775,0.50316393,0.51024428
0.28783435,0.45406686,0.24632148,0.50797018,-0.47795429,0.50317057,0.51024049
0.2878225,0.45419639,0.24632207,0.50797066,-0.47795084,0.50317721,0.5102367
0.28781068,0.45432588,0.24632265,0.50797115,-0.47794738,0.50318386,0.51023291
0.2877989,0.45445531,0.24632323,0.50797163,-0.47794391,0.50319051,0.51022912
0.28778714,0.4545847,0.24632381,0.50797211,-0.47794045,0.50319716,0.51022532
0.28777543,0.45471403,0.24632439,0.50797259,-0.47793699,0.50320381,0.51022153
0.28776374,0.45484332,0.24632496,0.50797307,-0.47793352,0.50321047,0.51021773
0.28775209,0.45497256,0.24632554,0.50797355,-0.47793005,0.50321713,0.51021393
0.28774048,0.45510175,0.24632611,0.50797404,-0.47792658,0.5032238,0.51021013
0.28772889,0.45523089,0.24632667,0.50797452,-0.47792311,0.50323047,0.51020632
0.28771734,0.45535998,0.24632724,0.507975,-0.47791963,0.50323714,0.51020251
0.28770582,0.45548902,0.2463278,0.50797549,-0.47791616,0.50324381,0.51019871
0.28769434,0.45561801,0.24632836,0.50797597,-0.47791268,0.50325049,0.5101949
0.28768289,0.45574695,0.24632892,0.50797645,-0.4779092,0.50325717,0.51019108
0.28767147,0.45587585,0.24632948,0.50797694,-0.47790572,0.50326386,0.51018727
0.28766008,0.4560047,0.24633003,0.50797742,-0.47790223,0.50327054,0.51018345
0.28764873,0.45613349,0.24633058,0.50797791,-0.47789875,0.50327723,0.51017964
0.28763741,0.45626224,0.24633113,0.50797839,-0.47789526,0.50328393,0.51017582
0.28762612,0.45639095,0.24633168,0.50797888,-0.47789177,0.50329062,0.51017199
0.28761486,0.4565196,0.24633222,0.50797936,-0.47788828,0.50329732,0.51016817
0.28760364,0.4566482,0.24633276,0.50797985,-0.47788479,0.50330403,0.51016435
0.28759244,0.45677676,0.2463333,0.50798034,-0.47788129,0.50331073,0.51016052
0.28758128,0.45690527,0.24633384,0.50798082,-0.4778778,0.50331744,0.51015669
0.28757015,0.45703373,0.24633437,0.50798131,-0.4778743,0.50332416,0.51015286
0.28755906,0.45716214,0.24633491,0.5079818,-0.4778708,0.50333087,0.51014903
0.28754799,0.4572905,0.24633544,0.50798228,-0.4778673,0.50333759,0.51014519
0.28753696,0.45741882,0.24633596,0.50798277,-0.47786379,0.50334431,0.51014135
0.28752595,0.45754709,0.24633649,0.50798326,-0.47786029,0.50335104,0.51013752
0.28751498,0.45767531,0.24633701,0.50798375,-0.47785678,0.50335777,0.51013368
0.28750404,0.45780348,0.24633754,0.50798423,-0.47785327,0.5033645,0.51012983
0.28749313,0.45793161,0.24633805,0.50798472,-0.47784976,0.50337123,0.51012599
0.28748225,0.45805969,0.24633857,0.50798521,-0.47784625,0.50337797,0.51012214
0.2874714,0.45818772,0.24633908,0.5079857,-0.47784274,0.50338471,0.5101183
0.28746059,0.4583157,0.2463396,0.50798619,-0.47783922,0.50339146,0.51011445
0.2874498,0.45844364,0.24634011,0.50798668,-0.4778357,0.50339821,0.51011059
0.28743904,0.45857153,0.24634061,0.50798717,-0.47783219,0.50340496,0.51010674
0.28742832,0.45869937,0.24634112,0.50798766,-0.47782866,0.50341171,0.51010288
0.28741762,0.45882716,0.24634162,0.50798815,-0.47782514,0.50341847,0.51009903
0.28740696,0.45895491,0.24634212,0.50798864,-0.47782162,0.50342523,0.51009517
0.28739632,0.45908261,0.24634262,0.50798913,-0.47781809,0.50343199,0.51009131
0.28738571,0.45921027,0.24634312,0.50798963,-0.47781456,0.50343876,0.51008744
0.28737514,0.45933787,0.24634361,0.50799012,-0.47781103,0.50344553,0.51008358
0.28736459,0.45946543,0.2463441,0.50799061,-0.4778075,0.5034523,0.51007971
0.28735408,0.45959295,0.24634459,0.5079911,-0.47780397,0.50345908,0.51007584
0.28734359,0.45972041,0.24634508,0.50799159,-0.47780043,0.50346586,0.51007197
0.28733313,0.45984783,0.24634557,0.50799209,-0.4777969,0.50347264,0.5100681
0.2873227,0.45997521,0.24634605,0.50799258,-0.47779336,0.50347942,0.51006423
0.28731231,0.46010253,0.24634653,0.50799307,-0.47778982,0.50348621,0.51006035
0.28730194,0.46022981,0.24634701,0.50799357,-0.47778627,0.503493,0.51005647
0.2872916,0.46035705,0.24634748,0.50799406,-0.47778273,0.5034998,0.51005259
0.28728128,0.46048424,0.24634796,0.50799456,-0.47777918,0.5035066,0.51004871
0.287271,0.46061138,0.24634843,0.50799505,-0.47777564,0.5035134,0.51004483
0.28726075,0.46073847,0.2463489,0.50799555,-0.47777209,0.5035202,0.51004094
0.28725052,0.46086552,0.24634937,0.50799604,-0.47776854,0.50352701,0.51003706
0.28724032,0.46099253,0.24634983,0.50799654,-0.47776498,0.50353382,0.51003317
0.28723015,0.46111948,0.2463503,0.50799703,-0.47776143,0.50354063,0.51002928
0.28722001,0.46124639,0.24635076,0.50799753,-0.47775787,0.50354745,0.51002538
0.2872099,0.46137326,0.24635122,0.50799802,-0.47775431,0.50355427,0.51002149
0.28719982,0.46150008,0.24635168,0.50799852,-0.47775075,0.5035611,0.51001759
0.28718976,0.46162685,0.24635213,0.50799902,-0.47774719,0.50356792,0.51001369
0.28717973,0.46175358,0.24635258,0.50799951,-0.47774363,0.50357475,0.51000979
0.28716973,0.46188026,0.24635304,0.50800001,-0.47774006,0.50358158,0.51000589
0.28715975,0.4620069,0.24635348,0.50800051,-0.4777365,0.50358842,0.51000198
0.28714981,0.46213349,0.24635393,0.50800101,-0.47773293,0.50359526,0.50999808
0.28713989,0.46226004,0.24635438,0.50800151,-0.47772936,0.5036021,0.50999417
0.28713,0.46238654,0.24635482,0.508002,-0.47772579,0.50360895,0.50999026
0.28712013,0.462513,0.24635526,0.5080025,-0.47772221,0.50361579,0.50998635
0.28711029,0.46263941,0.2463557,0.508003,-0.47771864,0.50362265,0.50998244
0.28710048,0.46276577,0.24635613,0.5080035,-0.47771506,0.5036295,0.50997852
0.2870907,0.46289209,0.24635657,0.508004,-0.47771148,0.50363636,0.5099746
0.28708094,0.46301836,0.246357,0.5080045,-0.4777079,0.50364322,0.50997068
0.28707121,0.46314459,0.24635743,0.508005,-0.47770432,0.50365008,0.50996676
0.28706151,0.46327078,0.24635786,0.5080055,-0.47770073,0.50365695,0.50996284
0.28705183,0.46339692,0.24635828,0.508006,-0.47769715,0.50366382,0.50995891
0.28704218,0.46352301,0.24635871,0.5080065,-0.47769356,0.50367069,0.50995499
0.28703255,0.46364906,0.24635913,0.508007,-0.47768997,0.50367757,0.50995106
0.28702295,0.46377507,0.24635955,0.50800751,-0.47768638,0.50368445,0.50994713
0.28701338,0.46390103,0.24635997,0.50800801,-0.47768279,0.50369133,0.50994319
0.28700383,0.46402695,0.24636038,0.50800851,-0.47767919,0.50369822,0.50993926
0.28699431,0.46415282,0.2463608,0.50800901,-0.4776756,0.5037051,0.50993532
0.28698482,0.46427864,0.24636121,0.50800951,-0.477672,0.503712,0.50993139
0.28697535,0.46440443,0.24636162,0.50801002,-0.4776684,0.50371889,0.50992745
0.2869659,0.46453016,0.24636203,0.50801052,-0.4776648,0.50372579,0.5099235
0.28695648,0.46465586,0.24636244,0.50801102,-0.4776612,0.50373269,0.50991956
0.28694709,0.46478151,0.24636284,0.50801153,-0.47765759,0.50373959,0.50991561
0.28693772,0.46490711,0.24636324,0.50801203,-0.47765398,0.5037465,0.50991167
0.28692837,0.46503267,0.24636364,0.50801254,-0.47765038,0.50375341,0.50990772
0.28691905,0.46515819,0.24636404,0.50801304,-0.47764677,0.50376033,0.50990377
0.28690976,0.46528366,0.24636444,0.50801355,-0.47764316,0.50376724,0.50989981
0.28690049,0.46540909,0.24636483,0.50801405,-0.47763954,0.50377416,0.50989586
0.28689124,0.46553448,0.24636523,0.50801456,-0.47763593,0.50378108,0.5098919
0.28688202,0.46565982,0.24636562,0.50801506,-0.47763231,0.50378801,0.50988794
0.28687282,0.46578511,0.24636601,0.50801557,-0.47762869,0.50379494,0.50988398
0.28686365,0.46591037,0.24636639,0.50801607,-0.47762507,0.50380187,0.50988002
0.2868545,0.46603558,0.24636678,0.50801658,-0.47762145,0.50380881,0.50987605
0.28684538,0.46616074,0.24636716,0.50801709,-0.47761783,0.50381574,0.50987209
0.28683628,0.46628586,0.24636754,0.50801759,-0.4776142,0.50382269,0.50986812
0.2868272,0.46641094,0.24636792,0.5080181,-0.47761058,0.50382963,0.50986415
0.28681815,0.46653598,0.2463683,0.50801861,-0.47760695,0.50383658,0.50986018
0.28680912,0.46666097,0.24636868,0.50801912,-0.47760332,0.50384353,0.5098562
0.28680011,0.46678591,0.24636905,0.50801962,-0.47759969,0.50385048,0.50985223
0.28679113,0.46691082,0.24636943,0.50802013,-0.47759605,0.50385744,0.50984825
0.28678217,0.46703568,0.2463698,0.50802064,-0.47759242,0.5038644,0.50984427
0.28677323,0.4671605,0.24637017,0.50802115,-0.47758878,0.50387136,0.50984029
0.28676432,0.46728527,0.24637053,0.50802166,-0.47758514,0.50387833,0.50983631
0.28675543,0.46741,0.2463709,0.50802217,-0.4775815,0.5038853,0.50983232
0.28674656,0.46753469,0.24637126,0.50802268,-0.47757786,0.50389227,0.50982833
0.28673772,0.46765934,0.24637162,0.50802319,-0.47757422,0.50389924,0.50982434
0.2867289,0.46778394,0.24637198,0.5080237,-0.47757057,0.50390622,0.50982035
0.2867201,0.4679085,0.24637234,0.50802421,-0.47756692,0.5039132,0.50981636
0.28671132,0.46803301,0.2463727,0.50802472,-0.47756328,0.50392019,0.50981237
0.28670257,0.46815749,0.24637305,0.50802523,-0.47755962,0.50392717,0.50980837
0.28669383,0.46828192,0.24637341,0.50802574,-0.47755597,0.50393416,0.50980437
0.28668512,0.46840631,0.24637376,0.50802625,-0.47755232,0.50394116,0.50980037
0.28667644,0.46853065,0.24637411,0.50802677,-0.47754866,0.50394815,0.50979637
0.28666777,0.46865495,0.24637446,0.50802728,-0.47754501,0.50395515,0.50979237
0.28665913,0.46877921,0.2463748,0.50802779,-0.47754135,0.50396215,0.50978836
0.2866505,0.46890343,0.24637515,0.5080283,-0.47753769,0.50396916,0.50978435
0.2866419,0.46902761,0.24637549,0.50802882,-0.47753403,0.50397617,0.50978034
0.28663332,0.46915174,0.24637583,0.50802933,-0.47753036,0.50398318,0.50977633
0.28662476,0.46927583,0.24637617,0.50802984,-0.4775267,0.50399019,0.50977232
0.28661623,0.46939988,0.24637651,0.50803036,-0.47752303,0.50399721,0.5097683
0.28660771,0.46952388,0.24637685,0.50803087,-0.47751936,0.50400423,0.50976428
0.28659922,0.46964784,0.24637718,0.50803138,-0.47751569,0.50401126,0.50976027
0.28659074,0.46977176,0.24637752,0.5080319,-0.47751202,0.50401828,0.50975624
0.28658229,0.46989564,0.24637785,0.50803241,-0.47750835,0.50402531,0.50975222
0.28657386,0.47001948,0.24637818,0.50803293,-0.47750467,0.50403235,0.5097482
0.28656545,0.47014327,0.24637851,0.50803344,-0.477501,0.50403938,0.50974417
0.28655706,0.47026703,0.24637883,0.50803396,-0.47749732,0.50404642,0.50974014
0.28654869,0.47039074,0.24637916,0.50803447,-0.47749364,0.50405346,0.50973611
0.28654034,0.4705144,0.24637948,0.50803499,-0.47748996,0.50406051,0.50973208
0.28653201,0.47063803,0.24637981,0.50803551,-0.47748628,0.50406756,0.50972804
0.2865237,0.47076162,0.24638013,0.50803602,-0.47748259,0.50407461,0.50972401
0.28651541,0.47088516,0.24638045,0.50803654,-0.4774789,0.50408166,0.50971997
0.28650714,0.47100866,0.24638076,0.50803706,-0.47747522,0.50408872,0.50971593
0.2864989,0.47113212,0.24638108,0.50803758,-0.47747153,0.50409578,0.50971189
0.28649067,0.47125554,0.24638139,0.50803809,-0.47746784,0.50410284,0.50970784
0.28648246,0.47137891,0.24638171,0.50803861,-0.47746414,0.50410991,0.5097038
0.28647427,0.47150225,0.24638202,0.50803913,-0.47746045,0.50411698,0.50969975
0.2864661,0.47162554,0.24638233,0.50803965,-0.47745675,0.50412405,0.5096957
0.28645795,0.47174879,0.24638264,0.50804017,-0.47745306,0.50413112,0.50969165
0.28644982,0.471872,0.24638294,0.50804068,-0.47744936,0.5041382,0.5096876
0.2864417,0.47199517,0.24638325,0.5080412,-0.47744566,0.50414528,0.50968354
0.28643361,0.4721183,0.24638355,0.50804172,-0.47744195,0.50415237,0.50967949
0.28642554,0.47224139,0.24638386,0.50804224,-0.47743825,0.50415945,0.50967543
0.28641748,0.47236443,0.24638416,0.50804276,-0.47743454,0.50416654,0.50967137
0.28640944,0.47248743,0.24638446,0.50804328,-0.47743084,0.50417364,0.5096673
0.28640143,0.4726104,0.24638476,0.5080438,-0.47742713,0.50418073,0.50966324
0.28639343,0.47273332,0.24638505,0.50804432,-0.47742342,0.50418783,0.50965917
0.28638545,0.4728562,0.24638535,0.50804485,-0.47741971,0.50419493,0.50965511
0.28637748,0.47297904,0.24638565,0.50804537,-0.47741599,0.50420204,0.50965103
0.28636954,0.47310184,0.24638594,0.50804589,-0.47741228,0.50420915,0.50964696
0.28636162,0.4732246,0.24638623,0.50804641,-0.47740856,0.50421626,0.50964289
0.28635371,0.47334731,0.24638652,0.50804693,-0.47740484,0.50422337,0.50963881
0.28634582,0.47346999,0.24638681,0.50804745,-0.47740112,0.50423049,0.50963474
0.28633795,0.47359262,0.2463871,0.50804798,-0.4773974,0.50423761,0.50963066
0.28633009,0.47371522,0.24638738,0.5080485,-0.47739368,0.50424473,0.50962657
0.28632226,0.47383777,0.24638767,0.50804902,-0.47738995,0.50425186,0.50962249
0.28631444,0.47396029,0.24638795,0.50804955,-0.47738623,0.50425899,0.50961841
0.28630664,0.47408276,0.24638823,0.50805007,-0.4773825,0.50426612,0.50961432
0.28629886,0.47420519,0.24638851,0.50805059,-0.47737877,0.50427326,0.50961023
0.28629109,0.47432758,0.24638879,0.50805112,-0.47737504,0.50428039,0.50960614
0.28628334,0.47444994,0.24638907,0.50805164,-0.47737131,0.50428753,0.50960205
0.28627561,0.47457225,0.24638935,0.50805217,-0.47736757,0.50429468,0.50959795
0.2862679,0.47469452,0.24638963,0.50805269,-0.47736384,0.50430183,0.50959385
0.2862602,0.47481675,0.2463899,0.50805322,-0.4773601,0.50430897,0.50958976
0.28625252,0.47493894,0.24639017,0.50805374,-0.47735636,0.50431613,0.50958566
0.28624486,0.47506109,0.24639045,0.50805427,-0.47735262,0.50432328,0.50958155
0.28623721,0.4751832,0.24639072,0.50805479,-0.47734888,0.50433044,0.50957745
0.28622958,0.47530527,0.24639099,0.50805532,-0.47734514,0.5043376,0.50957334
0.28622197,0.4754273,0.24639125,0.50805585,-0.47734139,0.50434477,0.50956924
0.28621437,0.47554929,0.24639152,0.50805637,-0.47733765,0.50435194,0.50956513
0.28620679,0.47567123,0.24639179,0.5080569,-0.4773339,0.50435911,0.50956101
0.28619923,0.47579314,0.24639205,0.50805743,-0.47733015,0.50436628,0.5095569
0.28619168,0.47591501,0.24639232,0.50805795,-0.4773264,0.50437346,0.50955278
0.28618415,0.47603684,0.24639258,0.50805848,-0.47732265,0.50438064,0.50954867
0.28617663,0.47615863,0.24639284,0.50805901,-0.47731889,0.50438782,0.50954455
0.28616913,0.47628038,0.2463931,0.50805954,-0.47731514,0.504395,0.50954043
0.28616165,0.47640209,0.24639336,0.50806006,-0.47731138,0.50440219,0.5095363
0.28615418,0.47652376,0.24639362,0.50806059,-0.47730762,0.50440938,0.50953218
0.28614673,0.47664539,0.24639387,0.50806112,-0.47730386,0.50441658,0.50952805
0.28613929,0.47676699,0.24639413,0.50806165,-0.4773001,0.50442377,0.50952392
0.28613187,0.47688854,0.24639438,0.50806218,-0.47729634,0.50443097,0.50951979
0.28612446,0.47701005,0.24639464,0.50806271,-0.47729257,0.50443818,0.50951566
0.28611707,0.47713152,0.24639489,0.50806324,-0.47728881,0.50444538,0.50951152
0.28610969,0.47725295,0.24639514,0.50806377,-0.47728504,0.50445259,0.50950739
0.28610233,0.47737435,0.24639539,0.5080643,-0.47728127,0.5044598,0.50950325
0.28609499,0.4774957,0.24639564,0.50806483,-0.4772775,0.50446702,0.50949911
0.28608766,0.47761702,0.24639589,0.50806536,-0.47727373,0.50447424,0.50949497
0.28608034,0.47773829,0.24639613,0.50806589,-0.47726996,0.50448146,0.50949082
0.28607304,0.47785953,0.24639638,0.50806642,-0.47726618,0.50448868,0.50948668
0.28606575,0.47798073,0.24639663,0.50806695,-0.4772624,0.50449591,0.50948253
0.28605848,0.47810188,0.24639687,0.50806749,-0.47725863,0.50450314,0.50947838
0.28605123,0.478223,0.24639711,0.50806802,-0.47725485,0.50451037,0.50947423
0.28604398,0.47834408,0.24639735,0.50806855,-0.47725106,0.5045176,0.50947008
0.28603676,0.47846512,0.24639759,0.50806908,-0.47724728,0.50452484,0.50946592
0.28602954,0.47858613,0.24639783,0.50806961,-0.4772435,0.50453208,0.50946176
0.28602234,0.47870709,0.24639807,0.50807015,-0.47723971,0.50453933,0.5094576
0.28601516,0.47882801,0.24639831,0.50807068,-0.47723593,0.50454657,0.50945344
0.28600798,0.4789489,0.24639855,0.50807121,-0.47723214,0.50455382,0.50944928
0.28600083,0.47906974,0.24639878,0.50807175,-0.47722835,0.50456108,0.50944511
0.28599368,0.47919055,0.24639902,0.50807228,-0.47722456,0.50456833,0.50944095
0.28598655,0.47931132,0.24639925,0.50807282,-0.47722076,0.50457559,0.50943678
0.28597943,0.47943205,0.24639949,0.50807335,-0.47721697,0.50458285,0.50943261
0.28597233,0.47955274,0.24639972,0.50807388,-0.47721317,0.50459012,0.50942844
0.28596524,0.47967339,0.24639995,0.50807442,-0.47720938,0.50459738,0.50942426
0.28595817,0.47979401,0.24640018,0.50807495,-0.47720558,0.50460465,0.50942008
0.2859511,0.47991458,0.24640041,0.50807549,-0.47720178,0.50461193,0.50941591
0.28594405,0.48003512,0.24640064,0.50807602,-0.47719798,0.5046192,0.50941173
0.28593702,0.48015562,0.24640087,0.50807656,-0.47719417,0.50462648,0.50940754
0.28593,0.48027608,0.24640109,0.5080771,-0.47719037,0.50463376,0.50940336
0.28592299,0.4803965,0.24640132,0.50807763,-0.47718656,0.50464105,0.50939917
0.28591599,0.48051688,0.24640154,0.50807817,-0.47718275,0.50464833,0.50939499
0.285909,0.48063723,0.24640177,0.5080787,-0.47717895,0.50465562,0.5093908
0.28590203,0.48075753,0.24640199,0.50807924,-0.47717514,0.50466292,0.50938661
0.28589507,0.4808778,0.24640221,0.50807978,-0.47717132,0.50467021,0.50938241
0.28588813,0.48099803,0.24640243,0.50808032,-0.47716751,0.50467751,0.50937822
0.28588119,0.48111822,0.24640266,0.50808085,-0.4771637,0.50468481,0.50937402
0.28587427,0.48123838,0.24640288,0.50808139,-0.47715988,0.50469212,0.50936982
0.28586736,0.48135849,0.2464031,0.50808193,-0.47715606,0.50469943,0.50936562
0.28586047,0.48147857,0.24640331,0.50808247,-0.47715224,0.50470674,0.50936142
0.28585358,0.48159861,0.24640353,0.50808301,-0.47714842,0.50471405,0.50935721
0.28584671,0.48171861,0.24640375,0.50808354,-0.4771446,0.50472137,0.509353
0.28583985,0.48183858,0.24640396,0.50808408,-0.47714078,0.50472869,0.5093488
0.285833,0.4819585,0.24640418,0.50808462,-0.47713695,0.50473601,0.50934458
0.28582617,0.48207839,0.24640439,0.50808516,-0.47713313,0.50474333,0.50934037
0.28581934,0.48219824,0.24640461,0.5080857,-0.4771293,0.50475066,0.50933616
0.28581253,0.48231805,0.24640482,0.50808624,-0.47712547,0.50475799,0.50933194
0.28580573,0.48243783,0.24640503,0.50808678,-0.47712164,0.50476532,0.50932772
0.28579894,0.48255756,0.24640524,0.50808732,-0.47711781,0.50477266,0.5093235
0.28579216,0.48267726,0.24640546,0.50808786,-0.47711398,0.50478,0.50931928
0.2857854,0.48279692,0.24640567,0.5080884,-0.47711014,0.50478734,0.50931506
0.28577864,0.48291655,0.24640587,0.50808894,-0.47710631,0.50479469,0.50931083
0.2857719,0.48303613,0.24640608,0.50808948,-0.47710247,0.50480203,0.5093066
0.28576517,0.48315568,0.24640629,0.50809002,-0.47709863,0.50480938,0.50930237
0.28575845,0.48327519,0.2464065,0.50809057,-0.47709479,0.50481674,0.50929814
0.28575174,0.48339467,0.24640671,0.50809111,-0.47709095,0.50482409,0.50929391
0.28574504,0.4835141,0.24640691,0.50809165,-0.47708711,0.50483145,0.50928967
0.28573835,0.4836335,0.24640712,0.50809219,-0.47708326,0.50483882,0.50928544
0.28573167,0.48375286,0.24640732,0.50809273,-0.47707942,0.50484618,0.5092812
0.28572501,0.48387219,0.24640753,0.50809328,-0.47707557,0.50485355,0.50927695
0.28571835,0.48399147,0.24640773,0.50809382,-0.47707172,0.50486092,0.50927271
0.28571171,0.48411072,0.24640793,0.50809436,-0.47706787,0.50486829,0.50926847
0.28570507,0.48422993,0.24640813,0.5080949,-0.47706402,0.50487567,0.50926422
0.28569845,0.48434911,0.24640834,0.50809545,-0.47706017,0.50488305,0.50925997
0.28569184,0.48446825,0.24640854,0.50809599,-0.47705632,0.50489043,0.50925572
0.28568523,0.48458735,0.24640874,0.50809654,-0.47705246,0.50489781,0.50925147
0.28567864,0.48470641,0.24640894,0.50809708,-0.47704861,0.5049052,0.50924721
0.28567206,0.48482544,0.24640913,0.50809762,-0.47704475,0.50491259,0.50924296
0.28566549,0.48494443,0.24640933,0.50809817,-0.47704089,0.50491998,0.5092387
0.28565892,0.48506338,0.24640953,0.50809871,-0.47703703,0.50492738,0.50923444
0.28565237,0.4851823,0.24640973,0.50809926,-0.47703317,0.50493478,0.50923018
0.28564583,0.48530118,0.24640993,0.5080998,-0.4770293,0.50494218,0.50922591
0.2856393,0.48542002,0.24641012,0.50810035,-0.47702544,0.50494958,0.50922164
0.28563278,0.48553883,0.24641032,0.50810089,-0.47702157,0.50495699,0.50921738
0.28562626,0.48565759,0.24641051,0.50810144,-0.47701771,0.5049644,0.50921311
0.28561976,0.48577633,0.24641071,0.50810198,-0.47701384,0.50497181,0.50920883
0.28561327,0.48589502,0.2464109,0.50810253,-0.47700997,0.50497923,0.50920456
0.28560678,0.48601368,0.24641109,0.50810308,-0.4770061,0.50498665,0.50920029
0.28560031,0.4861323,0.24641129,0.50810362,-0.47700223,0.50499407,0.50919601
0.28559384,0.48625089,0.24641148,0.50810417,-0.47699835,0.50500149,0.50919173
0.28558739,0.48636943,0.24641167,0.50810472,-0.47699448,0.50500892,0.50918745
0.28558094,0.48648795,0.24641186,0.50810526,-0.4769906,0.50501635,0.50918316
0.28557451,0.48660642,0.24641205,0.50810581,-0.47698672,0.50502378,0.50917888
0.28556808,0.48672486,0.24641224,0.50810636,-0.47698284,0.50503122,0.50917459
0.28556166,0.48684326,0.24641243,0.50810691,-0.47697896,0.50503866,0.5091703
0.28555525,0.48696163,0.24641262,0.50810745,-0.47697508,0.5050461,0.50916601
0.28554885,0.48707996,0.24641281,0.508108,-0.4769712,0.50505354,0.50916172
0.28554246,0.48719825,0.246413,0.50810855,-0.47696731,0.50506099,0.50915742
0.28553607,0.48731651,0.24641319,0.5081091,-0.47696343,0.50506844,0.50915313
0.2855297,0.48743473,0.24641338,0.50810965,-0.47695954,0.50507589,0.50914883
0.28552333,0.48755291,0.24641356,0.5081102,-0.47695565,0.50508334,0.50914453
0.28551698,0.48767106,0.24641375,0.50811074,-0.47695177,0.5050908,0.50914022
0.28551063,0.48778917,0.24641394,0.50811129,-0.47694787,0.50509826,0.50913592
0.28550429,0.48790725,0.24641412,0.50811184,-0.47694398,0.50510572,0.50913161
0.28549796,0.48802529,0.24641431,0.50811239,-0.47694009,0.50511319,0.5091273
0.28549163,0.48814329,0.24641449,0.50811294,-0.4769362,0.50512066,0.50912299
0.28548532,0.48826126,0.24641468,0.50811349,-0.4769323,0.50512813,0.50911868
0.28547901,0.48837919,0.24641486,0.50811404,-0.4769284,0.5051356,0.50911437
0.28547272,0.48849709,0.24641504,0.50811459,-0.4769245,0.50514308,0.50911005
0.28546643,0.48861495,0.24641523,0.50811514,-0.47692061,0.50515056,0.50910573
0.28546014,0.48873277,0.24641541,0.50811569,-0.4769167,0.50515804,0.50910141
0.28545387,0.48885056,0.24641559,0.50811625,-0.4769128,0.50516553,0.50909709
0.2854476,0.48896831,0.24641577,0.5081168,-0.4769089,0.50517302,0.50909277
0.28544135,0.48908603,0.24641596,0.50811735,-0.47690499,0.50518051,0.50908844
0.28543509,0.48920371,0.24641614,0.5081179,-0.47690109,0.505188,0.50908411
0.28542885,0.48932135,0.24641632,0.50811845,-0.47689718,0.5051955,0.50907978
0.28542262,0.48943896,0.2464165,0.508119,-0.47689327,0.505203,0.50907545
0.28541639,0.48955654,0.24641668,0.50811955,-0.47688936,0.5052105,0.50907112
0.28541017,0.48967407,0.24641686,0.50812011,-0.47688545,0.505218,0.50906678
0.28540396,0.48979158,0.24641704,0.50812066,-0.47688154,0.50522551,0.50906245
0.28539775,0.48990904,0.24641722,0.50812121,-0.47687763,0.50523302,0.50905811
0.28539156,0.49002647,0.2464174,0.50812176,-0.47687371,0.50524053,0.50905377
0.28538537,0.49014387,0.24641758,0.50812232,-0.4768698,0.50524805,0.50904942
0.28537918,0.49026123,0.24641775,0.50812287,-0.47686588,0.50525557,0.50904508
0.28537301,0.49037855,0.24641793,0.50812342,-0.47686196,0.50526309,0.50904073
0.28536684,0.49049584,0.24641811,0.50812398,-0.47685804,0.50527061,0.50903638
0.28536068,0.49061309,0.24641829,0.50812453,-0.47685412,0.50527814,0.50903203
0.28535453,0.49073031,0.24641846,0.50812508,-0.4768502,0.50528567,0.50902768
0.28534838,0.49084749,0.24641864,0.50812564,-0.47684628,0.5052932,0.50902332
0.28534224,0.49096464,0.24641882,0.50812619,-0.47684236,0.50530074,0.50901897
0.28533611,0.49108175,0.24641899,0.50812675,-0.47683843,0.50530827,0.50901461
0.28532998,0.49119883,0.24641917,0.5081273,-0.4768345,0.50531581,0.50901025
0.28532386,0.49131587,0.24641934,0.50812785,-0.47683058,0.50532336,0.50900588
0.28531775,0.49143288,0.24641952,0.50812841,-0.47682665,0.5053309,0.50900152
0.28531164,0.49154985,0.24641969,0.50812896,-0.47682272,0.50533845,0.50899715
0.28530554,0.49166678,0.24641987,0.50812952,-0.47681879,0.505346,0.50899279
0.28529945,0.49178368,0.24642004,0.50813007,-0.47681485,0.50535356,0.50898841
0.28529337,0.49190055,0.24642022,0.50813063,-0.47681092,0.50536111,0.50898404
0.28528729,0.49201738,0.24642039,0.50813119,-0.47680698,0.50536867,0.50897967
0.28528121,0.49213417,0.24642056,0.50813174,-0.47680305,0.50537623,0.50897529
0.28527515,0.49225093,0.24642074,0.5081323,-0.47679911,0.5053838,0.50897091
0.28526909,0.49236766,0.24642091,0.50813285,-0.47679517,0.50539137,0.50896653
0.28526303,0.49248435,0.24642108,0.50813341,-0.47679123,0.50539894,0.50896215
0.28525698,0.492601,0.24642126,0.50813397,-0.47678729,0.50540651,0.50895777
0.28525094,0.49271763,0.24642143,0.50813452,-0.47678335,0.50541409,0.50895338
0.28524491,0.49283421,0.2464216,0.50813508,-0.47677941,0.50542166,0.508949
0.28523888,0.49295076,0.24642177,0.50813564,-0.47677546,0.50542924,0.50894461
0.28523285,0.49306728,0.24642194,0.50813619,-0.47677152,0.50543683,0.50894021
0.28522684,0.49318376,0.24642212,0.50813675,-0.47676757,0.50544441,0.50893582
0.28522082,0.49330021,0.24642229,0.50813731,-0.47676362,0.505452,0.50893142
0.28521482,0.49341662,0.24642246,0.50813787,-0.47675968,0.5054596,0.50892703
0.28520882,0.49353299,0.24642263,0.50813842,-0.47675573,0.50546719,0.50892263
0.28520282,0.49364934,0.2464228,0.50813898,-0.47675177,0.50547479,0.50891823
0.28519684,0.49376564,0.24642297,0.50813954,-0.47674782,0.50548239,0.50891382
0.28519085,0.49388192,0.24642314,0.5081401,-0.47674387,0.50548999,0.50890942
0.28518488,0.49399816,0.24642331,0.50814065,-0.47673991,0.5054976,0.50890501
0.2851789,0.49411436,0.24642348,0.50814121,-0.47673596,0.5055052,0.5089006
0.28517294,0.49423053,0.24642365,0.50814177,-0.476732,0.50551281,0.50889619
0.28516698,0.49434666,0.24642382,0.50814233,-0.47672804,0.50552043,0.50889178
0.28516102,0.49446276,0.24642399,0.50814289,-0.47672409,0.50552804,0.50888736
0.28515507,0.49457883,0.24642416,0.50814345,-0.47672013,0.50553566,0.50888295
0.28514913,0.49469486,0.24642432,0.50814401,-0.47671616,0.50554328,0.50887853
0.28514319,0.49481086,0.24642449,0.50814457,-0.4767122,0.50555091,0.50887411
0.28513726,0.49492682,0.24642466,0.50814513,-0.47670824,0.50555853,0.50886968
0.28513133,0.49504275,0.24642483,0.50814569,-0.47670427,0.50556616,0.50886526
0.2851254,0.49515864,0.246425,0.50814625,-0.47670031,0.5055738,0.50886083
0.28511948,0.4952745,0.24642517,0.50814681,-0.47669634,0.50558143,0.5088564
0.28511357,0.49539033,0.24642533,0.50814737,-0.47669238,0.50558907,0.50885197
0.28510766,0.49550612,0.2464255,0.50814793,-0.47668841,0.50559671,0.50884754
0.28510176,0.49562188,0.24642567,0.50814849,-0.47668444,0.50560435,0.5088431
0.28509586,0.4957376,0.24642584,0.50814905,-0.47668047,0.505612,0.50883867
0.28508997,0.49585329,0.246426,0.50814961,-0.47667649,0.50561964,0.50883423
0.28508408,0.49596894,0.24642617,0.50815017,-0.47667252,0.50562729,0.50882979
0.28507819,0.49608456,0.24642634,0.50815073,-0.47666855,0.50563495,0.50882535
0.28507232,0.49620015,0.2464265,0.50815129,-0.47666457,0.5056426,0.5088209
0.28506644,0.4963157,0.24642667,0.50815185,-0.47666059,0.50565026,0.50881646
0.28506057,0.49643122,0.24642684,0.50815241,-0.47665662,0.50565792,0.50881201
0.28505471,0.4965467,0.246427,0.50815297,-0.47665264,0.50566559,0.50880756
0.28504885,0.49666216,0.24642717,0.50815353,-0.47664866,0.50567325,0.50880311
0.28504299,0.49677757,0.24642733,0.5081541,-0.47664468,0.50568092,0.50879865
0.28503714,0.49689295,0.2464275,0.50815466,-0.4766407,0.50568859,0.5087942
0.28503129,0.4970083,0.24642767,0.50815522,-0.47663671,0.50569627,0.50878974
0.28502545,0.49712362,0.24642783,0.50815578,-0.47663273,0.50570395,0.50878528
0.28501961,0.4972389,0.246428,0.50815634,-0.47662875,0.50571163,0.50878082
0.28501378,0.49735414,0.24642816,0.50815691,-0.47662476,0.50571931,0.50877635
0.28500795,0.49746936,0.24642833,0.50815747,-0.47662077,0.50572699,0.50877189
0.28500212,0.49758454,0.24642849,0.50815803,-0.47661679,0.50573468,0.50876742
0.2849963,0.49769968,0.24642866,0.50815859,-0.4766128,0.50574237,0.50876295
0.28499048,0.49781479,0.24642882,0.50815916,-0.47660881,0.50575006,0.50875848
0.28498467,0.49792987,0.24642899,0.50815972,-0.47660482,0.50575776,0.508754
0.28497886,0.49804492,0.24642915,0.50816028,-0.47660082,0.50576546,0.50874953
0.28497306,0.49815993,0.24642932,0.50816085,-0.47659683,0.50577316,0.50874505
0.28496725,0.4982749,0.24642948,0.50816141,-0.47659284,0.50578086,0.50874057
0.28496146,0.49838985,0.24642964,0.50816197,-0.47658884,0.50578857,0.50873609
0.28495566,0.49850476,0.24642981,0.50816254,-0.47658485,0.50579628,0.50873161
0.28494988,0.49861963,0.24642997,0.5081631,-0.47658085,0.50580399,0.50872712
0.28494409,0.49873448,0.24643014,0.50816366,-0.47657685,0.5058117,0.50872263
0.28493831,0.49884929,0.2464303,0.50816423,-0.47657285,0.50581942,0.50871814
0.28493253,0.49896406,0.24643046,0.50816479,-0.47656885,0.50582714,0.50871365
0.28492676,0.4990788,0.24643063,0.50816536,-0.47656485,0.50583486,0.50870916
0.28492099,0.49919351,0.24643079,0.50816592,-0.47656085,0.50584258,0.50870466
0.28491522,0.49930819,0.24643095,0.50816648,-0.47655685,0.50585031,0.50870017
0.28490946,0.49942283,0.24643112,0.50816705,-0.47655284,0.50585804,0.50869567
0.2849037,0.49953744,0.24643128,0.50816761,-0.47654884,0.50586577,0.50869116
0.28489795,0.49965201,0.24643144,0.50816818,-0.47654483,0.50587351,0.50868666
0.28489219,0.49976656,0.24643161,0.50816874,-0.47654083,0.50588124,0.50868216
0.28488644,0.49988106,0.24643177,0.50816931,-0.47653682,0.50588898,0.50867765
0.2848807,0.49999554,0.24643193,0.50816987,-0.47653281,0.50589673,0.50867314
0.28487496,0.50010998,0.24643209,0.50817044,-0.4765288,0.50590447,0.50866863
0.28486922,0.50022439,0.24643226,0.508171,-0.47652479,0.50591222,0.50866412
0.28486349,0.50033877,0.24643242,0.50817157,-0.47652078,0.50591997,0.5086596
0.28485775,0.50045311,0.24643258,0.50817213,-0.47651677,0.50592772,0.50865508
0.28485203,0.50056742,0.24643274,0.5081727,-0.47651275,0.50593548,0.50865056
0.2848463,0.50068169,0.24643291,0.50817326,-0.47650874,0.50594324,0.50864604
0.28484058,0.50079594,0.24643307,0.50817383,-0.47650472,0.505951,0.50864152
0.28483486,0.50091015,0.24643323,0.5081744,-0.47650071,0.50595876,0.508637
0.28482915,0.50102432,0.24643339,0.50817496,-0.47649669,0.50596653,0.50863247
0.28482343,0.50113847,0.24643355,0.50817553,-0.47649267,0.50597429,0.50862794
0.28481772,0.50125258,0.24643371,0.50817609,-0.47648865,0.50598207,0.50862341
0.28481202,0.50136665,0.24643388,0.50817666,-0.47648463,0.50598984,0.50861888
0.28480632,0.5014807,0.24643404,0.50817723,-0.47648061,0.50599762,0.50861434
0.28480062,0.50159471,0.2464342,0.50817779,-0.47647659,0.50600539,0.5086098
0.28479492,0.50170869,0.24643436,0.50817836,-0.47647257,0.50601317,0.50860526
0.28478923,0.50182263,0.24643452,0.50817892,-0.47646854,0.50602096,0.50860072
0.28478353,0.50193655,0.24643468,0.50817949,-0.47646452,0.50602875,0.50859618
0.28477785,0.50205043,0.24643484,0.50818006,-0.47646049,0.50603653,0.50859164
0.28477216,0.50216427,0.246435,0.50818062,-0.47645647,0.50604433,0.50858709
0.28476648,0.50227809,0.24643517,0.50818119,-0.47645244,0.50605212,0.50858254
0.2847608,0.50239187,0.24643533,0.50818176,-0.47644841,0.50605992,0.50857799
0.28475512,0.50250562,0.24643549,0.50818233,-0.47644438,0.50606772,0.50857344
0.28474945,0.50261933,0.24643565,0.50818289,-0.47644035,0.50607552,0.50856888
0.28474378,0.50273301,0.24643581,0.50818346,-0.47643632,0.50608332,0.50856433
0.28473811,0.50284666,0.24643597,0.50818403,-0.47643229,0.50609113,0.50855977
0.28473244,0.50296028,0.24643613,0.50818459,-0.47642826,0.50609894,0.50855521
0.28472678,0.50307387,0.24643629,0.50818516,-0.47642423,0.50610675,0.50855064
0.28472112,0.50318742,0.24643645,0.50818573,-0.47642019,0.50611456,0.50854608
0.28471546,0.50330094,0.24643661,0.5081863,-0.47641616,0.50612238,0.50854151
0.2847098,0.50341442,0.24643677,0.50818686,-0.47641212,0.5061302,0.50853694
0.28470415,0.50352788,0.24643693,0.50818743,-0.47640808,0.50613802,0.50853237
0.2846985,0.5036413,0.24643709,0.508188,-0.47640405,0.50614585,0.5085278
0.28469285,0.50375469,0.24643725,0.50818857,-0.47640001,0.50615367,0.50852323
0.28468721,0.50386804,0.24643741,0.50818914,-0.47639597,0.5061615,0.50851865
0.28468156,0.50398137,0.24643757,0.5081897,-0.47639193,0.50616934,0.50851407
0.28467592,0.50409466,0.24643773,0.50819027,-0.47638789,0.50617717,0.50850949
0.28467028,0.50420792,0.24643788,0.50819084,-0.47638385,0.50618501,0.50850491
0.28466465,0.50432114,0.24643804,0.50819141,-0.4763798,0.50619285,0.50850032
0.28465901,0.50443433,0.2464382,0.50819198,-0.47637576,0.50620069,0.50849574
0.28465338,0.5045475,0.24643836,0.50819254,-0.47637171,0.50620853,0.50849115
0.28464775,0.50466062,0.24643852,0.50819311,-0.47636767,0.50621638,0.50848656
0.28464213,0.50477372,0.24643868,0.50819368,-0.47636362,0.50622423,0.50848196
0.2846365,0.50488678,0.24643884,0.50819425,-0.47635958,0.50623208,0.50847737
0.28463088,0.50499981,0.246439,0.50819482,-0.47635553,0.50623994,0.50847277
0.28462526,0.50511281,0.24643915,0.50819539,-0.47635148,0.5062478,0.50846817
0.28461964,0.50522578,0.24643931,0.50819596,-0.47634743,0.50625566,0.50846357
0.28461402,0.50533871,0.24643947,0.50819652,-0.47634338,0.50626352,0.50845897
0.28460841,0.50545162,0.24643963,0.50819709,-0.47633933,0.50627138,0.50845437
0.2846028,0.50556448,0.24643979,0.50819766,-0.47633528,0.50627925,0.50844976
0.28459719,0.50567732,0.24643994,0.50819823,-0.47633123,0.50628712,0.50844515
0.28459158,0.50579013,0.2464401,0.5081988,-0.47632717,0.50629499,0.50844054
0.28458597,0.5059029,0.24644026,0.50819937,-0.47632312,0.50630287,0.50843593
0.28458037,0.50601564,0.24644042,0.50819994,-0.47631906,0.50631074,0.50843131
0.28457477,0.50612835,0.24644057,0.50820051,-0.47631501,0.50631862,0.5084267
0.28456917,0.50624102,0.24644073,0.50820108,-0.47631095,0.50632651,0.50842208
0.28456357,0.50635367,0.24644089,0.50820165,-0.4763069,0.50633439,0.50841746
0.28455798,0.50646628,0.24644105,0.50820222,-0.47630284,0.50634228,0.50841283
0.28455238,0.50657886,0.2464412,0.50820279,-0.47629878,0.50635017,0.50840821
0.28454679,0.5066914,0.24644136,0.50820335,-0.47629472,0.50635806,0.50840358
0.2845412,0.50680392,0.24644152,0.50820392,-0.47629066,0.50636596,0.50839895
0.28453561,0.5069164,0.24644167,0.50820449,-0.4762866,0.50637385,0.50839432
0.28453002,0.50702885,0.24644183,0.50820506,-0.47628254,0.50638175,0.50838969
0.28452444,0.50714127,0.24644199,0.50820563,-0.47627847,0.50638966,0.50838506
0.28451886,0.50725366,0.24644214,0.5082062,-0.47627441,0.50639756,0.50838042
0.28451327,0.50736601,0.2464423,0.50820677,-0.47627035,0.50640547,0.50837578
0.28450769,0.50747834,0.24644245,0.50820734,-0.47626628,0.50641338,0.50837114
0.28450212,0.50759063,0.24644261,0.50820791,-0.47626222,0.50642129,0.5083665
0.28449654,0.50770288,0.24644276,0.50820848,-0.47625815,0.5064292,0.50836185
0.28449097,0.50781511,0.24644292,0.50820905,-0.47625409,0.50643712,0.50835721
0.28448539,0.50792731,0.24644308,0.50820962,-0.47625002,0.50644504,0.50835256
0.28447982,0.50803947,0.24644323,0.50821019,-0.47624595,0.50645296,0.50834791
0.28447425,0.5081516,0.24644339,0.50821076,-0.47624188,0.50646089,0.50834325
0.28446868,0.5082637,0.24644354,0.50821133,-0.47623781,0.50646881,0.5083386
0.28446312,0.50837576,0.24644369,0.5082119,-0.47623374,0.50647674,0.50833394
0.28445755,0.5084878,0.24644385,0.50821247,-0.47622967,0.50648468,0.50832928
0.28445199,0.5085998,0.246444,0.50821304,-0.4762256,0.50649261,0.50832462
0.28444643,0.50871177,0.24644416,0.50821361,-0.47622153,0.50650055,0.50831996
0.28444087,0.50882371,0.24644431,0.50821418,-0.47621745,0.50650849,0.50831529
0.28443531,0.50893562,0.24644447,0.50821475,-0.47621338,0.50651643,0.50831063
0.28442975,0.5090475,0.24644462,0.50821532,-0.4762093,0.50652437,0.50830596
0.2844242,0.50915934,0.24644477,0.50821589,-0.47620523,0.50653232,0.50830129
0.28441864,0.50927115,0.24644493,0.50821646,-0.47620115,0.50654027,0.50829661
0.28441309,0.50938293,0.24644508,0.50821703,-0.47619708,0.50654822,0.50829194
0.28440754,0.50949468,0.24644523,0.5082176,-0.476193,0.50655617,0.50828726
0.28440199,0.5096064,0.24644539,0.50821817,-0.47618892,0.50656413,0.50828258
0.28439644,0.50971808,0.24644554,0.50821874,-0.47618484,0.50657209,0.5082779
0.28439089,0.50982974,0.24644569,0.50821931,-0.47618076,0.50658005,0.50827322
0.28438535,0.50994136,0.24644584,0.50821988,-0.47617668,0.50658801,0.50826853
0.2843798,0.51005295,0.246446,0.50822045,-0.4761726,0.50659598,0.50826385
0.28437426,0.51016451,0.24644615,0.50822102,-0.47616852,0.50660395,0.50825916
0.28436872,0.51027603,0.2464463,0.50822159,-0.47616444,0.50661192,0.50825447
0.28436318,0.51038753,0.24644645,0.50822216,-0.47616036,0.50661989,0.50824977
0.28435764,0.51049899,0.2464466,0.50822273,-0.47615627,0.50662787,0.50824508
0.2843521,0.51061042,0.24644676,0.5082233,-0.47615219,0.50663585,0.50824038
0.28434657,0.51072182,0.24644691,0.50822387,-0.47614811,0.50664383,0.50823568
0.28434103,0.51083319,0.24644706,0.50822444,-0.47614402,0.50665181,0.50823098
0.2843355,0.51094453,0.24644721,0.50822502,-0.47613994,0.5066598,0.50822627
0.28432996,0.51105583,0.24644736,0.50822559,-0.47613585,0.50666778,0.50822157
0.28432443,0.51116711,0.24644751,0.50822616,-0.47613176,0.50667578,0.50821686
0.2843189,0.51127835,0.24644766,0.50822673,-0.47612767,0.50668377,0.50821215
0.28431337,0.51138956,0.24644781,0.5082273,-0.47612359,0.50669176,0.50820744
0.28430785,0.51150074,0.24644796,0.50822787,-0.4761195,0.50669976,0.50820273
0.28430232,0.51161188,0.24644811,0.50822844,-0.47611541,0.50670776,0.50819801
0.2842968,0.511723,0.24644826,0.50822901,-0.47611132,0.50671576,0.50819329
0.28429127,0.51183408,0.24644841,0.50822958,-0.47610723,0.50672377,0.50818857
0.28428575,0.51194514,0.24644856,0.50823015,-0.47610314,0.50673178,0.50818385
0.28428023,0.51205616,0.24644871,0.50823072,-0.47609905,0.50673979,0.50817913
0.28427471,0.51216715,0.24644885,0.50823129,-0.47609495,0.5067478,0.5081744
0.28426919,0.51227811,0.246449,0.50823186,-0.47609086,0.50675581,0.50816967
0.28426367,0.51238903,0.24644915,0.50823243,-0.47608677,0.50676383,0.50816494
0.28425815,0.51249993,0.2464493,0.508233,-0.47608267,0.50677185,0.50816021
0.28425264,0.51261079,0.24644945,0.50823357,-0.47607858,0.50677987,0.50815548
0.28424712,0.51272162,0.24644959,0.50823414,-0.47607448,0.50678789,0.50815074
0.28424161,0.51283243,0.24644974,0.50823471,-0.47607039,0.50679592,0.508146
0.2842361,0.5129432,0.24644989,0.50823528,-0.47606629,0.50680395,0.50814126
0.28423059,0.51305393,0.24645003,0.50823585,-0.47606219,0.50681198,0.50813652
0.28422508,0.51316464,0.24645018,0.50823642,-0.4760581,0.50682001,0.50813178
0.28421957,0.51327532,0.24645033,0.50823699,-0.476054,0.50682805,0.50812703
0.28421406,0.51338596,0.24645047,0.50823756,-0.4760499,0.50683609,0.50812228
0.28420855,0.51349657,0.24645062,0.50823813,-0.4760458,0.50684413,0.50811753
0.28420304,0.51360715,0.24645076,0.5082387,-0.4760417,0.50685217,0.50811278
0.28419754,0.5137177,0.24645091,0.50823927,-0.4760376,0.50686022,0.50810802
0.28419204,0.51382822,0.24645105,0.50823984,-0.4760335,0.50686827,0.50810327
0.28418653,0.51393871,0.2464512,0.50824041,-0.4760294,0.50687632,0.50809851
0.28418103,0.51404917,0.24645134,0.50824098,-0.4760253,0.50688437,0.50809375
0.28417553,0.51415959,0.24645149,0.50824155,-0.4760212,0.50689242,0.50808899
0.28417003,0.51426999,0.24645163,0.50824212,-0.47601709,0.50690048,0.50808422
0.28416453,0.51438035,0.24645177,0.50824269,-0.47601299,0.50690854,0.50807945
0.28415903,0.51449068,0.24645192,0.50824326,-0.47600889,0.5069166,0.50807468
0.28415354,0.51460098,0.24645206,0.50824383,-0.47600478,0.50692467,0.50806991
0.28414804,0.51471125,0.2464522,0.5082444,-0.47600068,0.50693273,0.50806514
0.28414255,0.51482148,0.24645235,0.50824497,-0.47599657,0.5069408,0.50806037
0.28413705,0.51493169,0.24645249,0.50824554,-0.47599247,0.50694887,0.50805559
0.28413156,0.51504186,0.24645263,0.50824611,-0.47598836,0.50695695,0.50805081
0.28412607,0.51515201,0.24645277,0.50824668,-0.47598425,0.50696502,0.50804603
0.28412058,0.51526212,0.24645291,0.50824725,-0.47598015,0.5069731,0.50804124
0.28411509,0.5153722,0.24645305,0.50824782,-0.47597604,0.50698118,0.50803646
0.2841096,0.51548225,0.2464532,0.50824839,-0.47597193,0.50698927,0.50803167
0.28410411,0.51559227,0.24645334,0.50824896,-0.47596782,0.50699735,0.50802688
0.28409862,0.51570226,0.24645348,0.50824953,-0.47596371,0.50700544,0.50802209
0.28409313,0.51581221,0.24645362,0.5082501,-0.4759596,0.50701353,0.5080173
0.28408765,0.51592214,0.24645376,0.50825067,-0.47595549,0.50702162,0.5080125
0.28408217,0.51603203,0.2464539,0.50825124,-0.47595138,0.50702972,0.5080077
0.28407668,0.51614189,0.24645403,0.5082518,-0.47594727,0.50703782,0.5080029
0.2840712,0.51625172,0.24645417,0.50825237,-0.47594316,0.50704591,0.5079981
0.28406572,0.51636152,0.24645431,0.50825294,-0.47593905,0.50705402,0.5079933
0.28406024,0.51647129,0.24645445,0.50825351,-0.47593494,0.50706212,0.50798849
0.28405476,0.51658103,0.24645459,0.50825408,-0.47593083,0.50707023,0.50798368
0.28404928,0.51669074,0.24645472,0.50825465,-0.47592671,0.50707834,0.50797887
0.2840438,0.51680041,0.24645486,0.50825522,-0.4759226,0.50708645,0.50797406
0.28403832,0.51691006,0.246455,0.50825579,-0.47591849,0.50709456,0.50796925
0.28403285,0.51701967,0.24645514,0.50825636,-0.47591437,0.50710268,0.50796443
0.28402737,0.51712925,0.24645527,0.50825693,-0.47591026,0.5071108,0.50795961
0.2840219,0.5172388,0.24645541,0.50825749,-0.47590614,0.50711892,0.50795479
0.28401642,0.51734832,0.24645554,0.50825806,-0.47590203,0.50712704,0.50794997
0.28401095,0.51745781,0.24645568,0.50825863,-0.47589791,0.50713516,0.50794514
0.28400548,0.51756727,0.24645581,0.5082592,-0.47589379,0.50714329,0.50794032
0.28400001,0.51767669,0.24645595,0.50825977,-0.47588968,0.50715142,0.50793549
0.28399454,0.51778609,0.24645608,0.50826034,-0.47588556,0.50715955,0.50793066
0.28398907,0.51789545,0.24645621,0.5082609,-0.47588144,0.50716769,0.50792582
0.2839836,0.51800479,0.24645635,0.50826147,-0.47587732,0.50717583,0.50792099
0.28397814,0.51811409,0.24645648,0.50826204,-0.47587321,0.50718396,0.50791615
0.28397267,0.51822336,0.24645661,0.50826261,-0.47586909,0.50719211,0.50791131
0.28396721,0.5183326,0.24645675,0.50826318,-0.47586497,0.50720025,0.50790647
0.28396174,0.51844181,0.24645688,0.50826374,-0.47586085,0.5072084,0.50790163
0.28395628,0.51855098,0.24645701,0.50826431,-0.47585673,0.50721654,0.50789678
0.28395081,0.51866013,0.24645714,0.50826488,-0.47585261,0.50722469,0.50789193
0.28394535,0.51876924,0.24645727,0.50826545,-0.47584849,0.50723285,0.50788708
0.28393989,0.51887833,0.2464574,0.50826602,-0.47584437,0.507241,0.50788223
0.28393443,0.51898738,0.24645753,0.50826658,-0.47584025,0.50724916,0.50787738
0.28392897,0.5190964,0.24645766,0.50826715,-0.47583612,0.50725732,0.50787252
0.28392352,0.51920539,0.24645779,0.50826772,-0.475832,0.50726548,0.50786766
0.28391806,0.51931435,0.24645792,0.50826828,-0.47582788,0.50727365,0.5078628
0.2839126,0.51942328,0.24645805,0.50826885,-0.47582376,0.50728181,0.50785794
0.28390715,0.51953218,0.24645818,0.50826942,-0.47581964,0.50728998,0.50785308
0.28390169,0.51964104,0.24645831,0.50826999,-0.47581551,0.50729815,0.50784821
0.28389624,0.51974988,0.24645843,0.50827055,-0.47581139,0.50730633,0.50784334
0.28389079,0.51985868,0.24645856,0.50827112,-0.47580726,0.5073145,0.50783847
0.28388533,0.51996746,0.24645869,0.50827169,-0.47580314,0.50732268,0.5078336
0.28387988,0.5200762,0.24645881,0.50827225,-0.47579902,0.50733086,0.50782872
0.28387443,0.52018491,0.24645894,0.50827282,-0.47579489,0.50733904,0.50782385
0.28386898,0.52029359,0.24645906,0.50827339,-0.47579077,0.50734723,0.50781897
0.28386354,0.52040224,0.24645919,0.50827395,-0.47578664,0.50735541,0.50781409
0.28385809,0.52051085,0.24645931,0.50827452,-0.47578251,0.5073636,0.5078092
0.28385264,0.52061944,0.24645944,0.50827508,-0.47577839,0.5073718,0.50780432
0.2838472,0.520728,0.24645956,0.50827565,-0.47577426,0.50737999,0.50779943
0.28384175,0.52083652,0.24645969,0.50827622,-0.47577014,0.50738819,0.50779454
0.28383631,0.52094501,0.24645981,0.50827678,-0.47576601,0.50739638,0.50778965
0.28383087,0.52105347,0.24645993,0.50827735,-0.47576188,0.50740458,0.50778476
0.28382542,0.5211619,0.24646005,0.50827791,-0.47575775,0.50741279,0.50777986
0.28381998,0.5212703,0.24646017,0.50827848,-0.47575363,0.50742099,0.50777496
0.28381454,0.52137867,0.2464603,0.50827904,-0.4757495,0.5074292,0.50777006
0.2838091,0.52148701,0.24646042,0.50827961,-0.47574537,0.50743741,0.50776516
0.28380367,0.52159532,0.24646054,0.50828017,-0.47574124,0.50744562,0.50776026
0.28379823,0.52170359,0.24646066,0.50828074,-0.47573711,0.50745384,0.50775535
0.28379279,0.52181183,0.24646078,0.5082813,-0.47573298,0.50746205,0.50775044
0.28378736,0.52192005,0.2464609,0.50828187,-0.47572885,0.50747027,0.50774553
0.28378192,0.52202823,0.24646101,0.50828243,-0.47572472,0.50747849,0.50774062
0.28377649,0.52213638,0.24646113,0.508283,-0.4757206,0.50748671,0.5077357
0.28377106,0.5222445,0.24646125,0.50828356,-0.47571647,0.50749494,0.50773079
0.28376563,0.52235259,0.24646137,0.50828413,-0.47571233,0.50750317,0.50772587
0.2837602,0.52246064,0.24646149,0.50828469,-0.4757082,0.5075114,0.50772095
0.28375477,0.52256867,0.2464616,0.50828525,-0.47570407,0.50751963,0.50771602
0.28374934,0.52267666,0.24646172,0.50828582,-0.47569994,0.50752786,0.5077111
0.28374391,0.52278463,0.24646183,0.50828638,-0.47569581,0.5075361,0.50770617
0.28373848,0.52289256,0.24646195,0.50828695,-0.47569168,0.50754434,0.50770124
0.28373306,0.52300046,0.24646206,0.50828751,-0.47568755,0.50755258,0.50769631
0.28372763,0.52310833,0.24646218,0.50828807,-0.47568342,0.50756082,0.50769137
0.28372221,0.52321617,0.24646229,0.50828864,-0.47567929,0.50756907,0.50768644
0.28371679,0.52332398,0.2464624,0.5082892,-0.47567515,0.50757732,0.5076815
0.28371136,0.52343175,0.24646252,0.50828976,-0.47567102,0.50758557,0.50767656
0.28370594,0.5235395,0.24646263,0.50829033,-0.47566689,0.50759382,0.50767162
0.28370052,0.52364721,0.24646274,0.50829089,-0.47566276,0.50760207,0.50766667
0.2836951,0.52375489,0.24646285,0.50829145,-0.47565862,0.50761033,0.50766173
0.28368969,0.52386254,0.24646296,0.50829201,-0.47565449,0.50761859,0.50765678
0.28368427,0.52397016,0.24646307,0.50829258,-0.47565036,0.50762685,0.50765183
0.28367885,0.52407775,0.24646318,0.50829314,-0.47564622,0.50763511,0.50764687
0.28367344,0.52418531,0.24646329,0.5082937,-0.47564209,0.50764338,0.50764192
0.28366803,0.52429283,0.2464634,0.50829426,-0.47563796,0.50765165,0.50763696
0.28366261,0.52440033,0.24646351,0.50829482,-0.47563382,0.50765992,0.507632
0.2836572,0.52450779,0.24646362,0.50829538,-0.47562969,0.50766819,0.50762704
0.28365179,0.52461522,0.24646373,0.50829595,-0.47562555,0.50767646,0.50762208
0.28364638,0.52472262,0.24646383,0.50829651,-0.47562142,0.50768474,0.50761711
0.28364097,0.52482999,0.24646394,0.50829707,-0.47561728,0.50769302,0.50761214
0.28363556,0.52493733,0.24646405,0.50829763,-0.47561315,0.5077013,0.50760717
0.28363016,0.52504464,0.24646415,0.50829819,-0.47560901,0.50770958,0.5076022
0.28362475,0.52515191,0.24646426,0.50829875,-0.47560488,0.50771787,0.50759723
0.28361935,0.52525916,0.24646436,0.50829931,-0.47560074,0.50772615,0.50759225
0.28361394,0.52536637,0.24646447,0.50829987,-0.47559661,0.50773444,0.50758727
0.28360854,0.52547355,0.24646457,0.50830043,-0.47559247,0.50774273,0.50758229
0.28360314,0.5255807,0.24646467,0.50830099,-0.47558834,0.50775103,0.50757731
0.28359774,0.52568782,0.24646478,0.50830155,-0.4755842,0.50775933,0.50757233
0.28359234,0.52579491,0.24646488,0.50830211,-0.47558007,0.50776762,0.50756734
0.28358694,0.52590196,0.24646498,0.50830267,-0.47557593,0.50777592,0.50756235
0.28358155,0.52600898,0.24646508,0.50830323,-0.4755718,0.50778423,0.50755736
0.28357615,0.52611598,0.24646518,0.50830379,-0.47556766,0.50779253,0.50755236
0.28357076,0.52622294,0.24646528,0.50830435,-0.47556352,0.50780084,0.50754737
0.28356536,0.52632987,0.24646538,0.50830491,-0.47555939,0.50780915,0.50754237
0.28355997,0.52643676,0.24646548,0.50830547,-0.47555525,0.50781746,0.50753737
0.28355458,0.52654363,0.24646558,0.50830603,-0.47555112,0.50782577,0.50753237
0.28354919,0.52665047,0.24646568,0.50830658,-0.47554698,0.50783409,0.50752736
0.2835438,0.52675727,0.24646578,0.50830714,-0.47554284,0.50784241,0.50752236
0.28353841,0.52686404,0.24646587,0.5083077,-0.47553871,0.50785073,0.50751735
0.28353302,0.52697078,0.24646597,0.50830826,-0.47553457,0.50785905,0.50751234
0.28352764,0.52707749,0.24646606,0.50830882,-0.47553043,0.50786737,0.50750733
0.28352225,0.52718416,0.24646616,0.50830937,-0.4755263,0.5078757,0.50750231
0.28351687,0.52729081,0.24646626,0.50830993,-0.47552216,0.50788403,0.50749729
0.28351149,0.52739742,0.24646635,0.50831049,-0.47551802,0.50789236,0.50749228
0.28350611,0.527504,0.24646644,0.50831104,-0.47551389,0.50790069,0.50748725
0.28350073,0.52761055,0.24646654,0.5083116,-0.47550975,0.50790903,0.50748223
0.28349535,0.52771707,0.24646663,0.50831216,-0.47550561,0.50791737,0.50747721
0.28348997,0.52782356,0.24646672,0.50831271,-0.47550148,0.5079257,0.50747218
0.28348459,0.52793001,0.24646681,0.50831327,-0.47549734,0.50793405,0.50746715
0.28347922,0.52803644,0.24646691,0.50831383,-0.4754932,0.50794239,0.50746212
0.28347384,0.52814283,0.246467,0.50831438,-0.47548906,0.50795074,0.50745708
0.28346847,0.52824919,0.24646709,0.50831494,-0.47548493,0.50795908,0.50745204
0.2834631,0.52835552,0.24646718,0.50831549,-0.47548079,0.50796743,0.50744701
0.28345773,0.52846181,0.24646726,0.50831605,-0.47547665,0.50797579,0.50744196
0.28345236,0.52856808,0.24646735,0.5083166,-0.47547252,0.50798414,0.50743692
0.28344699,0.52867431,0.24646744,0.50831716,-0.47546838,0.5079925,0.50743188
0.28344162,0.52878051,0.24646753,0.50831771,-0.47546424,0.50800086,0.50742683
0.28343626,0.52888668,0.24646762,0.50831827,-0.47546011,0.50800922,0.50742178
0.28343089,0.52899281,0.2464677,0.50831882,-0.47545597,0.50801758,0.50741673
0.28342553,0.52909892,0.24646779,0.50831937,-0.47545183,0.50802595,0.50741167
0.28342017,0.52920499,0.24646787,0.50831993,-0.47544769,0.50803431,0.50740662
0.28341481,0.52931103,0.24646796,0.50832048,-0.47544356,0.50804268,0.50740156
0.28340945,0.52941704,0.24646804,0.50832104,-0.47543942,0.50805105,0.5073965
0.28340409,0.52952302,0.24646813,0.50832159,-0.47543528,0.50805943,0.50739144
0.28339873,0.52962896,0.24646821,0.50832214,-0.47543115,0.5080678,0.50738637
0.28339337,0.52973487,0.24646829,0.50832269,-0.47542701,0.50807618,0.50738131
0.28338802,0.52984075,0.24646837,0.50832325,-0.47542287,0.50808456,0.50737624
0.28338267,0.5299466,0.24646845,0.5083238,-0.47541874,0.50809294,0.50737117
0.28337731,0.53005242,0.24646854,0.50832435,-0.4754146,0.50810133,0.50736609
0.28337196,0.5301582,0.24646862,0.5083249,-0.47541046,0.50810971,0.50736102
0.28336661,0.53026395,0.2464687,0.50832546,-0.47540633,0.5081181,0.50735594
0.28336126,0.53036967,0.24646878,0.50832601,-0.47540219,0.50812649,0.50735086
0.28335592,0.53047536,0.24646885,0.50832656,-0.47539805,0.50813489,0.50734578
0.28335057,0.53058101,0.24646893,0.50832711,-0.47539392,0.50814328,0.50734069
0.28334523,0.53068664,0.24646901,0.50832766,-0.47538978,0.50815168,0.50733561
0.28333988,0.53079223,0.24646909,0.50832821,-0.47538564,0.50816008,0.50733052
0.28333454,0.53089779,0.24646916,0.50832876,-0.47538151,0.50816848,0.50732543
0.2833292,0.53100331,0.24646924,0.50832931,-0.47537737,0.50817688,0.50732034
0.28332386,0.5311088,0.24646931,0.50832986,-0.47537324,0.50818529,0.50731524
0.28331852,0.53121427,0.24646939,0.50833041,-0.4753691,0.50819369,0.50731014
0.28331319,0.53131969,0.24646946,0.50833096,-0.47536496,0.5082021,0.50730504
0.28330785,0.53142509,0.24646954,0.50833151,-0.47536083,0.50821052,0.50729994
0.28330252,0.53153045,0.24646961,0.50833206,-0.47535669,0.50821893,0.50729484
0.28329719,0.53163578,0.24646968,0.50833261,-0.47535256,0.50822735,0.50728973
0.28329185,0.53174108,0.24646975,0.50833316,-0.47534842,0.50823576,0.50728462
0.28328652,0.53184635,0.24646983,0.5083337,-0.47534429,0.50824418,0.50727951
0.2832812,0.53195158,0.2464699,0.50833425,-0.47534015,0.50825261,0.5072744
0.28327587,0.53205678,0.24646997,0.5083348,-0.47533602,0.50826103,0.50726929
0.28327054,0.53216195,0.24647004,0.50833535,-0.47533188,0.50826946,0.50726417
0.28326522,0.53226709,0.24647011,0.50833589,-0.47532775,0.50827788,0.50725905
0.28325989,0.53237219,0.24647017,0.50833644,-0.47532361,0.50828631,0.50725393
0.28325457,0.53247726,0.24647024,0.50833699,-0.47531948,0.50829475,0.50724881
0.28324925,0.5325823,0.24647031,0.50833753,-0.47531534,0.50830318,0.50724368
0.28324393,0.5326873,0.24647038,0.50833808,-0.47531121,0.50831162,0.50723855
0.28323861,0.53279227,0.24647044,0.50833863,-0.47530707,0.50832006,0.50723342
0.2832333,0.53289721,0.24647051,0.50833917,-0.47530294,0.5083285,0.50722829
0.28322798,0.53300212,0.24647057,0.50833972,-0.47529881,0.50833694,0.50722316
0.28322267,0.53310699,0.24647064,0.50834026,-0.47529467,0.50834539,0.50721802
0.28321736,0.53321183,0.2464707,0.50834081,-0.47529054,0.50835383,0.50721288
0.28321205,0.53331664,0.24647076,0.50834135,-0.47528641,0.50836228,0.50720774
0.28320674,0.53342141,0.24647083,0.5083419,-0.47528227,0.50837073,0.5072026
0.28320143,0.53352615,0.24647089,0.50834244,-0.47527814,0.50837919,0.50719745
0.28319612,0.53363086,0.24647095,0.50834299,-0.47527401,0.50838764,0.5071923
0.28319082,0.53373553,0.24647101,0.50834353,-0.47526988,0.5083961,0.50718715
0.28318551,0.53384018,0.24647107,0.50834407,-0.47526574,0.50840456,0.507182
0.28318021,0.53394479,0.24647113,0.50834462,-0.47526161,0.50841302,0.50717685
0.28317491,0.53404936,0.24647119,0.50834516,-0.47525748,0.50842148,0.50717169
0.28316961,0.5341539,0.24647125,0.5083457,-0.47525335,0.50842995,0.50716653
0.28316431,0.53425841,0.24647131,0.50834624,-0.47524922,0.50843842,0.50716137
0.28315901,0.53436289,0.24647137,0.50834679,-0.47524509,0.50844689,0.50715621
0.28315372,0.53446733,0.24647142,0.50834733,-0.47524095,0.50845536,0.50715104
0.28314842,0.53457174,0.24647148,0.50834787,-0.47523682,0.50846383,0.50714587
0.28314313,0.53467611,0.24647154,0.50834841,-0.47523269,0.50847231,0.5071407
0.28313784,0.53478046,0.24647159,0.50834895,-0.47522856,0.50848078,0.50713553
0.28313255,0.53488476,0.24647165,0.50834949,-0.47522443,0.50848926,0.50713036
0.28312726,0.53498904,0.2464717,0.50835003,-0.4752203,0.50849775,0.50712518
0.28312197,0.53509328,0.24647175,0.50835057,-0.47521617,0.50850623,0.50712
0.28311669,0.53519749,0.24647181,0.50835111,-0.47521204,0.50851472,0.50711482
0.2831114,0.53530166,0.24647186,0.50835165,-0.47520791,0.5085232,0.50710964
0.28310612,0.5354058,0.24647191,0.50835219,-0.47520379,0.50853169,0.50710445
0.28310084,0.53550991,0.24647196,0.50835273,-0.47519966,0.50854019,0.50709927
0.28309556,0.53561399,0.24647201,0.50835327,-0.47519553,0.50854868,0.50709408
0.28309028,0.53571802,0.24647206,0.50835381,-0.4751914,0.50855718,0.50708888
0.283085,0.53582203,0.24647211,0.50835435,-0.47518727,0.50856567,0.50708369
0.28307973,0.535926,0.24647216,0.50835489,-0.47518314,0.50857417,0.50707849
0.28307445,0.53602994,0.24647221,0.50835542,-0.47517902,0.50858268,0.50707329
0.28306918,0.53613385,0.24647226,0.50835596,-0.47517489,0.50859118,0.50706809
0.28306391,0.53623772,0.24647231,0.5083565,-0.47517076,0.50859969,0.50706289
0.28305864,0.53634155,0.24647235,0.50835704,-0.47516664,0.50860819,0.50705769
0.28305337,0.53644535,0.2464724,0.50835757,-0.47516251,0.50861671,0.50705248
0.2830481,0.53654912,0.24647244,0.50835811,-0.47515839,0.50862522,0.50704727
0.28304283,0.53665286,0.24647249,0.50835864,-0.47515426,0.50863373,0.50704206
0.28303757,0.53675656,0.24647253,0.50835918,-0.47515013,0.50864225,0.50703684
0.28303231,0.53686022,0.24647258,0.50835971,-0.47514601,0.50865077,0.50703162
0.28302704,0.53696385,0.24647262,0.50836025,-0.47514188,0.50865929,0.50702641
0.28302178,0.53706745,0.24647266,0.50836078,-0.47513776,0.50866781,0.50702119
0.28301653,0.53717101,0.2464727,0.50836132,-0.47513364,0.50867633,0.50701596
0.28301127,0.53727454,0.24647275,0.50836185,-0.47512951,0.50868486,0.50701074
0.28300601,0.53737804,0.24647279,0.50836239,-0.47512539,0.50869339,0.50700551
0.28300076,0.5374815,0.24647283,0.50836292,-0.47512127,0.50870192,0.50700028
0.28299551,0.53758492,0.24647287,0.50836345,-0.47511714,0.50871045,0.50699505
0.28299025,0.53768831,0.24647291,0.50836399,-0.47511302,0.50871898,0.50698981
0.282985,0.53779167,0.24647295,0.50836452,-0.4751089,0.50872752,0.50698458
0.28297975,0.53789499,0.24647298,0.50836505,-0.47510478,0.50873606,0.50697934
0.28297451,0.53799828,0.24647302,0.50836558,-0.47510066,0.5087446,0.5069741
0.28296926,0.53810153,0.24647306,0.50836611,-0.47509654,0.50875314,0.50696885
0.28296402,0.53820475,0.24647309,0.50836665,-0.47509242,0.50876169,0.50696361
0.28295877,0.53830793,0.24647313,0.50836718,-0.47508829,0.50877023,0.50695836
0.28295353,0.53841108,0.24647316,0.50836771,-0.47508418,0.50877878,0.50695311
0.28294829,0.53851419,0.2464732,0.50836824,-0.47508006,0.50878733,0.50694786
0.28294305,0.53861727,0.24647323,0.50836877,-0.47507594,0.50879588,0.5069426
0.28293781,0.53872031,0.24647327,0.5083693,-0.47507182,0.50880444,0.50693735
0.28293258,0.53882332,0.2464733,0.50836983,-0.4750677,0.50881299,0.50693209
0.28292734,0.53892629,0.24647333,0.50837035,-0.47506358,0.50882155,0.50692682
0.28292211,0.53902923,0.24647336,0.50837088,-0.47505946,0.50883011,0.50692156
0.28291688,0.53913214,0.24647339,0.50837141,-0.47505535,0.50883867,0.5069163
0.28291165,0.539235,0.24647343,0.50837194,-0.47505123,0.50884724,0.50691103
0.28290642,0.53933784,0.24647346,0.50837247,-0.47504711,0.5088558,0.50690576
0.28290119,0.53944063,0.24647348,0.50837299,-0.475043,0.50886437,0.50690048
0.28289596,0.5395434,0.24647351,0.50837352,-0.47503888,0.50887294,0.50689521
0.28289074,0.53964612,0.24647354,0.50837405,-0.47503477,0.50888151,0.50688993
0.28288552,0.53974881,0.24647357,0.50837457,-0.47503065,0.50889009,0.50688465
0.28288029,0.53985147,0.2464736,0.5083751,-0.47502654,0.50889866,0.50687937
0.28287507,0.53995409,0.24647362,0.50837563,-0.47502242,0.50890724,0.50687409
0.28286985,0.54005668,0.24647365,0.50837615,-0.47501831,0.50891582,0.5068688
0.28286463,0.54015922,0.24647367,0.50837668,-0.4750142,0.5089244,0.50686351
0.28285942,0.54026174,0.2464737,0.5083772,-0.47501009,0.50893298,0.50685822
0.2828542,0.54036422,0.24647372,0.50837772,-0.47500597,0.50894157,0.50685293
0.28284899,0.54046666,0.24647375,0.50837825,-0.47500186,0.50895016,0.50684763
0.28284378,0.54056906,0.24647377,0.50837877,-0.47499775,0.50895875,0.50684234
0.28283856,0.54067143,0.24647379,0.5083793,-0.47499364,0.50896734,0.50683704
0.28283335,0.54077377,0.24647382,0.50837982,-0.47498953,0.50897593,0.50683173
0.28282814,0.54087607,0.24647384,0.50838034,-0.47498542,0.50898453,0.50682643
0.28282294,0.54097833,0.24647386,0.50838086,-0.47498131,0.50899312,0.50682112
0.28281773,0.54108056,0.24647388,0.50838138,-0.4749772,0.50900172,0.50681582
0.28281253,0.54118275,0.2464739,0.50838191,-0.47497309,0.50901032,0.5068105
0.28280732,0.5412849,0.24647392,0.50838243,-0.47496899,0.50901893,0.50680519
0.28280212,0.54138702,0.24647394,0.50838295,-0.47496488,0.50902753,0.50679988
0.28279692,0.5414891,0.24647395,0.50838347,-0.47496077,0.50903614,0.50679456
0.28279172,0.54159115,0.24647397,0.50838399,-0.47495667,0.50904475,0.50678924
0.28278652,0.54169316,0.24647399,0.50838451,-0.47495256,0.50905336,0.50678391
0.28278133,0.54179513,0.24647401,0.50838503,-0.47494845,0.50906197,0.50677859
0.28277613,0.54189707,0.24647402,0.50838555,-0.47494435,0.50907059,0.50677326
0.28277093,0.54199897,0.24647404,0.50838606,-0.47494025,0.5090792,0.50676793
0.28276574,0.54210083,0.24647405,0.50838658,-0.47493614,0.50908782,0.5067626
0.28276055,0.54220266,0.24647407,0.5083871,-0.47493204,0.50909644,0.50675727
0.28275536,0.54230445,0.24647408,0.50838762,-0.47492794,0.50910506,0.50675193
0.28275017,0.5424062,0.24647409,0.50838813,-0.47492383,0.50911369,0.50674659
0.28274498,0.54250792,0.2464741,0.50838865,-0.47491973,0.50912231,0.50674125
0.28273979,0.5426096,0.24647412,0.50838917,-0.47491563,0.50913094,0.50673591
0.28273461,0.54271124,0.24647413,0.50838968,-0.47491153,0.50913957,0.50673056
0.28272942,0.54281284,0.24647414,0.5083902,-0.47490743,0.5091482,0.50672522
0.28272424,0.54291441,0.24647415,0.50839071,-0.47490333,0.50915684,0.50671987
0.28271906,0.54301594,0.24647416,0.50839123,-0.47489923,0.50916547,0.50671451
0.28271388,0.54311744,0.24647417,0.50839174,-0.47489513,0.50917411,0.50670916
0.2827087,0.5432189,0.24647418,0.50839226,-0.47489103,0.50918275,0.5067038
0.28270352,0.54332032,0.24647418,0.50839277,-0.47488694,0.50919139,0.50669844
0.28269834,0.5434217,0.24647419,0.50839328,-0.47488284,0.50920004,0.50669308
0.28269317,0.54352305,0.2464742,0.5083938,-0.47487874,0.50920868,0.50668772
0.28268799,0.54362436,0.24647421,0.50839431,-0.47487465,0.50921733,0.50668235
0.28268282,0.54372563,0.24647421,0.50839482,-0.47487055,0.50922598,0.50667699
0.28267764,0.54382686,0.24647422,0.50839533,-0.47486646,0.50923463,0.50667161
0.28267247,0.54392806,0.24647422,0.50839584,-0.47486237,0.50924328,0.50666624
0.2826673,0.54402921,0.24647423,0.50839635,-0.47485827,0.50925194,0.50666087
0.28266213,0.54413034,0.24647423,0.50839687,-0.47485418,0.50926059,0.50665549
0.28265696,0.54423142,0.24647423,0.50839738,-0.47485009,0.50926925,0.50665011
0.2826518,0.54433246,0.24647423,0.50839788,-0.474846,0.50927791,0.50664473
0.28264663,0.54443347,0.24647424,0.50839839,-0.4748419,0.50928657,0.50663934
0.28264147,0.54453444,0.24647424,0.5083989,-0.47483781,0.50929524,0.50663396
0.2826363,0.54463537,0.24647424,0.50839941,-0.47483372,0.5093039,0.50662857
0.28263114,0.54473627,0.24647424,0.50839992,-0.47482964,0.50931257,0.50662318
0.28262598,0.54483712,0.24647424,0.50840043,-0.47482555,0.50932124,0.50661778
0.28262082,0.54493794,0.24647424,0.50840093,-0.47482146,0.50932991,0.50661239
0.28261566,0.54503872,0.24647424,0.50840144,-0.47481737,0.50933859,0.50660699
0.2826105,0.54513946,0.24647424,0.50840195,-0.47481329,0.50934726,0.50660159
0.28260534,0.54524016,0.24647423,0.50840245,-0.4748092,0.50935594,0.50659619
0.28260018,0.54534083,0.24647423,0.50840296,-0.47480511,0.50936462,0.50659078
0.28259503,0.54544145,0.24647423,0.50840346,-0.47480103,0.5093733,0.50658537
0.28258987,0.54554204,0.24647422,0.50840397,-0.47479695,0.50938198,0.50657996
0.28258472,0.54564259,0.24647422,0.50840447,-0.47479286,0.50939067,0.50657455
0.28257957,0.5457431,0.24647421,0.50840498,-0.47478878,0.50939935,0.50656914
0.28257442,0.54584357,0.24647421,0.50840548,-0.4747847,0.50940804,0.50656372
0.28256926,0.54594401,0.2464742,0.50840598,-0.47478062,0.50941673,0.5065583
0.28256411,0.5460444,0.2464742,0.50840649,-0.47477654,0.50942543,0.50655288
0.28255897,0.54614476,0.24647419,0.50840699,-0.47477246,0.50943412,0.50654746
0.28255382,0.54624508,0.24647418,0.50840749,-0.47476838,0.50944282,0.50654203
0.28254867,0.54634535,0.24647417,0.50840799,-0.4747643,0.50945151,0.5065366
0.28254352,0.54644559,0.24647416,0.50840849,-0.47476022,0.50946021,0.50653117
0.28253838,0.54654579,0.24647415,0.50840899,-0.47475614,0.50946892,0.50652574
0.28253323,0.54664595,0.24647414,0.50840949,-0.47475207,0.50947762,0.5065203
0.28252809,0.54674608,0.24647413,0.50840999,-0.47474799,0.50948632,0.50651487
0.28252295,0.54684616,0.24647412,0.50841049,-0.47474392,0.50949503,0.50650943
0.2825178,0.5469462,0.24647411,0.50841099,-0.47473984,0.50950374,0.50650398
0.28251266,0.54704621,0.2464741,0.50841149,-0.47473577,0.50951245,0.50649854
0.28250752,0.54714617,0.24647409,0.50841199,-0.47473169,0.50952116,0.50649309
0.28250238,0.5472461,0.24647407,0.50841249,-0.47472762,0.50952988,0.50648764
0.28249724,0.54734598,0.24647406,0.50841298,-0.47472355,0.50953859,0.50648219
0.28249211,0.54744583,0.24647405,0.50841348,-0.47471948,0.50954731,0.50647674
0.28248697,0.54754563,0.24647403,0.50841398,-0.47471541,0.50955603,0.50647128
0.28248183,0.5476454,0.24647402,0.50841447,-0.47471134,0.50956475,0.50646582
0.2824767,0.54774513,0.246474,0.50841497,-0.47470727,0.50957348,0.50646036
0.28247156,0.54784482,0.24647398,0.50841546,-0.4747032,0.5095822,0.5064549
0.28246643,0.54794446,0.24647397,0.50841596,-0.47469914,0.50959093,0.50644943
0.28246129,0.54804407,0.24647395,0.50841645,-0.47469507,0.50959966,0.50644397
0.28245616,0.54814364,0.24647393,0.50841694,-0.474691,0.50960839,0.5064385
0.28245103,0.54824316,0.24647391,0.50841744,-0.47468694,0.50961712,0.50643302
0.28244589,0.54834265,0.2464739,0.50841793,-0.47468288,0.50962586,0.50642755
0.28244076,0.5484421,0.24647388,0.50841842,-0.47467881,0.50963459,0.50642207
0.28243563,0.54854151,0.24647386,0.50841891,-0.47467475,0.50964333,0.50641659
0.2824305,0.54864087,0.24647384,0.50841941,-0.47467069,0.50965207,0.50641111
0.28242537,0.5487402,0.24647382,0.5084199,-0.47466663,0.50966081,0.50640562
0.28242024,0.54883948,0.24647379,0.50842039,-0.47466257,0.50966956,0.50640014
0.28241511,0.54893873,0.24647377,0.50842088,-0.47465851,0.5096783,0.50639465
0.28240999,0.54903793,0.24647375,0.50842137,-0.47465445,0.50968705,0.50638916
0.28240486,0.5491371,0.24647373,0.50842185,-0.47465039,0.5096958,0.50638366
0.28239973,0.54923622,0.2464737,0.50842234,-0.47464633,0.50970455,0.50637817
0.28239461,0.5493353,0.24647368,0.50842283,-0.47464228,0.5097133,0.50637267
0.28238948,0.54943435,0.24647365,0.50842332,-0.47463822,0.50972206,0.50636717
0.28238435,0.54953335,0.24647363,0.50842381,-0.47463417,0.50973082,0.50636167
0.28237923,0.54963231,0.2464736,0.50842429,-0.47463011,0.50973957,0.50635616
0.28237411,0.54973123,0.24647358,0.50842478,-0.47462606,0.50974833,0.50635065
0.28236898,0.5498301,0.24647355,0.50842527,-0.47462201,0.5097571,0.50634514
0.28236386,0.54992894,0.24647352,0.50842575,-0.47461796,0.50976586,0.50633963
0.28235873,0.55002774,0.2464735,0.50842624,-0.47461391,0.50977462,0.50633412
0.28235361,0.55012649,0.24647347,0.50842672,-0.47460986,0.50978339,0.5063286
0.28234849,0.5502252,0.24647344,0.5084272,-0.47460581,0.50979216,0.50632308
0.28234337,0.55032388,0.24647341,0.50842769,-0.47460176,0.50980093,0.50631756
0.28233824,0.55042251,0.24647338,0.50842817,-0.47459771,0.5098097,0.50631203
0.28233312,0.5505211,0.24647335,0.50842865,-0.47459367,0.50981848,0.50630651
0.282328,0.55061964,0.24647332,0.50842913,-0.47458962,0.50982725,0.50630098
0.28232288,0.55071815,0.24647329,0.50842962,-0.47458557,0.50983603,0.50629545
0.28231776,0.55081661,0.24647326,0.5084301,-0.47458153,0.50984481,0.50628991
0.28231264,0.55091504,0.24647322,0.50843058,-0.47457749,0.50985359,0.50628438
0.28230752,0.55101342,0.24647319,0.50843106,-0.47457345,0.50986238,0.50627884
0.2823024,0.55111175,0.24647316,0.50843154,-0.47456941,0.50987116,0.5062733
0.28229728,0.55121005,0.24647312,0.50843202,-0.47456536,0.50987995,0.50626775
0.28229216,0.55130831,0.24647309,0.50843249,-0.47456133,0.50988874,0.50626221
0.28228704,0.55140652,0.24647305,0.50843297,-0.47455729,0.50989753,0.50625666
0.28228192,0.55150469,0.24647302,0.50843345,-0.47455325,0.50990632,0.50625111
0.2822768,0.55160282,0.24647298,0.50843393,-0.47454921,0.50991511,0.50624556
0.28227168,0.55170091,0.24647295,0.5084344,-0.47454518,0.50992391,0.50624
0.28226656,0.55179895,0.24647291,0.50843488,-0.47454114,0.50993271,0.50623444
0.28226144,0.55189695,0.24647287,0.50843536,-0.47453711,0.50994151,0.50622888
0.28225632,0.55199491,0.24647283,0.50843583,-0.47453307,0.50995031,0.50622332
0.2822512,0.55209283,0.24647279,0.50843631,-0.47452904,0.50995911,0.50621776
0.28224608,0.5521907,0.24647276,0.50843678,-0.47452501,0.50996791,0.50621219
0.28224096,0.55228853,0.24647272,0.50843725,-0.47452098,0.50997672,0.50620662
0.28223584,0.55238632,0.24647268,0.50843773,-0.47451695,0.50998553,0.50620105
0.28223072,0.55248407,0.24647264,0.5084382,-0.47451292,0.50999434,0.50619547
0.2822256,0.55258177,0.24647259,0.50843867,-0.4745089,0.51000315,0.5061899
0.28222048,0.55267943,0.24647255,0.50843914,-0.47450487,0.51001196,0.50618432
0.28221536,0.55277705,0.24647251,0.50843961,-0.47450084,0.51002078,0.50617874
0.28221024,0.55287463,0.24647247,0.50844008,-0.47449682,0.5100296,0.50617315
0.28220512,0.55297216,0.24647243,0.50844055,-0.47449279,0.51003841,0.50616757
0.2822,0.55306965,0.24647238,0.50844102,-0.47448877,0.51004723,0.50616198
0.28219488,0.55316709,0.24647234,0.50844149,-0.47448475,0.51005606,0.50615639
0.28218976,0.5532645,0.24647229,0.50844196,-0.47448073,0.51006488,0.5061508
0.28218464,0.55336186,0.24647225,0.50844243,-0.47447671,0.51007371,0.5061452
0.28217952,0.55345917,0.2464722,0.5084429,-0.47447269,0.51008253,0.5061396
0.2821744,0.55355645,0.24647216,0.50844336,-0.47446867,0.51009136,0.506134
0.28216928,0.55365368,0.24647211,0.50844383,-0.47446465,0.51010019,0.5061284
0.28216416,0.55375086,0.24647206,0.5084443,-0.47446064,0.51010902,0.50612279
0.28215903,0.553848,0.24647201,0.50844476,-0.47445662,0.51011786,0.50611719
0.28215391,0.5539451,0.24647197,0.50844523,-0.47445261,0.5101267,0.50611158
0.28214879,0.55404216,0.24647192,0.50844569,-0.4744486,0.51013553,0.50610596
0.28214366,0.55413917,0.24647187,0.50844616,-0.47444458,0.51014437,0.50610035
0.28213854,0.55423614,0.24647182,0.50844662,-0.47444057,0.51015321,0.50609473
0.28213342,0.55433306,0.24647177,0.50844708,-0.47443656,0.51016206,0.50608911
0.28212829,0.55442994,0.24647172,0.50844754,-0.47443255,0.5101709,0.50608349
0.28212317,0.55452677,0.24647167,0.50844801,-0.47442855,0.51017975,0.50607787
0.28211804,0.55462357,0.24647161,0.50844847,-0.47442454,0.51018859,0.50607224
0.28211292,0.55472031,0.24647156,0.50844893,-0.47442053,0.51019744,0.50606661
0.28210779,0.55481702,0.24647151,0.50844939,-0.47441653,0.5102063,0.50606098
0.28210266,0.55491368,0.24647146,0.50844985,-0.47441252,0.51021515,0.50605534
0.28209753,0.55501029,0.2464714,0.50845031,-0.47440852,0.510224,0.50604971
0.28209241,0.55510686,0.24647135,0.50845077,-0.47440452,0.51023286,0.50604407
0.28208728,0.55520339,0.24647129,0.50845122,-0.47440052,0.51024172,0.50603843
0.28208215,0.55529987,0.24647124,0.50845168,-0.47439652,0.51025058,0.50603278
0.28207702,0.55539631,0.24647118,0.50845214,-0.47439252,0.51025944,0.50602714
0.28207189,0.5554927,0.24647113,0.50845259,-0.47438852,0.5102683,0.50602149
0.28206675,0.55558905,0.24647107,0.50845305,-0.47438452,0.51027717,0.50601584
0.28206162,0.55568535,0.24647101,0.50845351,-0.47438053,0.51028604,0.50601019
0.28205649,0.55578161,0.24647095,0.50845396,-0.47437653,0.5102949,0.50600453
0.28205135,0.55587782,0.2464709,0.50845441,-0.47437254,0.51030378,0.50599887
0.28204622,0.55597399,0.24647084,0.50845487,-0.47436855,0.51031265,0.50599321
0.28204108,0.55607012,0.24647078,0.50845532,-0.47436456,0.51032152,0.50598755
0.28203595,0.5561662,0.24647072,0.50845577,-0.47436057,0.5103304,0.50598188
0.28203081,0.55626223,0.24647066,0.50845623,-0.47435658,0.51033927,0.50597622
0.28202567,0.55635822,0.2464706,0.50845668,-0.47435259,0.51034815,0.50597054
0.28202053,0.55645416,0.24647054,0.50845713,-0.4743486,0.51035703,0.50596487
0.28201539,0.55655006,0.24647047,0.50845758,-0.47434462,0.51036591,0.5059592
0.28201025,0.55664591,0.24647041,0.50845803,-0.47434063,0.5103748,0.50595352
0.28200511,0.55674172,0.24647035,0.50845848,-0.47433665,0.51038368,0.50594784
0.28199997,0.55683749,0.24647029,0.50845893,-0.47433266,0.51039257,0.50594216
0.28199482,0.5569332,0.24647022,0.50845938,-0.47432868,0.51040146,0.50593647
0.28198968,0.55702887,0.24647016,0.50845982,-0.4743247,0.51041035,0.50593079
0.28198453,0.5571245,0.24647009,0.50846027,-0.47432072,0.51041924,0.5059251
0.28197939,0.55722008,0.24647003,0.50846072,-0.47431674,0.51042814,0.5059194
0.28197424,0.55731562,0.24646996,0.50846116,-0.47431277,0.51043703,0.50591371
0.28196909,0.55741111,0.24646989,0.50846161,-0.47430879,0.51044593,0.50590801
0.28196394,0.55750655,0.24646983,0.50846205,-0.47430482,0.51045483,0.50590231
0.28195879,0.55760195,0.24646976,0.5084625,-0.47430084,0.51046373,0.50589661
0.28195363,0.5576973,0.24646969,0.50846294,-0.47429687,0.51047263,0.50589091
0.28194848,0.55779261,0.24646962,0.50846338,-0.4742929,0.51048153,0.5058852
0.28194332,0.55788787,0.24646955,0.50846383,-0.47428893,0.51049044,0.50587949
0.28193817,0.55798308,0.24646949,0.50846427,-0.47428496,0.51049935,0.50587378
0.28193301,0.55807825,0.24646942,0.50846471,-0.47428099,0.51050826,0.50586807
0.28192785,0.55817337,0.24646934,0.50846515,-0.47427703,0.51051717,0.50586235
0.28192269,0.55826845,0.24646927,0.50846559,-0.47427306,0.51052608,0.50585663
0.28191753,0.55836348,0.2464692,0.50846603,-0.4742691,0.51053499,0.50585091
0.28191237,0.55845846,0.24646913,0.50846647,-0.47426513,0.51054391,0.50584518
0.2819072,0.5585534,0.24646906,0.50846691,-0.47426117,0.51055283,0.50583946
0.28190204,0.55864829,0.24646898,0.50846735,-0.47425721,0.51056174,0.50583373
0.28189687,0.55874313,0.24646891,0.50846778,-0.47425325,0.51057066,0.505828
0.2818917,0.55883793,0.24646884,0.50846822,-0.47424929,0.51057959,0.50582227
0.28188653,0.55893268,0.24646876,0.50846866,-0.47424533,0.51058851,0.50581653
0.28188136,0.55902738,0.24646869,0.50846909,-0.47424138,0.51059744,0.50581079
0.28187618,0.55912204,0.24646861,0.50846953,-0.47423742,0.51060636,0.50580505
0.28187101,0.55921665,0.24646853,0.50846996,-0.47423347,0.51061529,0.50579931
0.28186583,0.55931122,0.24646846,0.5084704,-0.47422952,0.51062422,0.50579356
0.28186065,0.55940574,0.24646838,0.50847083,-0.47422556,0.51063315,0.50578781
0.28185547,0.55950021,0.2464683,0.50847126,-0.47422161,0.51064209,0.50578206
0.28185029,0.55959463,0.24646822,0.50847169,-0.47421767,0.51065102,0.50577631
0.28184511,0.55968901,0.24646815,0.50847213,-0.47421372,0.51065996,0.50577055
0.28183992,0.55978334,0.24646807,0.50847256,-0.47420977,0.5106689,0.5057648
0.28183474,0.55987762,0.24646799,0.50847299,-0.47420583,0.51067784,0.50575903
0.28182955,0.55997186,0.24646791,0.50847342,-0.47420188,0.51068678,0.50575327
0.28182436,0.56006605,0.24646783,0.50847385,-0.47419794,0.51069572,0.50574751
0.28181916,0.56016019,0.24646774,0.50847427,-0.474194,0.51070467,0.50574174
0.28181397,0.56025428,0.24646766,0.5084747,-0.47419006,0.51071362,0.50573597
0.28180877,0.56034833,0.24646758,0.50847513,-0.47418612,0.51072256,0.5057302
0.28180358,0.56044233,0.2464675,0.50847556,-0.47418218,0.51073151,0.50572442
0.28179838,0.56053628,0.24646741,0.50847598,-0.47417824,0.51074047,0.50571864
0.28179317,0.56063019,0.24646733,0.50847641,-0.47417431,0.51074942,0.50571286
0.28178797,0.56072405,0.24646724,0.50847683,-0.47417037,0.51075837,0.50570708
0.28178277,0.56081786,0.24646716,0.50847726,-0.47416644,0.51076733,0.50570129
0.28177756,0.56091162,0.24646707,0.50847768,-0.47416251,0.51077629,0.50569551
0.28177235,0.56100533,0.24646699,0.5084781,-0.47415858,0.51078525,0.50568972
0.28176714,0.561099,0.2464669,0.50847853,-0.47415465,0.51079421,0.50568392
0.28176192,0.56119262,0.24646681,0.50847895,-0.47415072,0.51080317,0.50567813
0.28175671,0.56128619,0.24646673,0.50847937,-0.4741468,0.51081214,0.50567233
0.28175149,0.56137972,0.24646664,0.50847979,-0.47414287,0.5108211,0.50566653
0.28174627,0.56147319,0.24646655,0.50848021,-0.47413895,0.51083007,0.50566073
0.28174105,0.56156662,0.24646646,0.50848063,-0.47413503,0.51083904,0.50565492
0.28173582,0.56166,0.24646637,0.50848105,-0.4741311,0.51084801,0.50564912
0.28173059,0.56175334,0.24646628,0.50848147,-0.47412718,0.51085698,0.50564331
0.28172537,0.56184662,0.24646619,0.50848189,-0.47412327,0.51086596,0.50563749
0.28172013,0.56193986,0.2464661,0.5084823,-0.47411935,0.51087493,0.50563168
0.2817149,0.56203305,0.24646601,0.50848272,-0.47411543,0.51088391,0.50562586
0.28170966,0.56212619,0.24646591,0.50848313,-0.47411152,0.51089289,0.50562004
0.28170443,0.56221928,0.24646582,0.50848355,-0.47410761,0.51090187,0.50561422
0.28169918,0.56231232,0.24646573,0.50848396,-0.47410369,0.51091085,0.50560839
0.28169394,0.56240532,0.24646563,0.50848438,-0.47409978,0.51091983,0.50560257
0.2816887,0.56249827,0.24646554,0.50848479,-0.47409587,0.51092882,0.50559674
0.28168345,0.56259117,0.24646544,0.5084852,-0.47409197,0.51093781,0.50559091
0.2816782,0.56268402,0.24646535,0.50848562,-0.47408806,0.51094679,0.50558507
0.28167294,0.56277682,0.24646525,0.50848603,-0.47408415,0.51095578,0.50557923
0.28166769,0.56286957,0.24646515,0.50848644,-0.47408025,0.51096478,0.50557339
0.28166243,0.56296228,0.24646506,0.50848685,-0.47407635,0.51097377,0.50556755
0.28165717,0.56305494,0.24646496,0.50848726,-0.47407245,0.51098276,0.50556171
0.28165191,0.56314754,0.24646486,0.50848767,-0.47406855,0.51099176,0.50555586
0.28164664,0.5632401,0.24646476,0.50848808,-0.47406465,0.51100076,0.50555001
0.28164137,0.56333262,0.24646466,0.50848848,-0.47406075,0.51100976,0.50554416
0.2816361,0.56342508,0.24646456,0.50848889,-0.47405685,0.51101876,0.5055383
0.28163083,0.56351749,0.24646446,0.5084893,-0.47405296,0.51102776,0.50553245
0.28162555,0.56360986,0.24646436,0.5084897,-0.47404907,0.51103677,0.50552659
0.28162027,0.56370217,0.24646426,0.50849011,-0.47404518,0.51104577,0.50552072
0.28161499,0.56379444,0.24646416,0.50849051,-0.47404129,0.51105478,0.50551486
0.2816097,0.56388666,0.24646405,0.50849092,-0.4740374,0.51106379,0.50550899
0.28160441,0.56397883,0.24646395,0.50849132,-0.47403351,0.5110728,0.50550312
0.28159912,0.56407095,0.24646385,0.50849172,-0.47402962,0.51108181,0.50549725
0.28159383,0.56416302,0.24646374,0.50849212,-0.47402574,0.51109082,0.50549138
0.28158853,0.56425505,0.24646364,0.50849252,-0.47402186,0.51109984,0.5054855
0.28158323,0.56434702,0.24646353,0.50849292,-0.47401797,0.51110885,0.50547962
0.28157793,0.56443895,0.24646343,0.50849332,-0.47401409,0.51111787,0.50547374
0.28157262,0.56453082,0.24646332,0.50849372,-0.47401021,0.51112689,0.50546785
0.28156732,0.56462265,0.24646321,0.50849412,-0.47400634,0.51113591,0.50546197
0.281562,0.56471443,0.2464631,0.50849452,-0.47400246,0.51114494,0.50545608
0.28155669,0.56480616,0.24646299,0.50849492,-0.47399859,0.51115396,0.50545018
0.28155137,0.56489784,0.24646289,0.50849531,-0.47399471,0.51116299,0.50544429
0.28154605,0.56498947,0.24646278,0.50849571,-0.47399084,0.51117201,0.50543839
0.28154073,0.56508105,0.24646267,0.50849611,-0.47398697,0.51118104,0.50543249
0.2815354,0.56517258,0.24646256,0.5084965,-0.4739831,0.51119007,0.50542659
0.28153007,0.56526406,0.24646244,0.50849689,-0.47397923,0.51119911,0.50542068
0.28152474,0.56535549,0.24646233,0.50849729,-0.47397537,0.51120814,0.50541478
0.2815194,0.56544688,0.24646222,0.50849768,-0.4739715,0.51121717,0.50540887
0.28151406,0.56553821,0.24646211,0.50849807,-0.47396764,0.51122621,0.50540296
0.28150872,0.5656295,0.24646199,0.50849846,-0.47396378,0.51123525,0.50539704
0.28150337,0.56572073,0.24646188,0.50849886,-0.47395992,0.51124429,0.50539112
0.28149802,0.56581192,0.24646177,0.50849925,-0.47395606,0.51125333,0.5053852
0.28149267,0.56590305,0.24646165,0.50849964,-0.4739522,0.51126237,0.50537928
0.28148731,0.56599414,0.24646153,0.50850002,-0.47394835,0.51127142,0.50537336
0.28148195,0.56608518,0.24646142,0.50850041,-0.47394449,0.51128046,0.50536743
0.28147659,0.56617616,0.2464613,0.5085008,-0.47394064,0.51128951,0.5053615
0.28147122,0.5662671,0.24646118,0.50850119,-0.47393679,0.51129856,0.50535557
0.28146585,0.56635799,0.24646107,0.50850157,-0.47393294,0.51130761,0.50534963
0.28146048,0.56644883,0.24646095,0.50850196,-0.47392909,0.51131666,0.50534369
0.2814551,0.56653962,0.24646083,0.50850234,-0.47392524,0.51132571,0.50533775
0.28144972,0.56663035,0.24646071,0.50850273,-0.4739214,0.51133477,0.50533181
0.28144433,0.56672104,0.24646059,0.50850311,-0.47391755,0.51134383,0.50532587
0.28143894,0.56681168,0.24646047,0.50850349,-0.47391371,0.51135288,0.50531992
0.28143355,0.56690227,0.24646035,0.50850388,-0.47390987,0.51136194,0.50531397
0.28142816,0.56699281,0.24646022,0.50850426,-0.47390603,0.511371,0.50530802
0.28142276,0.5670833,0.2464601,0.50850464,-0.47390219,0.51138007,0.50530206
0.28141735,0.56717374,0.24645998,0.50850502,-0.47389836,0.51138913,0.5052961
0.28141195,0.56726413,0.24645985,0.5085054,-0.47389452,0.5113982,0.50529014
0.28140654,0.56735447,0.24645973,0.50850578,-0.47389069,0.51140726,0.50528418
0.28140112,0.56744476,0.2464596,0.50850615,-0.47388686,0.51141633,0.50527821
0.28139571,0.567535,0.24645948,0.50850653,-0.47388303,0.5114254,0.50527225
0.28139028,0.56762519,0.24645935,0.50850691,-0.4738792,0.51143447,0.50526628
0.28138486,0.56771533,0.24645923,0.50850728,-0.47387537,0.51144355,0.5052603
0.28137943,0.56780542,0.2464591,0.50850766,-0.47387155,0.51145262,0.50525433
0.281374,0.56789546,0.24645897,0.50850803,-0.47386772,0.5114617,0.50524835
0.28136856,0.56798545,0.24645884,0.50850841,-0.4738639,0.51147077,0.50524237
0.28136312,0.56807539,0.24645871,0.50850878,-0.47386008,0.51147985,0.50523638
0.28135767,0.56816528,0.24645858,0.50850915,-0.47385626,0.51148893,0.5052304
0.28135222,0.56825512,0.24645845,0.50850953,-0.47385244,0.51149801,0.50522441
0.28134677,0.56834491,0.24645832,0.5085099,-0.47384863,0.5115071,0.50521842
0.28134131,0.56843465,0.24645819,0.50851027,-0.47384481,0.51151618,0.50521243
0.28133585,0.56852434,0.24645806,0.50851064,-0.473841,0.51152527,0.50520643
0.28133039,0.56861397,0.24645792,0.50851101,-0.47383719,0.51153436,0.50520043
0.28132492,0.56870356,0.24645779,0.50851138,-0.47383338,0.51154345,0.50519443
0.28131944,0.5687931,0.24645766,0.50851174,-0.47382957,0.51155254,0.50518843
0.28131397,0.56888259,0.24645752,0.50851211,-0.47382576,0.51156163,0.50518242
0.28130848,0.56897203,0.24645739,0.50851248,-0.47382196,0.51157072,0.50517641
0.281303,0.56906141,0.24645725,0.50851284,-0.47381816,0.51157982,0.5051704
0.28129751,0.56915075,0.24645711,0.50851321,-0.47381435,0.51158891,0.50516439
0.28129201,0.56924004,0.24645698,0.50851357,-0.47381055,0.51159801,0.50515837
0.28128652,0.56932927,0.24645684,0.50851394,-0.47380676,0.51160711,0.50515235
0.28128101,0.56941846,0.2464567,0.5085143,-0.47380296,0.51161621,0.50514633
0.2812755,0.5695076,0.24645656,0.50851466,-0.47379916,0.51162531,0.50514031
0.28126999,0.56959668,0.24645642,0.50851502,-0.47379537,0.51163442,0.50513428
0.28126448,0.56968572,0.24645628,0.50851538,-0.47379158,0.51164352,0.50512825
0.28125896,0.5697747,0.24645614,0.50851574,-0.47378779,0.51165263,0.50512222
0.28125343,0.56986363,0.246456,0.5085161,-0.473784,0.51166174,0.50511619
0.2812479,0.56995252,0.24645586,0.50851646,-0.47378021,0.51167085,0.50511015
0.28124237,0.57004135,0.24645571,0.50851682,-0.47377643,0.51167996,0.50510411
0.28123683,0.57013013,0.24645557,0.50851718,-0.47377264,0.51168907,0.50509807
0.28123129,0.57021887,0.24645543,0.50851753,-0.47376886,0.51169819,0.50509202
0.28122574,0.57030755,0.24645528,0.50851789,-0.47376508,0.5117073,0.50508598
0.28122019,0.57039618,0.24645514,0.50851824,-0.4737613,0.51171642,0.50507993
0.28121463,0.57048476,0.24645499,0.5085186,-0.47375752,0.51172554,0.50507387
0.28120907,0.57057329,0.24645484,0.50851895,-0.47375375,0.51173466,0.50506782
0.28120351,0.57066177,0.2464547,0.5085193,-0.47374997,0.51174378,0.50506176
0.28119794,0.5707502,0.24645455,0.50851966,-0.4737462,0.5117529,0.5050557
0.28119236,0.57083858,0.2464544,0.50852001,-0.47374243,0.51176202,0.50504964
0.28118679,0.57092691,0.24645425,0.50852036,-0.47373866,0.51177115,0.50504358
0.2811812,0.57101518,0.2464541,0.50852071,-0.4737349,0.51178028,0.50503751
0.28117561,0.57110341,0.24645395,0.50852106,-0.47373113,0.51178941,0.50503144
0.28117002,0.57119159,0.2464538,0.50852141,-0.47372737,0.51179854,0.50502536
0.28116442,0.57127971,0.24645365,0.50852176,-0.4737236,0.51180767,0.50501929
0.28115882,0.57136779,0.2464535,0.5085221,-0.47371984,0.5118168,0.50501321
0.28115321,0.57145581,0.24645334,0.50852245,-0.47371608,0.51182593,0.50500713
0.2811476,0.57154379,0.24645319,0.5085228,-0.47371233,0.51183507,0.50500105
0.28114198,0.57163171,0.24645304,0.50852314,-0.47370857,0.51184421,0.50499496
0.28113636,0.57171959,0.24645288,0.50852349,-0.47370482,0.51185334,0.50498887
0.28113073,0.57180741,0.24645273,0.50852383,-0.47370107,0.51186248,0.50498278
0.2811251,0.57189518,0.24645257,0.50852417,-0.47369732,0.51187163,0.50497669
0.28111946,0.5719829,0.24645241,0.50852451,-0.47369357,0.51188077,0.50497059
0.28111382,0.57207057,0.24645225,0.50852486,-0.47368982,0.51188991,0.5049645
0.28110818,0.57215819,0.2464521,0.5085252,-0.47368608,0.51189906,0.50495839
0.28110253,0.57224576,0.24645194,0.50852554,-0.47368233,0.5119082,0.50495229
0.28109687,0.57233328,0.24645178,0.50852588,-0.47367859,0.51191735,0.50494618
0.28109121,0.57242075,0.24645162,0.50852621,-0.47367485,0.5119265,0.50494008
0.28108554,0.57250817,0.24645146,0.50852655,-0.47367111,0.51193565,0.50493396
0.28107987,0.57259553,0.2464513,0.50852689,-0.47366738,0.51194481,0.50492785
0.28107419,0.57268285,0.24645113,0.50852723,-0.47366364,0.51195396,0.50492173
0.28106851,0.57277011,0.24645097,0.50852756,-0.47365991,0.51196312,0.50491561
0.28106282,0.57285733,0.24645081,0.5085279,-0.47365618,0.51197227,0.50490949
0.28105713,0.57294449,0.24645064,0.50852823,-0.47365245,0.51198143,0.50490337
0.28105144,0.57303161,0.24645048,0.50852856,-0.47364872,0.51199059,0.50489724
0.28104573,0.57311867,0.24645031,0.5085289,-0.473645,0.51199975,0.50489111
0.28104003,0.57320568,0.24645015,0.50852923,-0.47364127,0.51200891,0.50488498
0.28103431,0.57329264,0.24644998,0.50852956,-0.47363755,0.51201808,0.50487884
0.2810286,0.57337956,0.24644981,0.50852989,-0.47363383,0.51202724,0.50487271
0.28102287,0.57346642,0.24644964,0.50853022,-0.47363011,0.51203641,0.50486657
0.28101715,0.57355323,0.24644947,0.50853055,-0.47362639,0.51204558,0.50486042
0.28101141,0.57363998,0.2464493,0.50853088,-0.47362268,0.51205474,0.50485428
0.28100567,0.57372669,0.24644913,0.50853121,-0.47361897,0.51206392,0.50484813
0.28099993,0.57381335,0.24644896,0.50853153,-0.47361525,0.51207309,0.50484198
0.28099418,0.57389996,0.24644879,0.50853186,-0.47361154,0.51208226,0.50483583
0.28098843,0.57398652,0.24644862,0.50853218,-0.47360784,0.51209144,0.50482967
0.28098267,0.57407302,0.24644845,0.50853251,-0.47360413,0.51210061,0.50482351
0.2809769,0.57415948,0.24644827,0.50853283,-0.47360043,0.51210979,0.50481735
0.28097113,0.57424588,0.2464481,0.50853316,-0.47359672,0.51211897,0.50481119
0.28096535,0.57433224,0.24644792,0.50853348,-0.47359302,0.51212815,0.50480502
0.28095957,0.57441854,0.24644775,0.5085338,-0.47358932,0.51213733,0.50479885
0.28095379,0.57450479,0.24644757,0.50853412,-0.47358563,0.51214651,0.50479268
0.28094799,0.57459099,0.24644739,0.50853444,-0.47358193,0.5121557,0.50478651
0.2809422,0.57467715,0.24644721,0.50853476,-0.47357824,0.51216488,0.50478033
0.28093639,0.57476325,0.24644704,0.50853508,-0.47357455,0.51217407,0.50477415
0.28093058,0.5748493,0.24644686,0.5085354,-0.47357086,0.51218326,0.50476797
0.28092477,0.5749353,0.24644668,0.50853571,-0.47356717,0.51219245,0.50476179
0.28091895,0.57502125,0.2464465,0.50853603,-0.47356348,0.51220164,0.5047556
0.28091312,0.57510715,0.24644631,0.50853634,-0.4735598,0.51221083,0.50474941
0.28090729,0.575193,0.24644613,0.50853666,-0.47355612,0.51222002,0.50474322
0.28090146,0.57527879,0.24644595,0.50853697,-0.47355244,0.51222922,0.50473702
0.28089561,0.57536454,0.24644577,0.50853729,-0.47354876,0.51223842,0.50473083
0.28088977,0.57545024,0.24644558,0.5085376,-0.47354508,0.51224761,0.50472463
0.28088391,0.57553588,0.2464454,0.50853791,-0.47354141,0.51225681,0.50471842
0.28087806,0.57562148,0.24644521,0.50853822,-0.47353773,0.51226601,0.50471222
0.28087219,0.57570702,0.24644502,0.50853853,-0.47353406,0.51227521,0.50470601
0.28086632,0.57579252,0.24644484,0.50853884,-0.47353039,0.51228442,0.5046998
0.28086044,0.57587796,0.24644465,0.50853915,-0.47352673,0.51229362,0.50469359
0.28085456,0.57596336,0.24644446,0.50853946,-0.47352306,0.51230283,0.50468737
0.28084868,0.5760487,0.24644427,0.50853977,-0.4735194,0.51231204,0.50468115
0.28084278,0.57613399,0.24644408,0.50854007,-0.47351573,0.51232124,0.50467493
0.28083688,0.57621923,0.24644389,0.50854038,-0.47351207,0.51233045,0.50466871
0.28083098,0.57630443,0.2464437,0.50854068,-0.47350842,0.51233966,0.50466248
0.28082507,0.57638957,0.24644351,0.50854099,-0.47350476,0.51234888,0.50465625
0.28081915,0.57647466,0.24644331,0.50854129,-0.47350111,0.51235809,0.50465002
0.28081323,0.5765597,0.24644312,0.50854159,-0.47349745,0.51236731,0.50464379
0.2808073,0.57664469,0.24644292,0.5085419,-0.4734938,0.51237652,0.50463755
0.28080137,0.57672963,0.24644273,0.5085422,-0.47349016,0.51238574,0.50463131
0.28079543,0.57681452,0.24644253,0.5085425,-0.47348651,0.51239496,0.50462507
0.28078949,0.57689936,0.24644234,0.5085428,-0.47348286,0.51240418,0.50461882
0.28078354,0.57698415,0.24644214,0.5085431,-0.47347922,0.5124134,0.50461258
0.28077758,0.57706888,0.24644194,0.50854339,-0.47347558,0.51242262,0.50460633
0.28077162,0.57715357,0.24644174,0.50854369,-0.47347194,0.51243185,0.50460007
0.28076565,0.57723821,0.24644154,0.50854399,-0.4734683,0.51244107,0.50459382
0.28075968,0.5773228,0.24644134,0.50854428,-0.47346467,0.5124503,0.50458756
0.2807537,0.57740733,0.24644114,0.50854458,-0.47346104,0.51245953,0.5045813
0.28074771,0.57749182,0.24644094,0.50854487,-0.47345741,0.51246876,0.50457504
0.28074172,0.57757626,0.24644074,0.50854517,-0.47345378,0.51247799,0.50456877
0.28073572,0.57766064,0.24644053,0.50854546,-0.47345015,0.51248722,0.5045625
0.28072972,0.57774498,0.24644033,0.50854575,-0.47344652,0.51249646,0.50455623
0.28072371,0.57782926,0.24644012,0.50854604,-0.4734429,0.51250569,0.50454996
0.28071769,0.5779135,0.24643992,0.50854633,-0.47343928,0.51251493,0.50454368
0.28071167,0.57799768,0.24643971,0.50854662,-0.47343566,0.51252416,0.5045374
0.28070564,0.57808182,0.24643951,0.50854691,-0.47343204,0.5125334,0.50453112
0.28069961,0.5781659,0.2464393,0.5085472,-0.47342843,0.51254264,0.50452484
0.28069357,0.57824994,0.24643909,0.50854748,-0.47342481,0.51255188,0.50451855
0.28068752,0.57833392,0.24643888,0.50854777,-0.4734212,0.51256113,0.50451226
0.28068147,0.57841786,0.24643867,0.50854806,-0.47341759,0.51257037,0.50450597
0.28067542,0.57850174,0.24643846,0.50854834,-0.47341399,0.51257962,0.50449967
0.28066935,0.57858558,0.24643825,0.50854863,-0.47341038,0.51258886,0.50449338
0.28066328,0.57866936,0.24643803,0.50854891,-0.47340678,0.51259811,0.50448708
0.28065721,0.57875309,0.24643782,0.50854919,-0.47340317,0.51260736,0.50448077
0.28065113,0.57883678,0.24643761,0.50854947,-0.47339957,0.51261661,0.50447447
0.28064504,0.57892041,0.24643739,0.50854975,-0.47339598,0.51262586,0.50446816
0.28063894,0.57900399,0.24643718,0.50855003,-0.47339238,0.51263511,0.50446185
0.28063284,0.57908753,0.24643696,0.50855031,-0.47338879,0.51264437,0.50445554
0.28062674,0.57917101,0.24643674,0.50855059,-0.4733852,0.51265362,0.50444922
0.28062063,0.57925445,0.24643653,0.50855087,-0.47338161,0.51266288,0.5044429
0.28061451,0.57933783,0.24643631,0.50855115,-0.47337802,0.51267214,0.50443658
0.28060838,0.57942116,0.24643609,0.50855142,-0.47337443,0.5126814,0.50443026
0.28060225,0.57950445,0.24643587,0.5085517,-0.47337085,0.51269066,0.50442393
0.28059612,0.57958768,0.24643565,0.50855197,-0.47336727,0.51269992,0.5044176
0.28058998,0.57967086,0.24643543,0.50855225,-0.47336369,0.51270918,0.50441127
0.28058383,0.579754,0.2464352,0.50855252,-0.47336011,0.51271844,0.50440493
0.28057767,0.57983708,0.24643498,0.50855279,-0.47335654,0.51272771,0.50439859
0.28057151,0.57992012,0.24643476,0.50855306,-0.47335296,0.51273698,0.50439225
0.28056534,0.5800031,0.24643453,0.50855333,-0.47334939,0.51274624,0.50438591
0.28055917,0.58008604,0.24643431,0.5085536,-0.47334582,0.51275551,0.50437957
0.28055299,0.58016892,0.24643408,0.50855387,-0.47334226,0.51276478,0.50437322
0.28054681,0.58025176,0.24643385,0.50855414,-0.47333869,0.51277406,0.50436687
0.28054062,0.58033454,0.24643363,0.50855441,-0.47333513,0.51278333,0.50436051
0.28053442,0.58041728,0.2464334,0.50855468,-0.47333157,0.5127926,0.50435416
0.28052821,0.58049996,0.24643317,0.50855494,-0.47332801,0.51280188,0.5043478
0.280522,0.5805826,0.24643294,0.50855521,-0.47332445,0.51281116,0.50434144
0.28051579,0.58066519,0.24643271,0.50855547,-0.47332089,0.51282043,0.50433507
0.28050957,0.58074772,0.24643247,0.50855573,-0.47331734,0.51282971,0.50432871
0.28050334,0.58083021,0.24643224,0.508556,-0.47331379,0.51283899,0.50432234
0.2804971,0.58091265,0.24643201,0.50855626,-0.47331024,0.51284827,0.50431597
0.28049086,0.58099504,0.24643177,0.50855652,-0.4733067,0.51285756,0.50430959
0.28048462,0.58107737,0.24643154,0.50855678,-0.47330315,0.51286684,0.50430321
0.28047836,0.58115966,0.2464313,0.50855704,-0.47329961,0.51287613,0.50429683
0.2804721,0.5812419,0.24643107,0.5085573,-0.47329607,0.51288541,0.50429045
0.28046584,0.58132409,0.24643083,0.50855756,-0.47329253,0.5128947,0.50428407
0.28045957,0.58140623,0.24643059,0.50855781,-0.47328899,0.51290399,0.50427768
0.28045329,0.58148832,0.24643035,0.50855807,-0.47328546,0.51291328,0.50427129
0.28044701,0.58157036,0.24643011,0.50855832,-0.47328193,0.51292257,0.50426489
0.28044072,0.58165236,0.24642987,0.50855858,-0.4732784,0.51293186,0.5042585
0.28043442,0.5817343,0.24642963,0.50855883,-0.47327487,0.51294116,0.5042521
0.28042812,0.58181619,0.24642939,0.50855909,-0.47327135,0.51295045,0.5042457
0.28042181,0.58189804,0.24642915,0.50855934,-0.47326782,0.51295975,0.50423929
0.28041549,0.58197983,0.2464289,0.50855959,-0.4732643,0.51296905,0.50423289
0.28040917,0.58206157,0.24642866,0.50855984,-0.47326078,0.51297835,0.50422648
0.28040284,0.58214327,0.24642841,0.50856009,-0.47325726,0.51298765,0.50422006
0.28039651,0.58222492,0.24642817,0.50856034,-0.47325375,0.51299695,0.50421365
0.28039017,0.58230651,0.24642792,0.50856059,-0.47325024,0.51300625,0.50420723
0.28038383,0.58238806,0.24642767,0.50856083,-0.47324673,0.51301555,0.50420081
0.28037747,0.58246956,0.24642743,0.50856108,-0.47324322,0.51302486,0.50419439
0.28037112,0.58255101,0.24642718,0.50856133,-0.47323971,0.51303416,0.50418796
0.28036475,0.58263241,0.24642693,0.50856157,-0.47323621,0.51304347,0.50418153
0.28035838,0.58271376,0.24642668,0.50856181,-0.4732327,0.51305278,0.5041751
0.28035201,0.58279506,0.24642642,0.50856206,-0.4732292,0.51306209,0.50416867
0.28034562,0.58287631,0.24642617,0.5085623,-0.47322571,0.5130714,0.50416223
0.28033923,0.58295752,0.24642592,0.50856254,-0.47322221,0.51308071,0.50415579
0.28033284,0.58303867,0.24642566,0.50856278,-0.47321872,0.51309002,0.50414935
0.28032644,0.58311977,0.24642541,0.50856302,-0.47321523,0.51309934,0.50414291
0.28032003,0.58320083,0.24642515,0.50856326,-0.47321174,0.51310865,0.50413646
0.28031362,0.58328184,0.2464249,0.5085635,-0.47320825,0.51311797,0.50413001
0.2803072,0.58336279,0.24642464,0.50856374,-0.47320476,0.51312729,0.50412356
0.28030077,0.5834437,0.24642438,0.50856397,-0.47320128,0.51313661,0.5041171
0.28029434,0.58352456,0.24642412,0.50856421,-0.4731978,0.51314593,0.50411064
0.2802879,0.58360537,0.24642386,0.50856445,-0.47319432,0.51315525,0.50410418
0.28028146,0.58368614,0.2464236,0.50856468,-0.47319085,0.51316457,0.50409772
0.28027501,0.58376685,0.24642334,0.50856491,-0.47318737,0.5131739,0.50409125
0.28026855,0.58384751,0.24642308,0.50856515,-0.4731839,0.51318322,0.50408479
0.28026209,0.58392813,0.24642282,0.50856538,-0.47318043,0.51319255,0.50407831
0.28025562,0.58400869,0.24642255,0.50856561,-0.47317696,0.51320187,0.50407184
0.28024915,0.58408921,0.24642229,0.50856584,-0.4731735,0.5132112,0.50406536
0.28024267,0.58416968,0.24642202,0.50856607,-0.47317004,0.51322053,0.50405888
0.28023618,0.5842501,0.24642176,0.5085663,-0.47316657,0.51322986,0.5040524
0.28022969,0.58433047,0.24642149,0.50856652,-0.47316312,0.51323919,0.50404592
0.28022319,0.58441079,0.24642122,0.50856675,-0.47315966,0.51324853,0.50403943
0.28021668,0.58449107,0.24642095,0.50856698,-0.47315621,0.51325786,0.50403294
0.28021017,0.58457129,0.24642068,0.5085672,-0.47315275,0.5132672,0.50402644
0.28020366,0.58465147,0.24642041,0.50856743,-0.4731493,0.51327653,0.50401995
0.28019713,0.5847316,0.24642014,0.50856765,-0.47314586,0.51328587,0.50401345
0.2801906,0.58481168,0.24641987,0.50856787,-0.47314241,0.51329521,0.50400695
0.28018407,0.58489171,0.2464196,0.50856809,-0.47313897,0.51330455,0.50400044
0.28017753,0.58497169,0.24641933,0.50856832,-0.47313553,0.51331389,0.50399394
0.28017098,0.58505162,0.24641905,0.50856854,-0.47313209,0.51332323,0.50398743
0.28016443,0.58513151,0.24641878,0.50856876,-0.47312865,0.51333258,0.50398092
0.28015787,0.58521134,0.2464185,0.50856897,-0.47312522,0.51334192,0.5039744
0.28015131,0.58529113,0.24641822,0.50856919,-0.47312179,0.51335127,0.50396788
0.28014473,0.58537087,0.24641795,0.50856941,-0.47311836,0.51336061,0.50396136
0.28013816,0.58545056,0.24641767,0.50856962,-0.47311493,0.51336996,0.50395484
0.28013158,0.5855302,0.24641739,0.50856984,-0.4731115,0.51337931,0.50394832
0.28012499,0.58560979,0.24641711,0.50857005,-0.47310808,0.51338866,0.50394179
0.28011839,0.58568934,0.24641683,0.50857027,-0.47310466,0.51339801,0.50393526
0.28011179,0.58576884,0.24641655,0.50857048,-0.47310124,0.51340737,0.50392872
0.28010519,0.58584828,0.24641626,0.50857069,-0.47309783,0.51341672,0.50392219
0.28009857,0.58592768,0.24641598,0.5085709,-0.47309441,0.51342607,0.50391565
0.28009196,0.58600704,0.2464157,0.50857111,-0.473091,0.51343543,0.5039091
0.28008533,0.58608634,0.24641541,0.50857132,-0.47308759,0.51344479,0.50390256
0.2800787,0.58616559,0.24641513,0.50857153,-0.47308419,0.51345415,0.50389601
0.28007207,0.5862448,0.24641484,0.50857174,-0.47308078,0.5134635,0.50388946
0.28006543,0.58632396,0.24641455,0.50857195,-0.47307738,0.51347286,0.50388291
0.28005878,0.58640307,0.24641426,0.50857215,-0.47307398,0.51348223,0.50387635
0.28005213,0.58648213,0.24641397,0.50857236,-0.47307058,0.51349159,0.5038698
0.28004547,0.58656115,0.24641369,0.50857256,-0.47306719,0.51350095,0.50386323
0.2800388,0.58664011,0.24641339,0.50857277,-0.47306379,0.51351032,0.50385667
0.28003214,0.58671903,0.2464131,0.50857297,-0.4730604,0.51351968,0.5038501
0.28002546,0.5867979,0.24641281,0.50857317,-0.47305701,0.51352905,0.50384353
0.28001878,0.58687672,0.24641252,0.50857337,-0.47305363,0.51353842,0.50383696
0.28001209,0.58695549,0.24641222,0.50857357,-0.47305024,0.51354779,0.50383039
0.2800054,0.58703422,0.24641193,0.50857377,-0.47304686,0.51355716,0.50382381
0.2799987,0.58711289,0.24641163,0.50857397,-0.47304348,0.51356653,0.50381723
0.279992,0.58719152,0.24641134,0.50857417,-0.4730401,0.5135759,0.50381065
0.27998529,0.5872701,0.24641104,0.50857436,-0.47303673,0.51358528,0.50380406
0.27997857,0.58734864,0.24641074,0.50857456,-0.47303336,0.51359465,0.50379747
0.27997185,0.58742712,0.24641044,0.50857475,-0.47302999,0.51360403,0.50379088
0.27996512,0.58750556,0.24641015,0.50857495,-0.47302662,0.5136134,0.50378429
0.27995839,0.58758395,0.24640985,0.50857514,-0.47302325,0.51362278,0.50377769
0.27995166,0.58766229,0.24640954,0.50857534,-0.47301989,0.51363216,0.50377109
0.27994491,0.58774058,0.24640924,0.50857553,-0.47301653,0.51364154,0.50376449
0.27993816,0.58781883,0.24640894,0.50857572,-0.47301317,0.51365092,0.50375789
0.27993141,0.58789703,0.24640864,0.50857591,-0.47300982,0.5136603,0.50375128
0.27992465,0.58797518,0.24640833,0.5085761,-0.47300646,0.51366969,0.50374467
0.27991789,0.58805328,0.24640803,0.50857629,-0.47300311,0.51367907,0.50373805
0.27991112,0.58813133,0.24640772,0.50857647,-0.47299976,0.51368846,0.50373144
0.27990434,0.58820934,0.24640741,0.50857666,-0.47299642,0.51369785,0.50372482
0.27989756,0.5882873,0.24640711,0.50857685,-0.47299307,0.51370723,0.5037182
0.27989077,0.58836521,0.2464068,0.50857703,-0.47298973,0.51371662,0.50371158
0.27988398,0.58844307,0.24640649,0.50857722,-0.47298639,0.51372601,0.50370495
0.27987718,0.58852089,0.24640618,0.5085774,-0.47298305,0.5137354,0.50369832
0.27987038,0.58859866,0.24640587,0.50857758,-0.47297972,0.51374479,0.50369169
0.27986357,0.58867638,0.24640556,0.50857776,-0.47297639,0.51375419,0.50368505
0.27985676,0.58875405,0.24640525,0.50857794,-0.47297306,0.51376358,0.50367841
0.27984994,0.58883168,0.24640493,0.50857812,-0.47296973,0.51377298,0.50367177
0.27984312,0.58890925,0.24640462,0.5085783,-0.4729664,0.51378237,0.50366513
0.27983629,0.58898678,0.2464043,0.50857848,-0.47296308,0.51379177,0.50365849
0.27982946,0.58906427,0.24640399,0.50857866,-0.47295976,0.51380117,0.50365184
0.27982262,0.5891417,0.24640367,0.50857883,-0.47295644,0.51381057,0.50364519
0.27981577,0.58921909,0.24640335,0.50857901,-0.47295313,0.51381997,0.50363853
0.27980892,0.58929643,0.24640304,0.50857918,-0.47294981,0.51382937,0.50363187
0.27980207,0.58937372,0.24640272,0.50857936,-0.4729465,0.51383877,0.50362521
0.27979521,0.58945097,0.2464024,0.50857953,-0.47294319,0.51384818,0.50361855
0.27978835,0.58952816,0.24640208,0.5085797,-0.47293989,0.51385758,0.50361189
0.27978148,0.58960531,0.24640176,0.50857988,-0.47293658,0.51386699,0.50360522
0.2797746,0.58968242,0.24640144,0.50858005,-0.47293328,0.51387639,0.50359855
0.27976772,0.58975947,0.24640111,0.50858022,-0.47292998,0.5138858,0.50359187
0.27976084,0.58983648,0.24640079,0.50858038,-0.47292669,0.51389521,0.5035852
0.27975395,0.58991344,0.24640047,0.50858055,-0.47292339,0.51390462,0.50357852
0.27974706,0.58999035,0.24640014,0.50858072,-0.4729201,0.51391403,0.50357184
0.27974016,0.59006722,0.24639982,0.50858089,-0.47291681,0.51392344,0.50356515
0.27973325,0.59014404,0.24639949,0.50858105,-0.47291353,0.51393286,0.50355847
0.27972634,0.59022081,0.24639916,0.50858122,-0.47291024,0.51394227,0.50355178
0.27971943,0.59029753,0.24639883,0.50858138,-0.47290696,0.51395169,0.50354508
0.27971251,0.59037421,0.24639851,0.50858154,-0.47290368,0.5139611,0.50353839
0.27970559,0.59045084,0.24639818,0.5085817,-0.4729004,0.51397052,0.50353169
0.27969866,0.59052742,0.24639785,0.50858187,-0.47289713,0.51397994,0.50352499
0.27969173,0.59060396,0.24639751,0.50858203,-0.47289386,0.51398936,0.50351829
0.27968479,0.59068044,0.24639718,0.50858219,-0.47289059,0.51399878,0.50351158
0.27967785,0.59075688,0.24639685,0.50858234,-0.47288732,0.5140082,0.50350487
0.2796709,0.59083328,0.24639652,0.5085825,-0.47288405,0.51401762,0.50349816
0.27966395,0.59090962,0.24639618,0.50858266,-0.47288079,0.51402704,0.50349144
0.279657,0.59098592,0.24639585,0.50858281,-0.47287753,0.51403647,0.50348473
0.27965004,0.59106218,0.24639551,0.50858297,-0.47287428,0.51404589,0.503478
0.27964307,0.59113838,0.24639518,0.50858312,-0.47287102,0.51405532,0.50347128
0.2796361,0.59121454,0.24639484,0.50858328,-0.47286777,0.51406475,0.50346456
0.27962913,0.59129065,0.2463945,0.50858343,-0.47286452,0.51407418,0.50345783
0.27962215,0.59136671,0.24639416,0.50858358,-0.47286127,0.51408361,0.5034511
0.27961517,0.59144273,0.24639382,0.50858373,-0.47285803,0.51409304,0.50344436
0.27960818,0.5915187,0.24639348,0.50858388,-0.47285478,0.51410247,0.50343762
0.27960119,0.59159462,0.24639314,0.50858403,-0.47285154,0.5141119,0.50343088
0.2795942,0.5916705,0.2463928,0.50858418,-0.47284831,0.51412133,0.50342414
0.2795872,0.59174633,0.24639246,0.50858433,-0.47284507,0.51413077,0.5034174
0.27958019,0.59182211,0.24639211,0.50858447,-0.47284184,0.5141402,0.50341065
0.27957319,0.59189785,0.24639177,0.50858462,-0.47283861,0.51414964,0.5034039
0.27956617,0.59197353,0.24639142,0.50858476,-0.47283538,0.51415908,0.50339714
0.27955916,0.59204918,0.24639108,0.50858491,-0.47283216,0.51416851,0.50339039
0.27955214,0.59212477,0.24639073,0.50858505,-0.47282893,0.51417795,0.50338363
0.27954511,0.59220032,0.24639039,0.50858519,-0.47282571,0.51418739,0.50337687
0.27953808,0.59227582,0.24639004,0.50858534,-0.47282249,0.51419683,0.5033701
0.27953105,0.59235127,0.24638969,0.50858548,-0.47281928,0.51420628,0.50336334
0.27952401,0.59242668,0.24638934,0.50858562,-0.47281607,0.51421572,0.50335657
0.27951697,0.59250204,0.24638899,0.50858575,-0.47281286,0.51422516,0.50334979
0.27950993,0.59257735,0.24638864,0.50858589,-0.47280965,0.51423461,0.50334302
0.27950288,0.59265262,0.24638829,0.50858603,-0.47280644,0.51424405,0.50333624
0.27949583,0.59272784,0.24638794,0.50858617,-0.47280324,0.5142535,0.50332946
0.27948877,0.59280301,0.24638758,0.5085863,-0.47280004,0.51426295,0.50332267
0.27948171,0.59287814,0.24638723,0.50858644,-0.47279684,0.5142724,0.50331589
0.27947465,0.59295322,0.24638688,0.50858657,-0.47279365,0.51428185,0.5033091
0.27946758,0.59302825,0.24638652,0.5085867,-0.47279046,0.5142913,0.5033023
0.27946051,0.59310324,0.24638617,0.50858683,-0.47278727,0.51430075,0.50329551
0.27945343,0.59317818,0.24638581,0.50858696,-0.47278408,0.5143102,0.50328871
0.27944636,0.59325307,0.24638545,0.5085871,-0.4727809,0.51431966,0.50328191
0.27943927,0.59332792,0.2463851,0.50858722,-0.47277771,0.51432911,0.50327511
0.27943219,0.59340272,0.24638474,0.50858735,-0.47277453,0.51433857,0.5032683
0.2794251,0.59347747,0.24638438,0.50858748,-0.47277136,0.51434803,0.50326149
0.27941801,0.59355218,0.24638402,0.50858761,-0.47276818,0.51435748,0.50325468
0.27941091,0.59362684,0.24638366,0.50858773,-0.47276501,0.51436694,0.50324786
0.27940381,0.59370145,0.2463833,0.50858786,-0.47276184,0.5143764,0.50324105
0.27939671,0.59377602,0.24638293,0.50858798,-0.47275867,0.51438586,0.50323423
0.2793896,0.59385054,0.24638257,0.50858811,-0.47275551,0.51439532,0.5032274
0.27938249,0.59392501,0.24638221,0.50858823,-0.47275235,0.51440479,0.50322058
0.27937538,0.59399944,0.24638184,0.50858835,-0.47274919,0.51441425,0.50321375
0.27936826,0.59407382,0.24638148,0.50858847,-0.47274603,0.51442371,0.50320692
0.27936114,0.59414816,0.24638111,0.50858859,-0.47274288,0.51443318,0.50320008
0.27935402,0.59422244,0.24638075,0.50858871,-0.47273973,0.51444264,0.50319325
0.27934689,0.59429669,0.24638038,0.50858883,-0.47273658,0.51445211,0.50318641
0.27933976,0.59437088,0.24638001,0.50858894,-0.47273343,0.51446158,0.50317956
0.27933263,0.59444503,0.24637965,0.50858906,-0.47273029,0.51447105,0.50317272
0.2793255,0.59451913,0.24637928,0.50858918,-0.47272715,0.51448052,0.50316587
0.27931836,0.59459319,0.24637891,0.50858929,-0.47272401,0.51448999,0.50315902
0.27931122,0.5946672,0.24637854,0.5085894,-0.47272087,0.51449946,0.50315216
0.27930407,0.59474116,0.24637817,0.50858952,-0.47271774,0.51450893,0.50314531
0.27929693,0.59481507,0.2463778,0.50858963,-0.47271461,0.51451841,0.50313845
0.27928978,0.59488894,0.24637742,0.50858974,-0.47271148,0.51452788,0.50313159
0.27928262,0.59496277,0.24637705,0.50858985,-0.47270835,0.51453736,0.50312472
0.27927547,0.59503655,0.24637668,0.50858996,-0.47270523,0.51454683,0.50311785
0.27926831,0.59511028,0.2463763,0.50859007,-0.47270211,0.51455631,0.50311098
0.27926115,0.59518396,0.24637593,0.50859017,-0.47269899,0.51456579,0.50310411
0.27925398,0.5952576,0.24637555,0.50859028,-0.47269588,0.51457527,0.50309723
0.27924682,0.59533119,0.24637518,0.50859039,-0.47269277,0.51458475,0.50309035
0.27923965,0.59540474,0.2463748,0.50859049,-0.47268966,0.51459423,0.50308347
0.27923248,0.59547824,0.24637443,0.5085906,-0.47268655,0.51460371,0.50307659
0.2792253,0.59555169,0.24637405,0.5085907,-0.47268344,0.51461319,0.5030697
0.27921813,0.5956251,0.24637367,0.5085908,-0.47268034,0.51462268,0.50306281
0.27921095,0.59569846,0.24637329,0.5085909,-0.47267724,0.51463216,0.50305592
0.27920377,0.59577177,0.24637291,0.508591,-0.47267415,0.51464165,0.50304902
0.27919658,0.59584504,0.24637253,0.5085911,-0.47267105,0.51465113,0.50304212
0.2791894,0.59591826,0.24637215,0.5085912,-0.47266796,0.51466062,0.50303522
0.27918221,0.59599144,0.24637177,0.5085913,-0.47266487,0.51467011,0.50302832
0.27917502,0.59606457,0.24637139,0.5085914,-0.47266179,0.5146796,0.50302141
0.27916783,0.59613765,0.246371,0.50859149,-0.4726587,0.51468909,0.5030145
0.27916063,0.59621069,0.24637062,0.50859159,-0.47265562,0.51469858,0.50300759
0.27915343,0.59628368,0.24637024,0.50859168,-0.47265254,0.51470807,0.50300067
0.27914624,0.59635662,0.24636985,0.50859178,-0.47264947,0.51471756,0.50299376
0.27913903,0.59642952,0.24636947,0.50859187,-0.47264639,0.51472705,0.50298683
0.27913183,0.59650237,0.24636908,0.50859196,-0.47264332,0.51473655,0.50297991
0.27912463,0.59657518,0.24636869,0.50859205,-0.47264026,0.51474604,0.50297298
0.27911742,0.59664794,0.24636831,0.50859214,-0.47263719,0.51475554,0.50296605
0.27911021,0.59672065,0.24636792,0.50859223,-0.47263413,0.51476504,0.50295912
0.279103,0.59679332,0.24636753,0.50859232,-0.47263107,0.51477453,0.50295219
0.27909579,0.59686594,0.24636714,0.50859241,-0.47262801,0.51478403,0.50294525
0.27908857,0.59693852,0.24636675,0.5085925,-0.47262496,0.51479353,0.50293831
0.27908136,0.59701105,0.24636636,0.50859258,-0.47262191,0.51480303,0.50293136
0.27907414,0.59708353,0.24636597,0.50859267,-0.47261886,0.51481253,0.50292442
0.27906692,0.59715597,0.24636558,0.50859275,-0.47261581,0.51482204,0.50291747
0.2790597,0.59722836,0.24636519,0.50859283,-0.47261277,0.51483154,0.50291052
0.27905247,0.59730071,0.2463648,0.50859292,-0.47260973,0.51484104,0.50290356
0.27904525,0.59737301,0.24636441,0.508593,-0.47260669,0.51485055,0.50289661
0.27903802,0.59744526,0.24636401,0.50859308,-0.47260365,0.51486005,0.50288964
0.2790308,0.59751747,0.24636362,0.50859316,-0.47260062,0.51486956,0.50288268
0.27902357,0.59758963,0.24636322,0.50859324,-0.47259759,0.51487907,0.50287572
0.27901634,0.59766175,0.24636283,0.50859331,-0.47259456,0.51488857,0.50286875
0.27900911,0.59773381,0.24636243,0.50859339,-0.47259154,0.51489808,0.50286178
0.27900188,0.59780584,0.24636204,0.50859347,-0.47258852,0.51490759,0.5028548
0.27899464,0.59787782,0.24636164,0.50859354,-0.4725855,0.5149171,0.50284782
0.27898741,0.59794975,0.24636125,0.50859362,-0.47258248,0.51492661,0.50284084
0.27898017,0.59802163,0.24636085,0.50859369,-0.47257947,0.51493613,0.50283386
0.27897293,0.59809347,0.24636045,0.50859376,-0.47257646,0.51494564,0.50282687
0.2789657,0.59816527,0.24636005,0.50859383,-0.47257345,0.51495515,0.50281989
0.27895846,0.59823702,0.24635965,0.50859391,-0.47257044,0.51496467,0.50281289
0.27895122,0.59830872,0.24635925,0.50859398,-0.47256744,0.51497418,0.5028059
0.27894398,0.59838037,0.24635885,0.50859404,-0.47256444,0.5149837,0.5027989
0.27893673,0.59845198,0.24635845,0.50859411,-0.47256144,0.51499322,0.5027919
0.27892949,0.59852355,0.24635805,0.50859418,-0.47255845,0.51500274,0.5027849
0.27892225,0.59859507,0.24635765,0.50859425,-0.47255545,0.51501226,0.5027779
0.278915,0.59866654,0.24635725,0.50859431,-0.47255246,0.51502178,0.50277089
0.27890776,0.59873797,0.24635685,0.50859438,-0.47254948,0.5150313,0.50276388
0.27890051,0.59880935,0.24635644,0.50859444,-0.47254649,0.51504082,0.50275686
0.27889327,0.59888068,0.24635604,0.5085945,-0.47254351,0.51505034,0.50274985
0.27888602,0.59895197,0.24635564,0.50859457,-0.47254053,0.51505986,0.50274283
0.27887877,0.59902322,0.24635523,0.50859463,-0.47253756,0.51506939,0.5027358
0.27887152,0.59909442,0.24635483,0.50859469,-0.47253459,0.51507891,0.50272878
0.27886428,0.59916557,0.24635442,0.50859475,-0.47253162,0.51508844,0.50272175
0.27885703,0.59923667,0.24635401,0.50859481,-0.47252865,0.51509796,0.50271472
0.27884978,0.59930773,0.24635361,0.50859486,-0.47252568,0.51510749,0.50270769
0.27884253,0.59937875,0.2463532,0.50859492,-0.47252272,0.51511702,0.50270065
0.27883528,0.59944972,0.24635279,0.50859498,-0.47251976,0.51512655,0.50269361
0.27882803,0.59952064,0.24635239,0.50859503,-0.47251681,0.51513608,0.50268657
0.27882078,0.59959152,0.24635198,0.50859509,-0.47251385,0.51514561,0.50267952
0.27881353,0.59966235,0.24635157,0.50859514,-0.4725109,0.51515514,0.50267247
0.27880628,0.59973314,0.24635116,0.50859519,-0.47250795,0.51516467,0.50266542
0.27879903,0.59980388,0.24635075,0.50859524,-0.47250501,0.5151742,0.50265837
0.27879178,0.59987457,0.24635034,0.50859529,-0.47250206,0.51518374,0.50265131
0.27878452,0.59994522,0.24634993,0.50859534,-0.47249912,0.51519327,0.50264425
0.27877727,0.60001582,0.24634952,0.50859539,-0.47249619,0.51520281,0.50263719
0.27877002,0.60008638,0.24634911,0.50859544,-0.47249325,0.51521234,0.50263013
0.27876277,0.60015689,0.2463487,0.50859549,-0.47249032,0.51522188,0.50262306
0.27875552,0.60022736,0.24634829,0.50859554,-0.47248739,0.51523142,0.50261599
0.27874827,0.60029778,0.24634787,0.50859558,-0.47248447,0.51524095,0.50260892
0.27874102,0.60036815,0.24634746,0.50859563,-0.47248154,0.51525049,0.50260184
0.27873377,0.60043848,0.24634705,0.50859567,-0.47247862,0.51526003,0.50259476
0.27872653,0.60050877,0.24634663,0.50859571,-0.47247571,0.51526957,0.50258768
0.27871928,0.600579,0.24634622,0.50859575,-0.47247279,0.51527912,0.50258059
0.27871203,0.6006492,0.24634581,0.5085958,-0.47246988,0.51528866,0.50257351
0.27870478,0.60071934,0.24634539,0.50859584,-0.47246697,0.5152982,0.50256642
0.27869753,0.60078944,0.24634498,0.50859588,-0.47246406,0.51530774,0.50255932
0.27869029,0.6008595,0.24634456,0.50859591,-0.47246116,0.51531729,0.50255223
0.27868304,0.60092951,0.24634415,0.50859595,-0.47245826,0.51532683,0.50254513
0.2786758,0.60099947,0.24634373,0.50859599,-0.47245536,0.51533638,0.50253803
0.27866855,0.60106939,0.24634331,0.50859602,-0.47245247,0.51534593,0.50253092
0.27866131,0.60113927,0.2463429,0.50859606,-0.47244957,0.51535547,0.50252381
0.27865407,0.60120909,0.24634248,0.50859609,-0.47244669,0.51536502,0.5025167
0.27864683,0.60127888,0.24634206,0.50859613,-0.4724438,0.51537457,0.50250959
0.27863958,0.60134861,0.24634164,0.50859616,-0.47244091,0.51538412,0.50250247
0.27863234,0.6014183,0.24634122,0.50859619,-0.47243803,0.51539367,0.50249536
0.27862511,0.60148795,0.24634081,0.50859622,-0.47243516,0.51540322,0.50248823
0.27861787,0.60155755,0.24634039,0.50859625,-0.47243228,0.51541278,0.50248111
0.27861063,0.6016271,0.24633997,0.50859628,-0.47242941,0.51542233,0.50247398
0.27860339,0.60169661,0.24633955,0.50859631,-0.47242654,0.51543188,0.50246685
0.27859616,0.60176608,0.24633913,0.50859633,-0.47242367,0.51544144,0.50245972
0.27858893,0.60183549,0.24633871,0.50859636,-0.47242081,0.51545099,0.50245258
0.27858169,0.60190487,0.24633829,0.50859639,-0.47241795,0.51546055,0.50244544
0.27857446,0.60197419,0.24633787,0.50859641,-0.47241509,0.5154701,0.5024383
0.27856723,0.60204348,0.24633744,0.50859643,-0.47241223,0.51547966,0.50243116
0.27856001,0.60211271,0.24633702,0.50859646,-0.47240938,0.51548922,0.50242401
0.27855278,0.6021819,0.2463366,0.50859648,-0.47240653,0.51549878,0.50241686
0.27854555,0.60225105,0.24633618,0.5085965,-0.47240368,0.51550834,0.50240971
0.27853833,0.60232015,0.24633576,0.50859652,-0.47240084,0.5155179,0.50240255
0.27853111,0.6023892,0.24633533,0.50859654,-0.472398,0.51552746,0.50239539
0.27852389,0.60245821,0.24633491,0.50859656,-0.47239516,0.51553702,0.50238823
0.27851667,0.60252717,0.24633449,0.50859658,-0.47239232,0.51554658,0.50238107
0.27850945,0.60259609,0.24633406,0.50859659,-0.47238949,0.51555615,0.5023739
0.27850223,0.60266497,0.24633364,0.50859661,-0.47238666,0.51556571,0.50236673
0.27849502,0.60273379,0.24633321,0.50859662,-0.47238383,0.51557528,0.50235956
0.27848781,0.60280258,0.24633279,0.50859664,-0.47238101,0.51558484,0.50235238
0.2784806,0.60287131,0.24633237,0.50859665,-0.47237819,0.51559441,0.5023452
0.27847339,0.60294,0.24633194,0.50859666,-0.47237537,0.51560397,0.50233802
0.27846618,0.60300865,0.24633152,0.50859667,-0.47237255,0.51561354,0.50233084
0.27845898,0.60307725,0.24633109,0.50859668,-0.47236974,0.51562311,0.50232365
0.27845178,0.60314581,0.24633066,0.50859669,-0.47236693,0.51563268,0.50231646
0.27844458,0.60321432,0.24633024,0.5085967,-0.47236412,0.51564225,0.50230927
0.27843738,0.60328278,0.24632981,0.50859671,-0.47236132,0.51565182,0.50230207
0.27843018,0.6033512,0.24632939,0.50859672,-0.47235852,0.51566139,0.50229487
0.27842299,0.60341958,0.24632896,0.50859672,-0.47235572,0.51567096,0.50228767
0.2784158,0.6034879,0.24632853,0.50859673,-0.47235293,0.51568053,0.50228047
0.27840861,0.60355619,0.24632811,0.50859673,-0.47235013,0.51569011,0.50227326
0.27840142,0.60362443,0.24632768,0.50859674,-0.47234734,0.51569968,0.50226605
0.27839424,0.60369262,0.24632725,0.50859674,-0.47234456,0.51570925,0.50225884
0.27838705,0.60376077,0.24632682,0.50859674,-0.47234177,0.51571883,0.50225162
0.27837987,0.60382887,0.2463264,0.50859674,-0.47233899,0.51572841,0.5022444
0.2783727,0.60389693,0.24632597,0.50859674,-0.47233622,0.51573798,0.50223718
0.27836552,0.60396494,0.24632554,0.50859674,-0.47233344,0.51574756,0.50222996
0.27835835,0.60403291,0.24632511,0.50859674,-0.47233067,0.51575714,0.50222273
0.27835118,0.60410083,0.24632468,0.50859674,-0.4723279,0.51576672,0.5022155
0.27834401,0.60416871,0.24632425,0.50859673,-0.47232513,0.5157763,0.50220827
0.27833685,0.60423654,0.24632382,0.50859673,-0.47232237,0.51578588,0.50220103
0.27832969,0.60430433,0.24632339,0.50859672,-0.47231961,0.51579546,0.50219379
0.27832253,0.60437207,0.24632297,0.50859672,-0.47231685,0.51580504,0.50218655
0.27831538,0.60443976,0.24632254,0.50859671,-0.4723141,0.51581462,0.50217931
0.27830822,0.60450741,0.24632211,0.5085967,-0.47231134,0.5158242,0.50217206
0.27830107,0.60457502,0.24632168,0.5085967,-0.4723086,0.51583379,0.50216481
0.27829393,0.60464258,0.24632125,0.50859669,-0.47230585,0.51584337,0.50215756
0.27828678,0.6047101,0.24632082,0.50859668,-0.47230311,0.51585296,0.5021503
0.27827964,0.60477757,0.24632039,0.50859666,-0.47230037,0.51586254,0.50214304
0.2782725,0.60484499,0.24631995,0.50859665,-0.47229763,0.51587213,0.50213578
0.27826537,0.60491237,0.24631952,0.50859664,-0.4722949,0.51588171,0.50212852
0.27825824,0.60497971,0.24631909,0.50859662,-0.47229216,0.5158913,0.50212125
0.27825111,0.605047,0.24631866,0.50859661,-0.47228944,0.51590089,0.50211398
0.27824398,0.60511425,0.24631823,0.50859659,-0.47228671,0.51591048,0.50210671
0.27823686,0.60518145,0.2463178,0.50859658,-0.47228399,0.51592007,0.50209943
0.27822974,0.6052486,0.24631737,0.50859656,-0.47228127,0.51592966,0.50209215
0.27822263,0.60531571,0.24631694,0.50859654,-0.47227855,0.51593925,0.50208487
0.27821552,0.60538278,0.24631651,0.50859652,-0.47227584,0.51594884,0.50207759
0.27820841,0.6054498,0.24631607,0.5085965,-0.47227313,0.51595843,0.5020703
0.2782013,0.60551677,0.24631564,0.50859648,-0.47227042,0.51596803,0.50206301
0.2781942,0.6055837,0.24631521,0.50859646,-0.47226772,0.51597762,0.50205572
0.27818711,0.60565059,0.24631478,0.50859644,-0.47226501,0.51598721,0.50204842
0.27818001,0.60571743,0.24631435,0.50859641,-0.47226232,0.51599681,0.50204112
0.27817292,0.60578423,0.24631392,0.50859639,-0.47225962,0.5160064,0.50203382
0.27816584,0.60585098,0.24631348,0.50859636,-0.47225693,0.516016,0.50202651
0.27815875,0.60591768,0.24631305,0.50859634,-0.47225424,0.5160256,0.50201921
0.27815167,0.60598434,0.24631262,0.50859631,-0.47225155,0.51603519,0.5020119
0.2781446,0.60605096,0.24631219,0.50859628,-0.47224887,0.51604479,0.50200458
0.27813753,0.60611753,0.24631175,0.50859626,-0.47224619,0.51605439,0.50199727
0.27813046,0.60618406,0.24631132,0.50859623,-0.47224351,0.51606399,0.50198995
0.27812339,0.60625054,0.24631089,0.5085962,-0.47224083,0.51607359,0.50198263
0.27811633,0.60631698,0.24631046,0.50859616,-0.47223816,0.51608319,0.5019753
0.27810928,0.60638337,0.24631002,0.50859613,-0.47223549,0.51609279,0.50196798
0.27810223,0.60644972,0.24630959,0.5085961,-0.47223282,0.51610239,0.50196065
0.27809518,0.60651602,0.24630916,0.50859607,-0.47223016,0.51611199,0.50195331
0.27808814,0.60658228,0.24630872,0.50859603,-0.4722275,0.5161216,0.50194598
0.2780811,0.60664849,0.24630829,0.50859599,-0.47222484,0.5161312,0.50193864
0.27807406,0.60671466,0.24630786,0.50859596,-0.47222219,0.5161408,0.5019313
0.27806703,0.60678078,0.24630743,0.50859592,-0.47221954,0.51615041,0.50192395
0.27806,0.60684686,0.24630699,0.50859588,-0.47221689,0.51616001,0.5019166
0.27805298,0.60691289,0.24630656,0.50859584,-0.47221425,0.51616962,0.50190925
0.27804596,0.60697888,0.24630613,0.5085958,-0.4722116,0.51617923,0.5019019
0.27803895,0.60704483,0.24630569,0.50859576,-0.47220896,0.51618883,0.50189454
0.27803194,0.60711073,0.24630526,0.50859572,-0.47220633,0.51619844,0.50188718
0.27802494,0.60717658,0.24630483,0.50859568,-0.47220369,0.51620805,0.50187982
0.27801794,0.60724239,0.24630439,0.50859564,-0.47220106,0.51621766,0.50187246
0.27801094,0.60730816,0.24630396,0.50859559,-0.47219844,0.51622727,0.50186509
0.27800395,0.60737388,0.24630353,0.50859555,-0.47219581,0.51623688,0.50185772
0.27799696,0.60743956,0.2463031,0.5085955,-0.47219319,0.51624649,0.50185035
0.27798998,0.60750519,0.24630266,0.50859545,-0.47219057,0.5162561,0.50184297
0.277983,0.60757078,0.24630223,0.50859541,-0.47218796,0.51626571,0.50183559
0.27797603,0.60763632,0.2463018,0.50859536,-0.47218535,0.51627532,0.50182821
0.27796906,0.60770182,0.24630136,0.50859531,-0.47218274,0.51628494,0.50182082
0.2779621,0.60776727,0.24630093,0.50859526,-0.47218013,0.51629455,0.50181344
0.27795514,0.60783268,0.2463005,0.50859521,-0.47217753,0.51630417,0.50180605
0.27794819,0.60789805,0.24630006,0.50859515,-0.47217493,0.51631378,0.50179865
0.27794124,0.60796337,0.24629963,0.5085951,-0.47217233,0.5163234,0.50179126
0.27793429,0.60802864,0.2462992,0.50859505,-0.47216974,0.51633301,0.50178386
0.27792735,0.60809387,0.24629877,0.50859499,-0.47216715,0.51634263,0.50177645
0.27792042,0.60815906,0.24629833,0.50859494,-0.47216456,0.51635225,0.50176905
0.27791349,0.6082242,0.2462979,0.50859488,-0.47216197,0.51636186,0.50176164
0.27790657,0.6082893,0.24629747,0.50859482,-0.47215939,0.51637148,0.50175423
0.27789965,0.60835435,0.24629704,0.50859477,-0.47215681,0.5163811,0.50174682
0.27789274,0.60841936,0.2462966,0.50859471,-0.47215424,0.51639072,0.5017394
0.27788583,0.60848433,0.24629617,0.50859465,-0.47215166,0.51640034,0.50173198
0.27787892,0.60854925,0.24629574,0.50859459,-0.47214909,0.51640996,0.50172456
0.27787203,0.60861412,0.24629531,0.50859452,-0.47214653,0.51641958,0.50171713
0.27786513,0.60867896,0.24629487,0.50859446,-0.47214396,0.51642921,0.5017097
0.27785825,0.60874374,0.24629444,0.5085944,-0.4721414,0.51643883,0.50170227
0.27785136,0.60880849,0.24629401,0.50859433,-0.47213885,0.51644845,0.50169484
0.27784449,0.60887319,0.24629358,0.50859427,-0.47213629,0.51645807,0.5016874
0.27783761,0.60893784,0.24629315,0.5085942,-0.47213374,0.5164677,0.50167996
0.27783075,0.60900245,0.24629271,0.50859414,-0.47213119,0.51647732,0.50167252
0.27782389,0.60906702,0.24629228,0.50859407,-0.47212865,0.51648695,0.50166507
0.27781703,0.60913154,0.24629185,0.508594,-0.4721261,0.51649657,0.50165763
0.27781018,0.60919602,0.24629142,0.50859393,-0.47212356,0.5165062,0.50165018
0.27780334,0.60926045,0.24629099,0.50859386,-0.47212103,0.51651583,0.50164272
0.2777965,0.60932484,0.24629056,0.50859379,-0.4721185,0.51652545,0.50163526
0.27778967,0.60938919,0.24629013,0.50859372,-0.47211596,0.51653508,0.5016278
0.27778284,0.60945349,0.24628969,0.50859365,-0.47211344,0.51654471,0.50162034
0.27777602,0.60951774,0.24628926,0.50859357,-0.47211091,0.51655434,0.50161288
0.2777692,0.60958196,0.24628883,0.5085935,-0.47210839,0.51656397,0.50160541
0.27776239,0.60964613,0.2462884,0.50859342,-0.47210588,0.5165736,0.50159794
0.27775559,0.60971025,0.24628797,0.50859335,-0.47210336,0.51658323,0.50159046
0.27774879,0.60977433,0.24628754,0.50859327,-0.47210085,0.51659286,0.50158298
0.27774199,0.60983837,0.24628711,0.50859319,-0.47209834,0.51660249,0.5015755
0.27773521,0.60990236,0.24628668,0.50859311,-0.47209584,0.51661212,0.50156802
0.27772843,0.60996631,0.24628625,0.50859303,-0.47209333,0.51662176,0.50156054
0.27772165,0.61003021,0.24628582,0.50859295,-0.47209083,0.51663139,0.50155305
0.27771488,0.61009408,0.24628539,0.50859287,-0.47208834,0.51664102,0.50154555
0.27770812,0.61015789,0.24628496,0.50859279,-0.47208584,0.51665066,0.50153806
0.27770136,0.61022167,0.24628453,0.50859271,-0.47208335,0.51666029,0.50153056
0.27769461,0.61028539,0.2462841,0.50859262,-0.47208087,0.51666993,0.50152306
0.27768786,0.61034908,0.24628367,0.50859254,-0.47207838,0.51667956,0.50151556
0.27768112,0.61041272,0.24628324,0.50859245,-0.4720759,0.5166892,0.50150805
0.27767439,0.61047632,0.24628282,0.50859237,-0.47207343,0.51669884,0.50150054
0.27766766,0.61053987,0.24628239,0.50859228,-0.47207095,0.51670848,0.50149303
0.27766094,0.61060338,0.24628196,0.50859219,-0.47206848,0.51671811,0.50148552
0.27765423,0.61066685,0.24628153,0.5085921,-0.47206601,0.51672775,0.501478
0.27764752,0.61073027,0.2462811,0.50859201,-0.47206355,0.51673739,0.50147048
0.27764081,0.61079365,0.24628067,0.50859192,-0.47206108,0.51674703,0.50146296
0.27763412,0.61085698,0.24628025,0.50859183,-0.47205862,0.51675667,0.50145543
0.27762743,0.61092027,0.24627982,0.50859174,-0.47205617,0.51676631,0.5014479
0.27762074,0.61098352,0.24627939,0.50859165,-0.47205372,0.51677595,0.50144037
0.27761407,0.61104673,0.24627896,0.50859155,-0.47205127,0.51678559,0.50143283
0.2776074,0.61110989,0.24627854,0.50859146,-0.47204882,0.51679524,0.50142529
0.27760073,0.611173,0.24627811,0.50859136,-0.47204638,0.51680488,0.50141775
0.27759407,0.61123607,0.24627768,0.50859126,-0.47204394,0.51681452,0.50141021
0.27758742,0.6112991,0.24627726,0.50859117,-0.4720415,0.51682416,0.50140266
0.27758077,0.61136209,0.24627683,0.50859107,-0.47203906,0.51683381,0.50139511
0.27757414,0.61142503,0.2462764,0.50859097,-0.47203663,0.51684345,0.50138756
0.2775675,0.61148793,0.24627598,0.50859087,-0.47203421,0.5168531,0.50138001
0.27756088,0.61155079,0.24627555,0.50859077,-0.47203178,0.51686274,0.50137245
0.27755426,0.6116136,0.24627513,0.50859067,-0.47202936,0.51687239,0.50136489
0.27754764,0.61167636,0.2462747,0.50859056,-0.47202694,0.51688204,0.50135732
0.27754104,0.61173909,0.24627428,0.50859046,-0.47202453,0.51689168,0.50134976
0.27753444,0.61180177,0.24627385,0.50859036,-0.47202211,0.51690133,0.50134219
0.27752785,0.61186441,0.24627343,0.50859025,-0.4720197,0.51691098,0.50133461
0.27752126,0.611927,0.246273,0.50859015,-0.4720173,0.51692063,0.50132704
0.27751468,0.61198955,0.24627258,0.50859004,-0.4720149,0.51693027,0.50131946
0.27750811,0.61205206,0.24627216,0.50858993,-0.4720125,0.51693992,0.50131188
0.27750154,0.61211453,0.24627173,0.50858982,-0.4720101,0.51694957,0.50130429
0.27749498,0.61217695,0.24627131,0.50858971,-0.47200771,0.51695922,0.50129671
0.27748843,0.61223932,0.24627089,0.5085896,-0.47200532,0.51696887,0.50128912
0.27748188,0.61230166,0.24627046,0.50858949,-0.47200293,0.51697853,0.50128152
0.27747534,0.61236395,0.24627004,0.50858938,-0.47200054,0.51698818,0.50127393
0.27746881,0.6124262,0.24626962,0.50858927,-0.47199816,0.51699783,0.50126633
0.27746229,0.6124884,0.2462692,0.50858916,-0.47199579,0.51700748,0.50125873
0.27745577,0.61255057,0.24626877,0.50858904,-0.47199341,0.51701714,0.50125112
0.27744925,0.61261268,0.24626835,0.50858893,-0.47199104,0.51702679,0.50124352
0.27744275,0.61267476,0.24626793,0.50858881,-0.47198867,0.51703644,0.50123591
0.27743625,0.61273679,0.24626751,0.50858869,-0.47198631,0.5170461,0.50122829
0.27742976,0.61279878,0.24626709,0.50858858,-0.47198395,0.51705575,0.50122068
0.27742328,0.61286073,0.24626667,0.50858846,-0.47198159,0.51706541,0.50121306
0.2774168,0.61292263,0.24626625,0.50858834,-0.47197923,0.51707506,0.50120543
0.27741033,0.61298449,0.24626583,0.50858822,-0.47197688,0.51708472,0.50119781
0.27740387,0.61304631,0.24626541,0.5085881,-0.47197453,0.51709438,0.50119018
0.27739741,0.61310808,0.24626499,0.50858797,-0.47197218,0.51710403,0.50118255
0.27739096,0.61316981,0.24626457,0.50858785,-0.47196984,0.51711369,0.50117492
0.27738452,0.6132315,0.24626415,0.50858773,-0.4719675,0.51712335,0.50116728
0.27737809,0.61329315,0.24626373,0.5085876,-0.47196516,0.51713301,0.50115964
0.27737166,0.61335475,0.24626331,0.50858748,-0.47196283,0.51714267,0.501152
0.27736524,0.61341631,0.24626289,0.50858735,-0.4719605,0.51715232,0.50114435
0.27735883,0.61347783,0.24626248,0.50858723,-0.47195817,0.51716198,0.50113671
0.27735242,0.6135393,0.24626206,0.5085871,-0.47195585,0.51717164,0.50112906
0.27734602,0.61360073,0.24626164,0.50858697,-0.47195353,0.51718131,0.5011214
0.27733963,0.61366212,0.24626122,0.50858684,-0.47195121,0.51719097,0.50111374
0.27733325,0.61372347,0.24626081,0.50858671,-0.4719489,0.51720063,0.50110609
0.27732687,0.61378477,0.24626039,0.50858658,-0.47194659,0.51721029,0.50109842
0.2773205,0.61384603,0.24625997,0.50858645,-0.47194428,0.51721995,0.50109076
0.27731414,0.61390725,0.24625956,0.50858631,-0.47194197,0.51722961,0.50108309
0.27730778,0.61396842,0.24625914,0.50858618,-0.47193967,0.51723928,0.50107542
0.27730143,0.61402956,0.24625873,0.50858605,-0.47193737,0.51724894,0.50106774
0.27729509,0.61409065,0.24625831,0.50858591,-0.47193508,0.5172586,0.50106007
0.27728876,0.61415169,0.2462579,0.50858577,-0.47193279,0.51726827,0.50105239
0.27728244,0.6142127,0.24625748,0.50858564,-0.4719305,0.51727793,0.5010447
0.27727612,0.61427366,0.24625707,0.5085855,-0.47192821,0.5172876,0.50103702
0.27726981,0.61433458,0.24625665,0.50858536,-0.47192593,0.51729726,0.50102933
0.2772635,0.61439546,0.24625624,0.50858522,-0.47192365,0.51730693,0.50102164
0.27725721,0.61445629,0.24625583,0.50858508,-0.47192137,0.5173166,0.50101394
0.27725092,0.61451709,0.24625541,0.50858494,-0.4719191,0.51732626,0.50100624
0.27724464,0.61457784,0.246255,0.5085848,-0.47191683,0.51733593,0.50099854
0.27723836,0.61463855,0.24625459,0.50858466,-0.47191457,0.5173456,0.50099084
0.2772321,0.61469921,0.24625418,0.50858451,-0.4719123,0.51735527,0.50098313
0.27722584,0.61475983,0.24625377,0.50858437,-0.47191004,0.51736494,0.50097543
0.27721958,0.61482042,0.24625335,0.50858422,-0.47190779,0.5173746,0.50096771
0.27721334,0.61488095,0.24625294,0.50858408,-0.47190553,0.51738427,0.50096
0.2772071,0.61494145,0.24625253,0.50858393,-0.47190328,0.51739394,0.50095228
0.27720088,0.61500191,0.24625212,0.50858378,-0.47190103,0.51740361,0.50094456
0.27719465,0.61506232,0.24625171,0.50858363,-0.47189879,0.51741328,0.50093684
0.27718844,0.61512269,0.2462513,0.50858348,-0.47189655,0.51742295,0.50092911
0.27718223,0.61518302,0.24625089,0.50858333,-0.47189431,0.51743263,0.50092138
0.27717604,0.6152433,0.24625048,0.50858318,-0.47189208,0.5174423,0.50091365
0.27716984,0.61530355,0.24625007,0.50858303,-0.47188985,0.51745197,0.50090591
0.27716366,0.61536375,0.24624967,0.50858288,-0.47188762,0.51746164,0.50089817
0.27715749,0.61542391,0.24624926,0.50858272,-0.47188539,0.51747131,0.50089043
0.27715132,0.61548403,0.24624885,0.50858257,-0.47188317,0.51748099,0.50088269
0.27714516,0.6155441,0.24624844,0.50858242,-0.47188096,0.51749066,0.50087494
0.277139,0.61560414,0.24624804,0.50858226,-0.47187874,0.51750033,0.50086719
0.27713286,0.61566413,0.24624763,0.5085821,-0.47187653,0.51751001,0.50085944
0.27712672,0.61572408,0.24624722,0.50858194,-0.47187432,0.51751968,0.50085168
0.27712059,0.61578399,0.24624682,0.50858179,-0.47187211,0.51752936,0.50084393
0.27711447,0.61584385,0.24624641,0.50858163,-0.47186991,0.51753903,0.50083616
0.27710835,0.61590368,0.246246,0.50858147,-0.47186771,0.51754871,0.5008284
0.27710225,0.61596346,0.2462456,0.50858131,-0.47186552,0.51755839,0.50082063
0.27709615,0.6160232,0.24624519,0.50858114,-0.47186333,0.51756806,0.50081286
0.27709006,0.6160829,0.24624479,0.50858098,-0.47186114,0.51757774,0.50080509
0.27708397,0.61614256,0.24624439,0.50858082,-0.47185895,0.51758742,0.50079731
0.2770779,0.61620218,0.24624398,0.50858065,-0.47185677,0.51759709,0.50078953
0.27707183,0.61626175,0.24624358,0.50858049,-0.47185459,0.51760677,0.50078175
0.27706577,0.61632128,0.24624318,0.50858032,-0.47185241,0.51761645,0.50077397
0.27705971,0.61638078,0.24624277,0.50858016,-0.47185024,0.51762613,0.50076618
0.27705367,0.61644023,0.24624237,0.50857999,-0.47184807,0.51763581,0.50075839
0.27704763,0.61649963,0.24624197,0.50857982,-0.47184591,0.51764549,0.5007506
0.2770416,0.616559,0.24624157,0.50857965,-0.47184374,0.51765517,0.5007428
0.27703558,0.61661833,0.24624116,0.50857948,-0.47184158,0.51766485,0.500735
0.27702957,0.61667761,0.24624076,0.50857931,-0.47183943,0.51767453,0.5007272
0.27702356,0.61673685,0.24624036,0.50857914,-0.47183727,0.51768421,0.50071939
0.27701756,0.61679605,0.24623996,0.50857897,-0.47183512,0.51769389,0.50071158
0.27701157,0.61685521,0.24623956,0.50857879,-0.47183298,0.51770357,0.50070377
0.27700559,0.61691433,0.24623916,0.50857862,-0.47183083,0.51771325,0.50069596
0.27699961,0.61697341,0.24623876,0.50857845,-0.47182869,0.51772293,0.50068814
0.27699365,0.61703245,0.24623836,0.50857827,-0.47182655,0.51773262,0.50068032
0.27698769,0.61709144,0.24623797,0.50857809,-0.47182442,0.5177423,0.5006725
0.27698174,0.6171504,0.24623757,0.50857792,-0.47182229,0.51775198,0.50066467
0.27697579,0.61720931,0.24623717,0.50857774,-0.47182016,0.51776166,0.50065685
0.27696986,0.61726818,0.24623677,0.50857756,-0.47181804,0.51777135,0.50064901
0.27696393,0.61732701,0.24623638,0.50857738,-0.47181592,0.51778103,0.50064118
0.27695801,0.6173858,0.24623598,0.5085772,-0.4718138,0.51779072,0.50063334
0.2769521,0.61744455,0.24623558,0.50857702,-0.47181169,0.5178004,0.5006255
0.27694619,0.61750325,0.24623519,0.50857684,-0.47180958,0.51781009,0.50061766
0.2769403,0.61756192,0.24623479,0.50857665,-0.47180747,0.51781977,0.50060981
0.27693441,0.61762055,0.24623439,0.50857647,-0.47180536,0.51782946,0.50060196
0.27692853,0.61767913,0.246234,0.50857628,-0.47180326,0.51783914,0.50059411
0.27692266,0.61773767,0.24623361,0.5085761,-0.47180117,0.51784883,0.50058626
0.27691679,0.61779618,0.24623321,0.50857591,-0.47179907,0.51785852,0.5005784
0.27691093,0.61785464,0.24623282,0.50857573,-0.47179698,0.5178682,0.50057054
0.27690508,0.61791306,0.24623242,0.50857554,-0.47179489,0.51787789,0.50056268
0.27689924,0.61797144,0.24623203,0.50857535,-0.47179281,0.51788758,0.50055481
0.27689341,0.61802978,0.24623164,0.50857516,-0.47179073,0.51789727,0.50054694
0.27688758,0.61808808,0.24623124,0.50857497,-0.47178865,0.51790695,0.50053907
0.27688177,0.61814633,0.24623085,0.50857478,-0.47178657,0.51791664,0.50053119
0.27687596,0.61820455,0.24623046,0.50857459,-0.4717845,0.51792633,0.50052331
0.27687016,0.61826273,0.24623007,0.50857439,-0.47178243,0.51793602,0.50051543
0.27686436,0.61832086,0.24622968,0.5085742,-0.47178037,0.51794571,0.50050755
0.27685858,0.61837896,0.24622929,0.50857401,-0.47177831,0.5179554,0.50049966
0.2768528,0.61843701,0.2462289,0.50857381,-0.47177625,0.51796509,0.50049177
0.27684703,0.61849503,0.24622851,0.50857362,-0.47177419,0.51797478,0.50048388
0.27684127,0.618553,0.24622812,0.50857342,-0.47177214,0.51798447,0.50047598
0.27683551,0.61861093,0.24622773,0.50857322,-0.47177009,0.51799416,0.50046809
0.27682977,0.61866883,0.24622734,0.50857302,-0.47176805,0.51800385,0.50046018
0.27682403,0.61872668,0.24622695,0.50857282,-0.47176601,0.51801354,0.50045228
0.2768183,0.61878449,0.24622656,0.50857262,-0.47176397,0.51802324,0.50044437
0.27681257,0.61884226,0.24622617,0.50857242,-0.47176193,0.51803293,0.50043646
0.27680686,0.61889999,0.24622579,0.50857222,-0.4717599,0.51804262,0.50042855
0.27680115,0.61895769,0.2462254,0.50857202,-0.47175787,0.51805231,0.50042063
0.27679545,0.61901534,0.24622501,0.50857182,-0.47175585,0.51806201,0.50041271
0.27678976,0.61907295,0.24622463,0.50857161,-0.47175383,0.5180717,0.50040479
0.27678408,0.61913052,0.24622424,0.50857141,-0.47175181,0.51808139,0.50039687
0.27677841,0.61918805,0.24622386,0.5085712,-0.47174979,0.51809109,0.50038894
0.27677274,0.61924554,0.24622347,0.508571,-0.47174778,0.51810078,0.50038101
0.27676708,0.61930299,0.24622309,0.50857079,-0.47174577,0.51811047,0.50037308
0.27676143,0.6193604,0.2462227,0.50857058,-0.47174377,0.51812017,0.50036514
0.27675578,0.61941777,0.24622232,0.50857037,-0.47174176,0.51812986,0.5003572
0.27675015,0.6194751,0.24622193,0.50857016,-0.47173977,0.51813956,0.50034926
0.27674452,0.61953239,0.24622155,0.50856995,-0.47173777,0.51814925,0.50034131
0.2767389,0.61958964,0.24622117,0.50856974,-0.47173578,0.51815895,0.50033336
0.27673329,0.61964685,0.24622078,0.50856953,-0.47173379,0.51816865,0.50032541
0.27672769,0.61970402,0.2462204,0.50856932,-0.4717318,0.51817834,0.50031746
0.27672209,0.61976115,0.24622002,0.5085691,-0.47172982,0.51818804,0.5003095
0.2767165,0.61981824,0.24621964,0.50856889,-0.47172784,0.51819773,0.50030154
0.27671092,0.61987529,0.24621926,0.50856868,-0.47172587,0.51820743,0.50029358
0.27670535,0.6199323,0.24621888,0.50856846,-0.4717239,0.51821713,0.50028561
0.27669978,0.61998927,0.2462185,0.50856824,-0.47172193,0.51822683,0.50027765
0.27669423,0.62004621,0.24621812,0.50856803,-0.47171996,0.51823652,0.50026967
0.27668868,0.6201031,0.24621774,0.50856781,-0.471718,0.51824622,0.5002617
0.27668314,0.62015995,0.24621736,0.50856759,-0.47171604,0.51825592,0.50025372
0.2766776,0.62021676,0.24621698,0.50856737,-0.47171408,0.51826562,0.50024574
0.27667208,0.62027354,0.2462166,0.50856715,-0.47171213,0.51827532,0.50023776
0.27666656,0.62033027,0.24621622,0.50856693,-0.47171018,0.51828502,0.50022977
0.27666105,0.62038696,0.24621584,0.50856671,-0.47170824,0.51829472,0.50022178
0.27665555,0.62044362,0.24621546,0.50856648,-0.4717063,0.51830442,0.50021379
0.27665006,0.62050023,0.24621509,0.50856626,-0.47170436,0.51831411,0.5002058
0.27664457,0.62055681,0.24621471,0.50856603,-0.47170242,0.51832381,0.5001978
0.27663909,0.62061335,0.24621433,0.50856581,-0.47170049,0.51833352,0.5001898
0.27663362,0.62066984,0.24621396,0.50856558,-0.47169856,0.51834322,0.50018179
0.27662816,0.6207263,0.24621358,0.50856536,-0.47169664,0.51835292,0.50017379
0.27662271,0.62078272,0.24621321,0.50856513,-0.47169471,0.51836262,0.50016578
0.27661726,0.6208391,0.24621283,0.5085649,-0.47169279,0.51837232,0.50015776
0.27661182,0.62089544,0.24621246,0.50856467,-0.47169088,0.51838202,0.50014975
0.27660639,0.62095174,0.24621208,0.50856444,-0.47168897,0.51839172,0.50014173
0.27660097,0.621008,0.24621171,0.50856421,-0.47168706,0.51840142,0.50013371
0.27659555,0.62106422,0.24621134,0.50856398,-0.47168515,0.51841112,0.50012569
0.27659014,0.62112041,0.24621096,0.50856375,-0.47168325,0.51842083,0.50011766
0.27658474,0.62117655,0.24621059,0.50856351,-0.47168135,0.51843053,0.50010963
0.27657935,0.62123266,0.24621022,0.50856328,-0.47167946,0.51844023,0.5001016
0.27657397,0.62128872,0.24620984,0.50856305,-0.47167757,0.51844994,0.50009356
0.27656859,0.62134475,0.24620947,0.50856281,-0.47167568,0.51845964,0.50008552
0.27656322,0.62140074,0.2462091,0.50856257,-0.47167379,0.51846934,0.50007748
0.27655786,0.62145669,0.24620873,0.50856234,-0.47167191,0.51847905,0.50006943
0.27655251,0.6215126,0.24620836,0.5085621,-0.47167003,0.51848875,0.50006139
0.27654716,0.62156847,0.24620799,0.50856186,-0.47166816,0.51849845,0.50005334
0.27654183,0.6216243,0.24620762,0.50856162,-0.47166628,0.51850816,0.50004528
0.2765365,0.6216801,0.24620725,0.50856138,-0.47166442,0.51851786,0.50003723
0.27653118,0.62173585,0.24620688,0.50856114,-0.47166255,0.51852757,0.50002917
0.27652586,0.62179157,0.24620651,0.5085609,-0.47166069,0.51853727,0.50002111
0.27652055,0.62184725,0.24620614,0.50856066,-0.47165883,0.51854698,0.50001304
0.27651526,0.62190289,0.24620577,0.50856041,-0.47165698,0.51855668,0.50000497
0.27650996,0.62195849,0.24620541,0.50856017,-0.47165512,0.51856639,0.4999969
0.27650468,0.62201405,0.24620504,0.50855992,-0.47165328,0.51857609,0.49998883
0.2764994,0.62206957,0.24620467,0.50855968,-0.47165143,0.5185858,0.49998075
0.27649414,0.62212506,0.2462043,0.50855943,-0.47164959,0.5185955,0.49997267
0.27648888,0.6221805,0.24620394,0.50855919,-0.47164775,0.51860521,0.49996459
0.27648362,0.62223591,0.24620357,0.50855894,-0.47164592,0.51861492,0.4999565
0.27647838,0.62229128,0.24620321,0.50855869,-0.47164408,0.51862462,0.49994841
0.27647314,0.62234661,0.24620284,0.50855844,-0.47164226,0.51863433,0.49994032
0.27646791,0.6224019,0.24620248,0.50855819,-0.47164043,0.51864404,0.49993223
0.27646269,0.62245716,0.24620211,0.50855794,-0.47163861,0.51865375,0.49992413
0.27645748,0.62251237,0.24620175,0.50855769,-0.47163679,0.51866345,0.49991603
0.27645227,0.62256755,0.24620138,0.50855743,-0.47163498,0.51867316,0.49990793
0.27644707,0.62262269,0.24620102,0.50855718,-0.47163317,0.51868287,0.49989982
0.27644188,0.62267779,0.24620066,0.50855693,-0.47163136,0.51869258,0.49989171
0.27643669,0.62273285,0.24620029,0.50855667,-0.47162956,0.51870228,0.4998836
0.27643152,0.62278788,0.24619993,0.50855642,-0.47162775,0.51871199,0.49987548
0.27642635,0.62284286,0.24619957,0.50855616,-0.47162596,0.5187217,0.49986737
0.27642119,0.62289781,0.24619921,0.5085559,-0.47162416,0.51873141,0.49985925
0.27641603,0.62295272,0.24619884,0.50855565,-0.47162237,0.51874112,0.49985112
0.27641089,0.62300759,0.24619848,0.50855539,-0.47162058,0.51875083,0.499843
0.27640575,0.62306243,0.24619812,0.50855513,-0.4716188,0.51876054,0.49983487
0.27640062,0.62311722,0.24619776,0.50855487,-0.47161702,0.51877025,0.49982673
0.2763955,0.62317198,0.2461974,0.50855461,-0.47161524,0.51877996,0.4998186
0.27639038,0.6232267,0.24619704,0.50855435,-0.47161347,0.51878967,0.49981046
0.27638527,0.62328138,0.24619668,0.50855408,-0.4716117,0.51879938,0.49980232
0.27638017,0.62333603,0.24619632,0.50855382,-0.47160993,0.51880909,0.49979417
0.27637508,0.62339064,0.24619596,0.50855356,-0.47160817,0.5188188,0.49978603
0.27636999,0.6234452,0.2461956,0.50855329,-0.47160641,0.51882851,0.49977788
0.27636491,0.62349973,0.24619525,0.50855303,-0.47160465,0.51883822,0.49976972
0.27635984,0.62355423,0.24619489,0.50855276,-0.4716029,0.51884793,0.49976157
0.27635478,0.62360868,0.24619453,0.50855249,-0.47160115,0.51885764,0.49975341
0.27634972,0.6236631,0.24619417,0.50855223,-0.4715994,0.51886735,0.49974525
0.27634467,0.62371748,0.24619382,0.50855196,-0.47159766,0.51887706,0.49973708
0.27633963,0.62377182,0.24619346,0.50855169,-0.47159592,0.51888677,0.49972892
0.2763346,0.62382613,0.2461931,0.50855142,-0.47159418,0.51889648,0.49972075
0.27632957,0.6238804,0.24619275,0.50855115,-0.47159245,0.5189062,0.49971257
0.27632456,0.62393463,0.24619239,0.50855088,-0.47159072,0.51891591,0.4997044
0.27631954,0.62398882,0.24619204,0.5085506,-0.47158899,0.51892562,0.49969622
0.27631454,0.62404297,0.24619168,0.50855033,-0.47158727,0.51893533,0.49968803
0.27630954,0.62409709,0.24619133,0.50855006,-0.47158555,0.51894504,0.49967985
0.27630455,0.62415117,0.24619097,0.50854978,-0.47158383,0.51895476,0.49967166
0.27629957,0.62420521,0.24619062,0.50854951,-0.47158212,0.51896447,0.49966347
0.2762946,0.62425922,0.24619027,0.50854923,-0.47158041,0.51897418,0.49965528
0.27628963,0.62431319,0.24618991,0.50854895,-0.47157871,0.51898389,0.49964708
0.27628467,0.62436712,0.24618956,0.50854868,-0.471577,0.51899361,0.49963888
0.27627972,0.62442101,0.24618921,0.5085484,-0.4715753,0.51900332,0.49963068
0.27627477,0.62447486,0.24618885,0.50854812,-0.47157361,0.51901303,0.49962247
0.27626984,0.62452868,0.2461885,0.50854784,-0.47157192,0.51902275,0.49961426
0.27626491,0.62458246,0.24618815,0.50854756,-0.47157023,0.51903246,0.49960605
0.27625998,0.62463621,0.2461878,0.50854728,-0.47156854,0.51904217,0.49959784
0.27625507,0.62468992,0.24618745,0.508547,-0.47156686,0.51905189,0.49958962
0.27625016,0.62474359,0.2461871,0.50854671,-0.47156518,0.5190616,0.4995814
0.27624526,0.62479722,0.24618675,0.50854643,-0.47156351,0.51907131,0.49957317
0.27624036,0.62485082,0.2461864,0.50854615,-0.47156184,0.51908103,0.49956495
0.27623548,0.62490437,0.24618605,0.50854586,-0.47156017,0.51909074,0.49955672
0.2762306,0.6249579,0.2461857,0.50854558,-0.4715585,0.51910046,0.49954849
0.27622572,0.62501138,0.24618535,0.50854529,-0.47155684,0.51911017,0.49954025
0.27622086,0.62506483,0.246185,0.508545,-0.47155518,0.51911989,0.49953201
0.276216,0.62511824,0.24618465,0.50854471,-0.47155353,0.5191296,0.49952377
0.27621115,0.62517162,0.2461843,0.50854442,-0.47155188,0.51913932,0.49951553
0.27620631,0.62522495,0.24618396,0.50854414,-0.47155023,0.51914903,0.49950728
0.27620147,0.62527825,0.24618361,0.50854385,-0.47154859,0.51915875,0.49949903
0.27619664,0.62533152,0.24618326,0.50854355,-0.47154695,0.51916846,0.49949078
0.27619182,0.62538475,0.24618291,0.50854326,-0.47154531,0.51917818,0.49948253
0.276187,0.62543794,0.24618257,0.50854297,-0.47154367,0.51918789,0.49947427
0.27618219,0.62549109,0.24618222,0.50854268,-0.47154204,0.51919761,0.49946601
0.27617739,0.62554421,0.24618188,0.50854238,-0.47154042,0.51920732,0.49945774
0.2761726,0.62559729,0.24618153,0.50854209,-0.47153879,0.51921704,0.49944947
0.27616781,0.62565033,0.24618119,0.50854179,-0.47153717,0.51922676,0.4994412
0.27616303,0.62570334,0.24618084,0.5085415,-0.47153556,0.51923647,0.49943293
0.27615826,0.62575631,0.2461805,0.5085412,-0.47153394,0.51924619,0.49942465
0.2761535,0.62580924,0.24618015,0.5085409,-0.47153233,0.5192559,0.49941638
0.27614874,0.62586214,0.24617981,0.5085406,-0.47153073,0.51926562,0.49940809
0.27614399,0.625915,0.24617946,0.50854031,-0.47152912,0.51927534,0.49939981
0.27613924,0.62596783,0.24617912,0.50854001,-0.47152752,0.51928505,0.49939152
0.2761345,0.62602062,0.24617878,0.50853971,-0.47152593,0.51929477,0.49938323
0.27612977,0.62607337,0.24617843,0.5085394,-0.47152433,0.51930449,0.49937494
0.27612505,0.62612608,0.24617809,0.5085391,-0.47152275,0.5193142,0.49936664
0.27612034,0.62617876,0.24617775,0.5085388,-0.47152116,0.51932392,0.49935834
0.27611563,0.62623141,0.24617741,0.5085385,-0.47151958,0.51933364,0.49935004
0.27611092,0.62628401,0.24617707,0.50853819,-0.471518,0.51934335,0.49934173
0.27610623,0.62633658,0.24617672,0.50853789,-0.47151642,0.51935307,0.49933342
0.27610154,0.62638912,0.24617638,0.50853758,-0.47151485,0.51936279,0.49932511
0.27609686,0.62644162,0.24617604,0.50853727,-0.47151328,0.51937251,0.4993168
0.27609218,0.62649408,0.2461757,0.50853697,-0.47151172,0.51938222,0.49930848
0.27608752,0.62654651,0.24617536,0.50853666,-0.47151016,0.51939194,0.49930016
0.27608285,0.6265989,0.24617502,0.50853635,-0.4715086,0.51940166,0.49929184
0.2760782,0.62665125,0.24617468,0.50853604,-0.47150704,0.51941138,0.49928351
0.27607355,0.62670357,0.24617434,0.50853573,-0.47150549,0.51942109,0.49927518
0.27606891,0.62675585,0.246174,0.50853542,-0.47150394,0.51943081,0.49926685
0.27606428,0.62680809,0.24617367,0.50853511,-0.4715024,0.51944053,0.49925852
0.27605965,0.6268603,0.24617333,0.5085348,-0.47150086,0.51945025,0.49925018
0.27605503,0.62691248,0.24617299,0.50853448,-0.47149932,0.51945996,0.49924184
0.27605042,0.62696462,0.24617265,0.50853417,-0.47149779,0.51946968,0.4992335
0.27604581,0.62701672,0.24617231,0.50853386,-0.47149626,0.5194794,0.49922515
0.27604122,0.62706878,0.24617198,0.50853354,-0.47149473,0.51948912,0.4992168
0.27603662,0.62712081,0.24617164,0.50853323,-0.4714932,0.51949884,0.49920845
0.27603204,0.62717281,0.2461713,0.50853291,-0.47149168,0.51950856,0.49920009
0.27602746,0.62722477,0.24617097,0.50853259,-0.47149017,0.51951827,0.49919173
0.27602289,0.62727669,0.24617063,0.50853227,-0.47148865,0.51952799,0.49918337
0.27601832,0.62732858,0.24617029,0.50853196,-0.47148714,0.51953771,0.49917501
0.27601376,0.62738043,0.24616996,0.50853164,-0.47148564,0.51954743,0.49916664
0.27600921,0.62743224,0.24616962,0.50853132,-0.47148413,0.51955715,0.49915827
0.27600466,0.62748402,0.24616929,0.50853099,-0.47148264,0.51956687,0.4991499
0.27600013,0.62753577,0.24616895,0.50853067,-0.47148114,0.51957659,0.49914152
0.27599559,0.62758748,0.24616862,0.50853035,-0.47147965,0.5195863,0.49913315
0.27599107,0.62763915,0.24616829,0.50853003,-0.47147816,0.51959602,0.49912476
0.27598655,0.62769079,0.24616795,0.5085297,-0.47147667,0.51960574,0.49911638
0.27598204,0.62774239,0.24616762,0.50852938,-0.47147519,0.51961546,0.49910799
0.27597753,0.62779396,0.24616728,0.50852905,-0.47147371,0.51962518,0.4990996
0.27597304,0.62784549,0.24616695,0.50852873,-0.47147224,0.5196349,0.49909121
0.27596854,0.62789699,0.24616662,0.5085284,-0.47147076,0.51964462,0.49908281
0.27596406,0.62794845,0.24616629,0.50852807,-0.4714693,0.51965434,0.49907441
0.27595958,0.62799987,0.24616595,0.50852775,-0.47146783,0.51966406,0.49906601
0.27595511,0.62805126,0.24616562,0.50852742,-0.47146637,0.51967378,0.49905761
0.27595064,0.62810262,0.24616529,0.50852709,-0.47146491,0.5196835,0.4990492
0.27594618,0.62815394,0.24616496,0.50852676,-0.47146346,0.51969321,0.49904079
0.27594173,0.62820522,0.24616463,0.50852643,-0.47146201,0.51970293,0.49903237
0.27593728,0.62825647,0.2461643,0.5085261,-0.47146056,0.51971265,0.49902396
0.27593284,0.62830768,0.24616397,0.50852576,-0.47145912,0.51972237,0.49901554
0.27592841,0.62835886,0.24616364,0.50852543,-0.47145767,0.51973209,0.49900711
0.27592399,0.62841,0.24616331,0.5085251,-0.47145624,0.51974181,0.49899869
0.27591957,0.62846111,0.24616298,0.50852476,-0.4714548,0.51975153,0.49899026
0.27591515,0.62851218,0.24616265,0.50852443,-0.47145337,0.51976125,0.49898183
0.27591075,0.62856322,0.24616232,0.50852409,-0.47145195,0.51977097,0.49897339
0.27590635,0.62861422,0.24616199,0.50852376,-0.47145052,0.51978069,0.49896496
0.27590195,0.62866519,0.24616166,0.50852342,-0.4714491,0.51979041,0.49895652
0.27589756,0.62871612,0.24616133,0.50852308,-0.47144769,0.51980013,0.49894807
0.27589318,0.62876702,0.24616101,0.50852274,-0.47144628,0.51980985,0.49893963
0.27588881,0.62881788,0.24616068,0.5085224,-0.47144487,0.51981957,0.49893118
0.27588444,0.62886871,0.24616035,0.50852206,-0.47144346,0.51982929,0.49892273
0.27588008,0.6289195,0.24616002,0.50852172,-0.47144206,0.51983901,0.49891427
0.27587572,0.62897026,0.2461597,0.50852138,-0.47144066,0.51984873,0.49890581
0.27587137,0.62902098,0.24615937,0.50852104,-0.47143927,0.51985845,0.49889735
0.27586703,0.62907167,0.24615904,0.50852069,-0.47143787,0.51986817,0.49888889
0.2758627,0.62912232,0.24615872,0.50852035,-0.47143649,0.51987789,0.49888042
0.27585837,0.62917294,0.24615839,0.50852001,-0.4714351,0.51988761,0.49887195
0.27585404,0.62922352,0.24615807,0.50851966,-0.47143372,0.51989733,0.49886348
0.27584973,0.62927407,0.24615774,0.50851932,-0.47143234,0.51990705,0.498855
0.27584542,0.62932458,0.24615741,0.50851897,-0.47143097,0.51991677,0.49884652
0.27584111,0.62937506,0.24615709,0.50851862,-0.4714296,0.51992649,0.49883804
0.27583681,0.62942551,0.24615677,0.50851827,-0.47142823,0.51993621,0.49882956
0.27583252,0.62947592,0.24615644,0.50851793,-0.47142686,0.51994593,0.49882107
0.27582824,0.62952629,0.24615612,0.50851758,-0.4714255,0.51995565,0.49881258
0.27582396,0.62957663,0.24615579,0.50851723,-0.47142415,0.51996537,0.49880409
0.27581968,0.62962694,0.24615547,0.50851688,-0.47142279,0.51997509,0.49879559
0.27581542,0.62967721,0.24615515,0.50851653,-0.47142144,0.51998481,0.49878709
0.27581116,0.62972744,0.24615482,0.50851617,-0.4714201,0.51999453,0.49877859
0.2758069,0.62977764,0.2461545,0.50851582,-0.47141876,0.52000425,0.49877009
0.27580265,0.62982781,0.24615418,0.50851547,-0.47141742,0.52001397,0.49876158
0.27579841,0.62987794,0.24615386,0.50851511,-0.47141608,0.52002369,0.49875307
0.27579418,0.62992804,0.24615353,0.50851476,-0.47141475,0.52003341,0.49874455
0.27578995,0.62997811,0.24615321,0.5085144,-0.47141342,0.52004313,0.49873604
0.27578572,0.63002814,0.24615289,0.50851405,-0.47141209,0.52005285,0.49872752
0.27578151,0.63007813,0.24615257,0.50851369,-0.47141077,0.52006257,0.498719
0.2757773,0.63012809,0.24615225,0.50851333,-0.47140945,0.52007229,0.49871047
0.27577309,0.63017802,0.24615193,0.50851297,-0.47140814,0.52008201,0.49870194
0.27576889,0.63022791,0.24615161,0.50851262,-0.47140683,0.52009173,0.49869341
0.2757647,0.63027777,0.24615129,0.50851226,-0.47140552,0.52010145,0.49868488
0.27576051,0.63032759,0.24615097,0.5085119,-0.47140421,0.52011117,0.49867634
0.27575633,0.63037738,0.24615065,0.50851153,-0.47140291,0.52012089,0.4986678
0.27575216,0.63042713,0.24615033,0.50851117,-0.47140162,0.52013061,0.49865926
0.27574799,0.63047685,0.24615001,0.50851081,-0.47140032,0.52014033,0.49865071
0.27574383,0.63052654,0.24614969,0.50851045,-0.47139903,0.52015005,0.49864216
0.27573968,0.63057619,0.24614937,0.50851008,-0.47139774,0.52015977,0.49863361
0.27573553,0.63062581,0.24614905,0.50850972,-0.47139646,0.52016949,0.49862505
0.27573138,0.63067539,0.24614873,0.50850935,-0.47139518,0.52017921,0.4986165
0.27572724,0.63072494,0.24614841,0.50850899,-0.47139391,0.52018893,0.49860794
0.27572311,0.63077445,0.2461481,0.50850862,-0.47139263,0.52019865,0.49859937
0.27571899,0.63082394,0.24614778,0.50850826,-0.47139136,0.52020837,0.49859081
0.27571487,0.63087338,0.24614746,0.50850789,-0.4713901,0.52021809,0.49858224
0.27571076,0.63092279,0.24614714,0.50850752,-0.47138883,0.52022781,0.49857366
0.27570665,0.63097217,0.24614683,0.50850715,-0.47138758,0.52023753,0.49856509
0.27570255,0.63102152,0.24614651,0.50850678,-0.47138632,0.52024725,0.49855651
0.27569845,0.63107083,0.24614619,0.50850641,-0.47138507,0.52025697,0.49854793
0.27569436,0.63112011,0.24614588,0.50850604,-0.47138382,0.52026668,0.49853935
0.27569028,0.63116935,0.24614556,0.50850567,-0.47138258,0.5202764,0.49853076
0.2756862,0.63121856,0.24614525,0.50850529,-0.47138133,0.52028612,0.49852217
0.27568213,0.63126773,0.24614493,0.50850492,-0.4713801,0.52029584,0.49851358
0.27567807,0.63131687,0.24614462,0.50850455,-0.47137886,0.52030556,0.49850498
0.27567401,0.63136598,0.2461443,0.50850417,-0.47137763,0.52031528,0.49849638
0.27566995,0.63141505,0.24614399,0.5085038,-0.4713764,0.520325,0.49848778
0.2756659,0.63146409,0.24614367,0.50850342,-0.47137518,0.52033472,0.49847917
0.27566186,0.6315131,0.24614336,0.50850304,-0.47137396,0.52034444,0.49847057
0.27565783,0.63156207,0.24614304,0.50850267,-0.47137274,0.52035416,0.49846196
0.2756538,0.63161101,0.24614273,0.50850229,-0.47137153,0.52036388,0.49845334
0.27564977,0.63165991,0.24614242,0.50850191,-0.47137032,0.5203736,0.49844473
0.27564576,0.63170878,0.2461421,0.50850153,-0.47136912,0.52038332,0.49843611
0.27564174,0.63175762,0.24614179,0.50850115,-0.47136791,0.52039304,0.49842748
0.27563774,0.63180642,0.24614148,0.50850077,-0.47136671,0.52040276,0.49841886
0.27563374,0.63185519,0.24614116,0.50850039,-0.47136552,0.52041247,0.49841023
0.27562974,0.63190392,0.24614085,0.50850001,-0.47136433,0.52042219,0.4984016
0.27562575,0.63195262,0.24614054,0.50849963,-0.47136314,0.52043191,0.49839297
0.27562177,0.63200129,0.24614023,0.50849924,-0.47136195,0.52044163,0.49838433
0.27561779,0.63204993,0.24613992,0.50849886,-0.47136077,0.52045135,0.49837569
0.27561382,0.63209853,0.2461396,0.50849847,-0.47135959,0.52046107,0.49836705
0.27560986,0.63214709,0.24613929,0.50849809,-0.47135842,0.52047079,0.4983584
0.2756059,0.63219563,0.24613898,0.5084977,-0.47135725,0.52048051,0.49834975
0.27560194,0.63224413,0.24613867,0.50849732,-0.47135608,0.52049022,0.4983411
0.27559799,0.63229259,0.24613836,0.50849693,-0.47135492,0.52049994,0.49833245
0.27559405,0.63234103,0.24613805,0.50849654,-0.47135376,0.52050966,0.49832379
0.27559011,0.63238943,0.24613774,0.50849615,-0.4713526,0.52051938,0.49831513
0.27558618,0.63243779,0.24613743,0.50849576,-0.47135145,0.5205291,0.49830646
0.27558226,0.63248612,0.24613712,0.50849537,-0.4713503,0.52053882,0.4982978
0.27557834,0.63253442,0.24613681,0.50849498,-0.47134915,0.52054853,0.49828913
0.27557443,0.63258269,0.2461365,0.50849459,-0.47134801,0.52055825,0.49828046
0.27557052,0.63263092,0.24613619,0.5084942,-0.47134687,0.52056797,0.49827178
0.27556662,0.63267912,0.24613588,0.50849381,-0.47134573,0.52057769,0.4982631
0.27556272,0.63272728,0.24613558,0.50849341,-0.4713446,0.52058741,0.49825442
0.27555883,0.63277541,0.24613527,0.50849302,-0.47134347,0.52059712,0.49824574
0.27555494,0.63282351,0.24613496,0.50849262,-0.47134235,0.52060684,0.49823705
0.27555106,0.63287158,0.24613465,0.50849223,-0.47134123,0.52061656,0.49822836
0.27554719,0.63291961,0.24613434,0.50849183,-0.47134011,0.52062628,0.49821967
0.27554332,0.63296761,0.24613404,0.50849144,-0.47133899,0.520636,0.49821097
0.27553946,0.63301557,0.24613373,0.50849104,-0.47133788,0.52064571,0.49820227
0.2755356,0.6330635,0.24613342,0.50849064,-0.47133677,0.52065543,0.49819357
0.27553175,0.6331114,0.24613311,0.50849024,-0.47133567,0.52066515,0.49818487
0.27552791,0.63315927,0.24613281,0.50848984,-0.47133457,0.52067486,0.49817616
0.27552407,0.6332071,0.2461325,0.50848944,-0.47133347,0.52068458,0.49816745
0.27552023,0.6332549,0.2461322,0.50848904,-0.47133238,0.5206943,0.49815874
0.27551641,0.63330266,0.24613189,0.50848864,-0.47133129,0.52070402,0.49815002
0.27551258,0.63335039,0.24613158,0.50848824,-0.4713302,0.52071373,0.4981413
0.27550876,0.63339809,0.24613128,0.50848784,-0.47132912,0.52072345,0.49813258
0.27550495,0.63344576,0.24613097,0.50848743,-0.47132804,0.52073317,0.49812385
0.27550115,0.63349339,0.24613067,0.50848703,-0.47132697,0.52074288,0.49811513
0.27549735,0.63354099,0.24613036,0.50848663,-0.4713259,0.5207526,0.4981064
0.27549355,0.63358856,0.24613006,0.50848622,-0.47132483,0.52076232,0.49809766
0.27548976,0.63363609,0.24612975,0.50848582,-0.47132376,0.52077203,0.49808892
0.27548598,0.63368359,0.24612945,0.50848541,-0.4713227,0.52078175,0.49808019
0.2754822,0.63373106,0.24612915,0.508485,-0.47132164,0.52079147,0.49807144
0.27547843,0.63377849,0.24612884,0.50848459,-0.47132059,0.52080118,0.4980627
0.27547466,0.63382589,0.24612854,0.50848419,-0.47131954,0.5208109,0.49805395
0.2754709,0.63387326,0.24612823,0.50848378,-0.47131849,0.52082061,0.4980452
0.27546714,0.63392059,0.24612793,0.50848337,-0.47131745,0.52083033,0.49803644
0.27546339,0.6339679,0.24612763,0.50848296,-0.47131641,0.52084005,0.49802768
0.27545965,0.63401516,0.24612733,0.50848255,-0.47131537,0.52084976,0.49801892
0.27545591,0.6340624,0.24612702,0.50848213,-0.47131434,0.52085948,0.49801016
0.27545217,0.6341096,0.24612672,0.50848172,-0.47131331,0.52086919,0.4980014
0.27544845,0.63415677,0.24612642,0.50848131,-0.47131228,0.52087891,0.49799263
0.27544472,0.63420391,0.24612612,0.5084809,-0.47131126,0.52088862,0.49798385
0.27544101,0.63425101,0.24612581,0.50848048,-0.47131024,0.52089834,0.49797508
0.27543729,0.63429808,0.24612551,0.50848007,-0.47130922,0.52090805,0.4979663
0.27543359,0.63434512,0.24612521,0.50847965,-0.47130821,0.52091777,0.49795752
0.27542989,0.63439213,0.24612491,0.50847924,-0.4713072,0.52092748,0.49794874
0.27542619,0.6344391,0.24612461,0.50847882,-0.4713062,0.5209372,0.49793995
0.2754225,0.63448604,0.24612431,0.5084784,-0.4713052,0.52094691,0.49793116
0.27541882,0.63453294,0.24612401,0.50847798,-0.4713042,0.52095663,0.49792237
0.27541514,0.63457982,0.24612371,0.50847756,-0.47130321,0.52096634,0.49791357
0.27541146,0.63462666,0.24612341,0.50847715,-0.47130222,0.52097606,0.49790477
0.2754078,0.63467346,0.24612311,0.50847673,-0.47130123,0.52098577,0.49789597
0.27540413,0.63472024,0.24612281,0.50847631,-0.47130024,0.52099548,0.49788717
0.27540047,0.63476698,0.24612251,0.50847588,-0.47129926,0.5210052,0.49787836
0.27539682,0.63481369,0.24612221,0.50847546,-0.47129829,0.52101491,0.49786955
0.27539318,0.63486037,0.24612191,0.50847504,-0.47129732,0.52102463,0.49786074
0.27538953,0.63490701,0.24612161,0.50847462,-0.47129635,0.52103434,0.49785192
0.2753859,0.63495362,0.24612131,0.50847419,-0.47129538,0.52104405,0.4978431
0.27538227,0.6350002,0.24612101,0.50847377,-0.47129442,0.52105377,0.49783428
0.27537864,0.63504674,0.24612072,0.50847334,-0.47129346,0.52106348,0.49782545
0.27537502,0.63509326,0.24612042,0.50847292,-0.4712925,0.52107319,0.49781663
0.27537141,0.63513974,0.24612012,0.50847249,-0.47129155,0.52108291,0.4978078
0.2753678,0.63518618,0.24611982,0.50847207,-0.47129061,0.52109262,0.49779896
0.2753642,0.6352326,0.24611952,0.50847164,-0.47128966,0.52110233,0.49779013
0.2753606,0.63527898,0.24611923,0.50847121,-0.47128872,0.52111204,0.49778129
0.275357,0.63532533,0.24611893,0.50847078,-0.47128778,0.52112176,0.49777244
0.27535342,0.63537164,0.24611863,0.50847035,-0.47128685,0.52113147,0.4977636
0.27534983,0.63541793,0.24611834,0.50846992,-0.47128592,0.52114118,0.49775475
0.27534626,0.63546418,0.24611804,0.50846949,-0.47128499,0.52115089,0.4977459
0.27534269,0.6355104,0.24611774,0.50846906,-0.47128407,0.52116061,0.49773704
0.27533912,0.63555658,0.24611745,0.50846863,-0.47128315,0.52117032,0.49772819
0.27533556,0.63560274,0.24611715,0.5084682,-0.47128223,0.52118003,0.49771933
0.275332,0.63564886,0.24611685,0.50846776,-0.47128132,0.52118974,0.49771046
0.27532845,0.63569494,0.24611656,0.50846733,-0.47128041,0.52119945,0.4977016
0.27532491,0.635741,0.24611626,0.50846689,-0.47127951,0.52120916,0.49769273
0.27532137,0.63578702,0.24611597,0.50846646,-0.4712786,0.52121888,0.49768386
0.27531783,0.63583301,0.24611567,0.50846602,-0.47127771,0.52122859,0.49767498
0.2753143,0.63587897,0.24611538,0.50846559,-0.47127681,0.5212383,0.4976661
0.27531078,0.63592489,0.24611508,0.50846515,-0.47127592,0.52124801,0.49765722
0.27530726,0.63597079,0.24611479,0.50846471,-0.47127503,0.52125772,0.49764834
0.27530375,0.63601664,0.24611449,0.50846427,-0.47127415,0.52126743,0.49763945
0.27530024,0.63606247,0.2461142,0.50846384,-0.47127327,0.52127714,0.49763056
0.27529674,0.63610827,0.24611391,0.5084634,-0.47127239,0.52128685,0.49762167
0.27529324,0.63615403,0.24611361,0.50846296,-0.47127152,0.52129656,0.49761277
0.27528974,0.63619976,0.24611332,0.50846252,-0.47127065,0.52130627,0.49760388
0.27528626,0.63624545,0.24611302,0.50846207,-0.47126978,0.52131598,0.49759497
0.27528277,0.63629112,0.24611273,0.50846163,-0.47126892,0.52132569,0.49758607
0.2752793,0.63633675,0.24611244,0.50846119,-0.47126806,0.5213354,0.49757716
0.27527583,0.63638235,0.24611215,0.50846075,-0.47126721,0.52134511,0.49756825
0.27527236,0.63642792,0.24611185,0.5084603,-0.47126635,0.52135482,0.49755934
0.2752689,0.63647345,0.24611156,0.50845986,-0.4712655,0.52136453,0.49755042
0.27526544,0.63651895,0.24611127,0.50845941,-0.47126466,0.52137424,0.4975415
0.27526199,0.63656442,0.24611098,0.50845897,-0.47126382,0.52138395,0.49753258
0.27525855,0.63660986,0.24611068,0.50845852,-0.47126298,0.52139365,0.49752366
0.2752551,0.63665526,0.24611039,0.50845808,-0.47126215,0.52140336,0.49751473
0.27525167,0.63670064,0.2461101,0.50845763,-0.47126132,0.52141307,0.4975058
0.27524824,0.63674598,0.24610981,0.50845718,-0.47126049,0.52142278,0.49749687
0.27524481,0.63679128,0.24610952,0.50845673,-0.47125967,0.52143249,0.49748793
0.27524139,0.63683656,0.24610923,0.50845628,-0.47125885,0.5214422,0.49747899
0.27523798,0.6368818,0.24610893,0.50845583,-0.47125803,0.5214519,0.49747005
0.27523457,0.63692701,0.24610864,0.50845538,-0.47125722,0.52146161,0.4974611
0.27523116,0.63697219,0.24610835,0.50845493,-0.47125641,0.52147132,0.49745215
0.27522777,0.63701733,0.24610806,0.50845448,-0.4712556,0.52148103,0.4974432
0.27522437,0.63706245,0.24610777,0.50845403,-0.4712548,0.52149073,0.49743425
0.27522098,0.63710753,0.24610748,0.50845357,-0.471254,0.52150044,0.49742529
0.2752176,0.63715257,0.24610719,0.50845312,-0.47125321,0.52151015,0.49741633
0.27521422,0.63719759,0.2461069,0.50845267,-0.47125241,0.52151985,0.49740737
0.27521085,0.63724257,0.24610661,0.50845221,-0.47125163,0.52152956,0.4973984
0.27520748,0.63728752,0.24610632,0.50845176,-0.47125084,0.52153927,0.49738943
0.27520411,0.63733244,0.24610603,0.5084513,-0.47125006,0.52154897,0.49738046
0.27520075,0.63737733,0.24610575,0.50845084,-0.47124928,0.52155868,0.49737149
0.2751974,0.63742218,0.24610546,0.50845039,-0.47124851,0.52156838,0.49736251
0.27519405,0.637467,0.24610517,0.50844993,-0.47124774,0.52157809,0.49735353
0.27519071,0.63751179,0.24610488,0.50844947,-0.47124697,0.52158779,0.49734454
0.27518737,0.63755655,0.24610459,0.50844901,-0.47124621,0.5215975,0.49733556
0.27518404,0.63760127,0.2461043,0.50844855,-0.47124545,0.52160721,0.49732657
0.27518071,0.63764597,0.24610401,0.50844809,-0.4712447,0.52161691,0.49731758
0.27517739,0.63769063,0.24610373,0.50844763,-0.47124394,0.52162661,0.49730858
0.27517407,0.63773525,0.24610344,0.50844717,-0.4712432,0.52163632,0.49729958
0.27517075,0.63777985,0.24610315,0.50844671,-0.47124245,0.52164602,0.49729058
0.27516745,0.63782441,0.24610286,0.50844625,-0.47124171,0.52165573,0.49728158
0.27516414,0.63786894,0.24610258,0.50844578,-0.47124097,0.52166543,0.49727257
0.27516085,0.63791344,0.24610229,0.50844532,-0.47124024,0.52167514,0.49726356
0.27515755,0.6379579,0.246102,0.50844486,-0.47123951,0.52168484,0.49725455
0.27515427,0.63800234,0.24610172,0.50844439,-0.47123878,0.52169454,0.49724553
0.27515098,0.63804674,0.24610143,0.50844392,-0.47123806,0.52170425,0.49723651
0.2751477,0.63809111,0.24610114,0.50844346,-0.47123734,0.52171395,0.49722749
0.27514443,0.63813545,0.24610086,0.50844299,-0.47123662,0.52172365,0.49721847
0.27514116,0.63817975,0.24610057,0.50844252,-0.47123591,0.52173336,0.49720944
0.2751379,0.63822402,0.24610028,0.50844206,-0.4712352,0.52174306,0.49720041
0.27513464,0.63826826,0.2461,0.50844159,-0.47123449,0.52175276,0.49719137
0.27513139,0.63831247,0.24609971,0.50844112,-0.47123379,0.52176246,0.49718234
0.27512814,0.63835664,0.24609943,0.50844065,-0.47123309,0.52177216,0.4971733
0.2751249,0.63840079,0.24609914,0.50844018,-0.4712324,0.52178187,0.49716426
0.27512166,0.6384449,0.24609886,0.50843971,-0.4712317,0.52179157,0.49715521
0.27511843,0.63848898,0.24609857,0.50843924,-0.47123102,0.52180127,0.49714616
0.2751152,0.63853302,0.24609829,0.50843877,-0.47123033,0.52181097,0.49713711
0.27511198,0.63857704,0.246098,0.50843829,-0.47122965,0.52182067,0.49712806
0.27510876,0.63862102,0.24609772,0.50843782,-0.47122897,0.52183037,0.497119
0.27510554,0.63866497,0.24609743,0.50843735,-0.4712283,0.52184007,0.49710994
0.27510234,0.63870889,0.24609715,0.50843687,-0.47122763,0.52184977,0.49710088
0.27509913,0.63875277,0.24609686,0.5084364,-0.47122696,0.52185947,0.49709181
0.27509593,0.63879662,0.24609658,0.50843592,-0.4712263,0.52186918,0.49708274
0.27509274,0.63884044,0.2460963,0.50843544,-0.47122564,0.52187887,0.49707367
0.27508955,0.63888423,0.24609601,0.50843497,-0.47122499,0.52188857,0.49706459
0.27508637,0.63892799,0.24609573,0.50843449,-0.47122433,0.52189827,0.49705552
0.27508319,0.63897171,0.24609545,0.50843401,-0.47122369,0.52190797,0.49704644
0.27508001,0.6390154,0.24609516,0.50843353,-0.47122304,0.52191767,0.49703735
0.27507684,0.63905906,0.24609488,0.50843305,-0.4712224,0.52192737,0.49702827
0.27507368,0.63910269,0.2460946,0.50843257,-0.47122176,0.52193707,0.49701918
0.27507052,0.63914629,0.24609431,0.50843209,-0.47122113,0.52194677,0.49701008
0.27506737,0.63918985,0.24609403,0.50843161,-0.4712205,0.52195647,0.49700099
0.27506422,0.63923338,0.24609375,0.50843113,-0.47121987,0.52196617,0.49699189
0.27506107,0.63927688,0.24609347,0.50843065,-0.47121925,0.52197586,0.49698279
0.27505793,0.63932034,0.24609319,0.50843017,-0.47121863,0.52198556,0.49697369
0.2750548,0.63936378,0.2460929,0.50842968,-0.47121801,0.52199526,0.49696458
0.27505167,0.63940718,0.24609262,0.5084292,-0.4712174,0.52200496,0.49695547
0.27504854,0.63945055,0.24609234,0.50842872,-0.47121679,0.52201465,0.49694636
0.27504542,0.63949389,0.24609206,0.50842823,-0.47121618,0.52202435,0.49693724
0.2750423,0.63953719,0.24609178,0.50842775,-0.47121558,0.52203405,0.49692812
0.27503919,0.63958046,0.2460915,0.50842726,-0.47121498,0.52204374,0.496919
0.27503609,0.6396237,0.24609121,0.50842677,-0.47121439,0.52205344,0.49690987
0.27503298,0.63966691,0.24609093,0.50842629,-0.4712138,0.52206314,0.49690075
0.27502989,0.63971009,0.24609065,0.5084258,-0.47121321,0.52207283,0.49689162
0.2750268,0.63975323,0.24609037,0.50842531,-0.47121262,0.52208253,0.49688248
0.27502371,0.63979634,0.24609009,0.50842482,-0.47121204,0.52209222,0.49687335
0.27502063,0.63983942,0.24608981,0.50842433,-0.47121147,0.52210192,0.49686421
0.27501755,0.63988247,0.24608953,0.50842384,-0.47121089,0.52211161,0.49685506
0.27501448,0.63992549,0.24608925,0.50842335,-0.47121032,0.52212131,0.49684592
0.27501141,0.63996847,0.24608897,0.50842286,-0.47120976,0.522131,0.49683677
0.27500834,0.64001142,0.24608869,0.50842237,-0.47120919,0.5221407,0.49682762
0.27500529,0.64005434,0.24608841,0.50842188,-0.47120863,0.52215039,0.49681847
0.27500223,0.64009722,0.24608813,0.50842138,-0.47120808,0.52216009,0.49680931
0.27499918,0.64014008,0.24608785,0.50842089,-0.47120753,0.52216978,0.49680015
0.27499614,0.6401829,0.24608757,0.50842039,-0.47120698,0.52217947,0.49679099
0.2749931,0.64022569,0.24608729,0.5084199,-0.47120643,0.52218917,0.49678182
0.27499006,0.64026845,0.24608701,0.5084194,-0.47120589,0.52219886,0.49677265
0.27498703,0.64031117,0.24608674,0.50841891,-0.47120536,0.52220855,0.49676348
0.27498401,0.64035387,0.24608646,0.50841841,-0.47120482,0.52221824,0.4967543
0.27498099,0.64039653,0.24608618,0.50841792,-0.47120429,0.52222794,0.49674513
0.27497797,0.64043915,0.2460859,0.50841742,-0.47120376,0.52223763,0.49673595
0.27497496,0.64048175,0.24608562,0.50841692,-0.47120324,0.52224732,0.49672676
0.27497195,0.64052431,0.24608534,0.50841642,-0.47120272,0.52225701,0.49671758
0.27496895,0.64056685,0.24608507,0.50841592,-0.4712022,0.5222667,0.49670839
0.27496595,0.64060935,0.24608479,0.50841542,-0.47120169,0.5222764,0.49669919
0.27496296,0.64065181,0.24608451,0.50841492,-0.47120118,0.52228609,0.49669
0.27495997,0.64069425,0.24608423,0.50841442,-0.47120068,0.52229578,0.4966808
0.27495699,0.64073665,0.24608395,0.50841392,-0.47120018,0.52230547,0.4966716
0.27495401,0.64077902,0.24608368,0.50841342,-0.47119968,0.52231516,0.4966624
0.27495104,0.64082136,0.2460834,0.50841292,-0.47119918,0.52232485,0.49665319
0.27494807,0.64086367,0.24608312,0.50841241,-0.47119869,0.52233454,0.49664398
0.2749451,0.64090594,0.24608285,0.50841191,-0.4711982,0.52234423,0.49663477
0.27494214,0.64094818,0.24608257,0.5084114,-0.47119772,0.52235392,0.49662555
0.27493919,0.64099039,0.24608229,0.5084109,-0.47119724,0.52236361,0.49661633
0.27493624,0.64103257,0.24608202,0.50841039,-0.47119676,0.5223733,0.49660711
0.27493329,0.64107471,0.24608174,0.50840989,-0.47119629,0.52238298,0.49659788
0.27493035,0.64111683,0.24608146,0.50840938,-0.47119582,0.52239267,0.49658866
0.27492741,0.64115891,0.24608119,0.50840887,-0.47119535,0.52240236,0.49657943
0.27492448,0.64120096,0.24608091,0.50840837,-0.47119489,0.52241205,0.49657019
0.27492155,0.64124297,0.24608064,0.50840786,-0.47119443,0.52242174,0.49656096
0.27491863,0.64128496,0.24608036,0.50840735,-0.47119398,0.52243142,0.49655172
0.27491571,0.64132691,0.24608008,0.50840684,-0.47119353,0.52244111,0.49654247
0.27491279,0.64136883,0.24607981,0.50840633,-0.47119308,0.5224508,0.49653323
0.27490988,0.64141071,0.24607953,0.50840582,-0.47119263,0.52246049,0.49652398
0.27490698,0.64145257,0.24607926,0.50840531,-0.47119219,0.52247017,0.49651473
0.27490408,0.64149439,0.24607898,0.5084048,-0.47119176,0.52247986,0.49650548
0.27490118,0.64153618,0.24607871,0.50840429,-0.47119132,0.52248955,0.49649622
0.27489829,0.64157794,0.24607843,0.50840377,-0.47119089,0.52249923,0.49648696
0.2748954,0.64161967,0.24607816,0.50840326,-0.47119047,0.52250892,0.4964777
0.27489252,0.64166136,0.24607788,0.50840275,-0.47119004,0.5225186,0.49646843
0.27488964,0.64170302,0.24607761,0.50840223,-0.47118962,0.52252829,0.49645916
0.27488677,0.64174465,0.24607733,0.50840172,-0.47118921,0.52253797,0.49644989
0.2748839,0.64178625,0.24607706,0.5084012,-0.4711888,0.52254766,0.49644061
0.27488104,0.64182781,0.24607679,0.50840069,-0.47118839,0.52255734,0.49643134
0.27487818,0.64186934,0.24607651,0.50840017,-0.47118798,0.52256703,0.49642206
0.27487532,0.64191084,0.24607624,0.50839965,-0.47118758,0.52257671,0.49641277
0.27487247,0.64195231,0.24607596,0.50839913,-0.47118718,0.52258639,0.49640349
0.27486962,0.64199375,0.24607569,0.50839862,-0.47118679,0.52259608,0.4963942
0.27486678,0.64203515,0.24607542,0.5083981,-0.4711864,0.52260576,0.4963849
0.27486394,0.64207652,0.24607514,0.50839758,-0.47118601,0.52261544,0.49637561
0.27486111,0.64211786,0.24607487,0.50839706,-0.47118563,0.52262513,0.49636631
0.27485828,0.64215917,0.2460746,0.50839654,-0.47118525,0.52263481,0.49635701
0.27485546,0.64220044,0.24607432,0.50839602,-0.47118487,0.52264449,0.49634771
0.27485264,0.64224168,0.24607405,0.5083955,-0.4711845,0.52265417,0.4963384
0.27484982,0.64228289,0.24607378,0.50839497,-0.47118413,0.52266385,0.49632909
0.27484701,0.64232407,0.24607351,0.50839445,-0.47118376,0.52267353,0.49631978
0.2748442,0.64236521,0.24607323,0.50839393,-0.4711834,0.52268322,0.49631046
0.2748414,0.64240632,0.24607296,0.5083934,-0.47118304,0.5226929,0.49630114
0.2748386,0.64244741,0.24607269,0.50839288,-0.47118269,0.52270258,0.49629182
0.27483581,0.64248845,0.24607242,0.50839236,-0.47118234,0.52271226,0.49628249
0.27483302,0.64252947,0.24607214,0.50839183,-0.47118199,0.52272194,0.49627317
0.27483023,0.64257045,0.24607187,0.5083913,-0.47118164,0.52273162,0.49626384
0.27482745,0.6426114,0.2460716,0.50839078,-0.4711813,0.5227413,0.4962545
0.27482468,0.64265232,0.24607133,0.50839025,-0.47118097,0.52275098,0.49624517
0.27482191,0.64269321,0.24607106,0.50838972,-0.47118063,0.52276066,0.49623583
0.27481914,0.64273406,0.24607079,0.5083892,-0.4711803,0.52277033,0.49622648
0.27481637,0.64277488,0.24607052,0.50838867,-0.47117998,0.52278001,0.49621714
0.27481362,0.64281567,0.24607024,0.50838814,-0.47117966,0.52278969,0.49620779
0.27481086,0.64285643,0.24606997,0.50838761,-0.47117934,0.52279937,0.49619844
0.27480811,0.64289715,0.2460697,0.50838708,-0.47117902,0.52280905,0.49618909
0.27480536,0.64293784,0.24606943,0.50838655,-0.47117871,0.52281872,0.49617973
0.27480262,0.6429785,0.24606916,0.50838602,-0.4711784,0.5228284,0.49617037
0.27479989,0.64301913,0.24606889,0.50838549,-0.4711781,0.52283808,0.49616101
0.27479715,0.64305973,0.24606862,0.50838495,-0.4711778,0.52284776,0.49615164
0.27479442,0.64310029,0.24606835,0.50838442,-0.4711775,0.52285743,0.49614227
0.2747917,0.64314082,0.24606808,0.50838389,-0.4711772,0.52286711,0.4961329
0.27478898,0.64318132,0.24606781,0.50838335,-0.47117691,0.52287678,0.49612352
0.27478626,0.64322178,0.24606754,0.50838282,-0.47117663,0.52288646,0.49611415
0.27478355,0.64326221,0.24606727,0.50838228,-0.47117634,0.52289614,0.49610477
0.27478084,0.64330261,0.246067,0.50838175,-0.47117606,0.52290581,0.49609538
0.27477814,0.64334298,0.24606673,0.50838121,-0.47117579,0.52291549,0.49608599
0.27477544,0.64338332,0.24606646,0.50838068,-0.47117552,0.52292516,0.49607661
0.27477275,0.64342362,0.24606619,0.50838014,-0.47117525,0.52293483,0.49606721
0.27477006,0.64346389,0.24606592,0.5083796,-0.47117498,0.52294451,0.49605782
0.27476737,0.64350413,0.24606565,0.50837906,-0.47117472,0.52295418,0.49604842
0.27476469,0.64354434,0.24606538,0.50837852,-0.47117446,0.52296386,0.49603902
0.27476201,0.64358451,0.24606511,0.50837799,-0.47117421,0.52297353,0.49602961
0.27475933,0.64362465,0.24606485,0.50837745,-0.47117396,0.5229832,0.49602021
0.27475666,0.64366476,0.24606458,0.50837691,-0.47117371,0.52299287,0.4960108
0.274754,0.64370484,0.24606431,0.50837636,-0.47117347,0.52300255,0.49600138
0.27475134,0.64374488,0.24606404,0.50837582,-0.47117323,0.52301222,0.49599197
0.27474868,0.64378489,0.24606377,0.50837528,-0.47117299,0.52302189,0.49598255
0.27474603,0.64382487,0.2460635,0.50837474,-0.47117276,0.52303156,0.49597313
0.27474338,0.64386482,0.24606324,0.5083742,-0.47117253,0.52304123,0.4959637
0.27474073,0.64390473,0.24606297,0.50837365,-0.4711723,0.5230509,0.49595427
0.27473809,0.64394462,0.2460627,0.50837311,-0.47117208,0.52306058,0.49594484
0.27473546,0.64398447,0.24606243,0.50837256,-0.47117186,0.52307025,0.49593541
0.27473282,0.64402428,0.24606216,0.50837202,-0.47117165,0.52307992,0.49592597
0.27473019,0.64406407,0.2460619,0.50837147,-0.47117144,0.52308959,0.49591653
0.27472757,0.64410382,0.24606163,0.50837093,-0.47117123,0.52309926,0.49590709
0.27472495,0.64414354,0.24606136,0.50837038,-0.47117102,0.52310892,0.49589765
0.27472233,0.64418323,0.2460611,0.50836983,-0.47117082,0.52311859,0.4958882
0.27471972,0.64422288,0.24606083,0.50836929,-0.47117063,0.52312826,0.49587875
0.27471711,0.6442625,0.24606056,0.50836874,-0.47117043,0.52313793,0.49586929
0.27471451,0.64430209,0.2460603,0.50836819,-0.47117024,0.5231476,0.49585983
0.27471191,0.64434165,0.24606003,0.50836764,-0.47117006,0.52315727,0.49585037
0.27470931,0.64438117,0.24605976,0.50836709,-0.47116987,0.52316693,0.49584091
0.27470672,0.64442067,0.2460595,0.50836654,-0.47116969,0.5231766,0.49583144
0.27470413,0.64446012,0.24605923,0.50836599,-0.47116952,0.52318627,0.49582198
0.27470155,0.64449955,0.24605896,0.50836544,-0.47116935,0.52319594,0.4958125
0.27469897,0.64453895,0.2460587,0.50836489,-0.47116918,0.5232056,0.49580303
0.27469639,0.64457831,0.24605843,0.50836434,-0.47116901,0.52321527,0.49579355
0.27469382,0.64461764,0.24605817,0.50836378,-0.47116885,0.52322493,0.49578407
0.27469125,0.64465694,0.2460579,0.50836323,-0.4711687,0.5232346,0.49577459
0.27468869,0.6446962,0.24605763,0.50836268,-0.47116854,0.52324427,0.4957651
0.27468613,0.64473543,0.24605737,0.50836212,-0.47116839,0.52325393,0.49575561
0.27468357,0.64477463,0.2460571,0.50836157,-0.47116824,0.5232636,0.49574612
0.27468102,0.6448138,0.24605684,0.50836101,-0.4711681,0.52327326,0.49573662
0.27467847,0.64485293,0.24605657,0.50836046,-0.47116796,0.52328292,0.49572712
0.27467593,0.64489203,0.24605631,0.5083599,-0.47116783,0.52329259,0.49571762
0.27467338,0.6449311,0.24605604,0.50835934,-0.47116769,0.52330225,0.49570812
0.27467085,0.64497014,0.24605578,0.50835879,-0.47116756,0.52331191,0.49569861
0.27466832,0.64500914,0.24605551,0.50835823,-0.47116744,0.52332158,0.4956891
0.27466579,0.64504812,0.24605525,0.50835767,-0.47116732,0.52333124,0.49567959
0.27466326,0.64508705,0.24605499,0.50835711,-0.4711672,0.5233409,0.49567007
0.27466074,0.64512596,0.24605472,0.50835655,-0.47116709,0.52335057,0.49566055
0.27465822,0.64516484,0.24605446,0.50835599,-0.47116697,0.52336023,0.49565103
0.27465571,0.64520368,0.24605419,0.50835543,-0.47116687,0.52336989,0.4956415
0.2746532,0.64524249,0.24605393,0.50835487,-0.47116676,0.52337955,0.49563198
0.27465069,0.64528126,0.24605367,0.50835431,-0.47116666,0.52338921,0.49562244
0.27464819,0.64532001,0.2460534,0.50835375,-0.47116657,0.52339887,0.49561291
0.2746457,0.64535872,0.24605314,0.50835318,-0.47116647,0.52340853,0.49560337
0.2746432,0.64539739,0.24605287,0.50835262,-0.47116638,0.52341819,0.49559383
0.27464071,0.64543604,0.24605261,0.50835206,-0.4711663,0.52342785,0.49558429
0.27463822,0.64547465,0.24605235,0.50835149,-0.47116622,0.52343751,0.49557475
0.27463574,0.64551323,0.24605209,0.50835093,-0.47116614,0.52344717,0.4955652
0.27463326,0.64555178,0.24605182,0.50835036,-0.47116606,0.52345683,0.49555565
0.27463079,0.6455903,0.24605156,0.5083498,-0.47116599,0.52346649,0.49554609
0.27462832,0.64562878,0.2460513,0.50834923,-0.47116592,0.52347615,0.49553653
0.27462585,0.64566723,0.24605103,0.50834867,-0.47116586,0.5234858,0.49552697
0.27462338,0.64570565,0.24605077,0.5083481,-0.4711658,0.52349546,0.49551741
0.27462092,0.64574403,0.24605051,0.50834753,-0.47116574,0.52350512,0.49550784
0.27461847,0.64578239,0.24605025,0.50834696,-0.47116569,0.52351478,0.49549827
0.27461602,0.6458207,0.24604999,0.50834639,-0.47116564,0.52352443,0.4954887
0.27461357,0.64585899,0.24604972,0.50834582,-0.47116559,0.52353409,0.49547913
0.27461112,0.64589725,0.24604946,0.50834526,-0.47116555,0.52354375,0.49546955
0.27460868,0.64593547,0.2460492,0.50834469,-0.47116551,0.5235534,0.49545997
0.27460624,0.64597366,0.24604894,0.50834411,-0.47116547,0.52356306,0.49545038
0.27460381,0.64601181,0.24604868,0.50834354,-0.47116544,0.52357271,0.4954408
0.27460138,0.64604994,0.24604842,0.50834297,-0.47116541,0.52358237,0.49543121
0.27459895,0.64608803,0.24604815,0.5083424,-0.47116539,0.52359202,0.49542161
0.27459653,0.64612609,0.24604789,0.50834183,-0.47116537,0.52360168,0.49541202
0.27459411,0.64616411,0.24604763,0.50834125,-0.47116535,0.52361133,0.49540242
0.27459169,0.64620211,0.24604737,0.50834068,-0.47116534,0.52362098,0.49539282
0.27458928,0.64624007,0.24604711,0.50834011,-0.47116533,0.52363064,0.49538321
0.27458687,0.64627799,0.24604685,0.50833953,-0.47116532,0.52364029,0.4953736
0.27458447,0.64631589,0.24604659,0.50833896,-0.47116532,0.52364994,0.49536399
0.27458207,0.64635375,0.24604633,0.50833838,-0.47116532,0.5236596,0.49535438
0.27457967,0.64639158,0.24604607,0.50833781,-0.47116532,0.52366925,0.49534476
0.27457727,0.64642938,0.24604581,0.50833723,-0.47116533,0.5236789,0.49533514
0.27457488,0.64646714,0.24604555,0.50833665,-0.47116534,0.52368855,0.49532552
0.2745725,0.64650488,0.24604529,0.50833607,-0.47116535,0.5236982,0.4953159
0.27457011,0.64654257,0.24604503,0.5083355,-0.47116537,0.52370785,0.49530627
0.27456773,0.64658024,0.24604477,0.50833492,-0.47116539,0.5237175,0.49529664
0.27456536,0.64661787,0.24604451,0.50833434,-0.47116542,0.52372715,0.495287
0.27456298,0.64665548,0.24604425,0.50833376,-0.47116545,0.5237368,0.49527737
0.27456062,0.64669304,0.24604399,0.50833318,-0.47116548,0.52374645,0.49526773
0.27455825,0.64673058,0.24604373,0.5083326,-0.47116552,0.5237561,0.49525808
0.27455589,0.64676808,0.24604347,0.50833202,-0.47116556,0.52376575,0.49524844
0.27455353,0.64680555,0.24604322,0.50833144,-0.4711656,0.5237754,0.49523879
0.27455117,0.64684299,0.24604296,0.50833086,-0.47116565,0.52378505,0.49522914
0.27454882,0.6468804,0.2460427,0.50833027,-0.4711657,0.5237947,0.49521948
0.27454648,0.64691777,0.24604244,0.50832969,-0.47116575,0.52380435,0.49520982
0.27454413,0.64695511,0.24604218,0.50832911,-0.47116581,0.52381399,0.49520016
0.27454179,0.64699241,0.24604192,0.50832852,-0.47116587,0.52382364,0.4951905
0.27453945,0.64702969,0.24604167,0.50832794,-0.47116594,0.52383329,0.49518083
0.27453712,0.64706693,0.24604141,0.50832735,-0.471166,0.52384293,0.49517116
0.27453479,0.64710414,0.24604115,0.50832677,-0.47116608,0.52385258,0.49516149
0.27453246,0.64714131,0.24604089,0.50832618,-0.47116615,0.52386223,0.49515181
0.27453014,0.64717846,0.24604063,0.5083256,-0.47116623,0.52387187,0.49514214
0.27452782,0.64721557,0.24604038,0.50832501,-0.47116631,0.52388152,0.49513245
0.2745255,0.64725265,0.24604012,0.50832442,-0.4711664,0.52389116,0.49512277
0.27452319,0.64728969,0.24603986,0.50832383,-0.47116649,0.52390081,0.49511308
0.27452088,0.6473267,0.24603961,0.50832325,-0.47116658,0.52391045,0.49510339
0.27451857,0.64736368,0.24603935,0.50832266,-0.47116668,0.52392009,0.4950937
0.27451627,0.64740063,0.24603909,0.50832207,-0.47116678,0.52392974,0.495084
0.27451397,0.64743754,0.24603884,0.50832148,-0.47116689,0.52393938,0.4950743
0.27451167,0.64747442,0.24603858,0.50832089,-0.47116699,0.52394902,0.4950646
0.27450938,0.64751127,0.24603832,0.5083203,-0.47116711,0.52395867,0.4950549
0.27450709,0.64754809,0.24603807,0.50831971,-0.47116722,0.52396831,0.49504519
0.2745048,0.64758487,0.24603781,0.50831911,-0.47116734,0.52397795,0.49503548
0.27450252,0.64762162,0.24603756,0.50831852,-0.47116746,0.52398759,0.49502576
0.27450024,0.64765834,0.2460373,0.50831793,-0.47116759,0.52399723,0.49501605
0.27449796,0.64769503,0.24603704,0.50831734,-0.47116772,0.52400688,0.49500633
0.27449569,0.64773168,0.24603679,0.50831674,-0.47116785,0.52401652,0.4949966
0.27449342,0.6477683,0.24603653,0.50831615,-0.47116799,0.52402616,0.49498688
0.27449115,0.64780488,0.24603628,0.50831555,-0.47116813,0.5240358,0.49497715
0.27448889,0.64784144,0.24603602,0.50831496,-0.47116827,0.52404544,0.49496742
0.27448663,0.64787796,0.24603577,0.50831436,-0.47116842,0.52405508,0.49495768
0.27448437,0.64791445,0.24603551,0.50831377,-0.47116857,0.52406471,0.49494795
0.27448212,0.6479509,0.24603526,0.50831317,-0.47116872,0.52407435,0.4949382
0.27447987,0.64798733,0.246035,0.50831257,-0.47116888,0.52408399,0.49492846
0.27447762,0.64802372,0.24603475,0.50831198,-0.47116904,0.52409363,0.49491871
0.27447538,0.64806007,0.2460345,0.50831138,-0.47116921,0.52410327,0.49490897
0.27447314,0.6480964,0.24603424,0.50831078,-0.47116938,0.52411291,0.49489921
0.2744709,0.64813269,0.24603399,0.50831018,-0.47116955,0.52412254,0.49488946
0.27446867,0.64816895,0.24603373,0.50830958,-0.47116973,0.52413218,0.4948797
0.27446644,0.64820518,0.24603348,0.50830898,-0.4711699,0.52414182,0.49486994
0.27446421,0.64824137,0.24603323,0.50830838,-0.47117009,0.52415145,0.49486017
0.27446199,0.64827753,0.24603297,0.50830778,-0.47117027,0.52416109,0.49485041
0.27445977,0.64831366,0.24603272,0.50830718,-0.47117046,0.52417072,0.49484064
0.27445755,0.64834976,0.24603247,0.50830658,-0.47117066,0.52418036,0.49483086
0.27445534,0.64838582,0.24603221,0.50830598,-0.47117086,0.52418999,0.49482109
0.27445312,0.64842185,0.24603196,0.50830537,-0.47117106,0.52419963,0.49481131
0.27445092,0.64845785,0.24603171,0.50830477,-0.47117126,0.52420926,0.49480153
0.27444871,0.64849381,0.24603146,0.50830417,-0.47117147,0.5242189,0.49479174
0.27444651,0.64852974,0.2460312,0.50830356,-0.47117168,0.52422853,0.49478195
0.27444431,0.64856564,0.24603095,0.50830296,-0.4711719,0.52423816,0.49477216
0.27444212,0.64860151,0.2460307,0.50830235,-0.47117212,0.5242478,0.49476237
0.27443992,0.64863734,0.24603045,0.50830175,-0.47117234,0.52425743,0.49475257
0.27443773,0.64867314,0.24603019,0.50830114,-0.47117257,0.52426706,0.49474277
0.27443555,0.64870891,0.24602994,0.50830054,-0.47117279,0.52427669,0.49473297
0.27443337,0.64874465,0.24602969,0.50829993,-0.47117303,0.52428632,0.49472316
0.27443119,0.64878035,0.24602944,0.50829932,-0.47117327,0.52429596,0.49471336
0.27442901,0.64881602,0.24602919,0.50829871,-0.47117351,0.52430559,0.49470354
0.27442683,0.64885166,0.24602894,0.50829811,-0.47117375,0.52431522,0.49469373
0.27442466,0.64888726,0.24602869,0.5082975,-0.471174,0.52432485,0.49468391
0.2744225,0.64892284,0.24602844,0.50829689,-0.47117425,0.52433448,0.49467409
0.27442033,0.64895837,0.24602818,0.50829628,-0.4711745,0.52434411,0.49466427
0.27441817,0.64899388,0.24602793,0.50829567,-0.47117476,0.52435374,0.49465444
0.27441601,0.64902936,0.24602768,0.50829506,-0.47117502,0.52436336,0.49464461
0.27441386,0.6490648,0.24602743,0.50829445,-0.47117529,0.52437299,0.49463478
0.27441171,0.6491002,0.24602718,0.50829384,-0.47117556,0.52438262,0.49462495
0.27440956,0.64913558,0.24602693,0.50829322,-0.47117583,0.52439225,0.49461511
0.27440741,0.64917092,0.24602668,0.50829261,-0.47117611,0.52440188,0.49460527
0.27440527,0.64920623,0.24602643,0.508292,-0.47117639,0.5244115,0.49459542
0.27440313,0.64924151,0.24602618,0.50829138,-0.47117667,0.52442113,0.49458558
0.27440099,0.64927676,0.24602594,0.50829077,-0.47117696,0.52443076,0.49457573
0.27439886,0.64931197,0.24602569,0.50829016,-0.47117725,0.52444038,0.49456587
0.27439673,0.64934715,0.24602544,0.50828954,-0.47117754,0.52445001,0.49455602
0.2743946,0.64938229,0.24602519,0.50828893,-0.47117784,0.52445963,0.49454616
0.27439247,0.64941741,0.24602494,0.50828831,-0.47117814,0.52446926,0.4945363
0.27439035,0.64945249,0.24602469,0.50828769,-0.47117845,0.52447888,0.49452643
0.27438823,0.64948754,0.24602444,0.50828708,-0.47117875,0.52448851,0.49451656
0.27438611,0.64952256,0.24602419,0.50828646,-0.47117907,0.52449813,0.49450669
0.274384,0.64955754,0.24602395,0.50828584,-0.47117938,0.52450776,0.49449682
0.27438189,0.64959249,0.2460237,0.50828523,-0.4711797,0.52451738,0.49448694
0.27437978,0.64962741,0.24602345,0.50828461,-0.47118002,0.524527,0.49447706
0.27437768,0.64966229,0.2460232,0.50828399,-0.47118035,0.52453663,0.49446718
0.27437558,0.64969715,0.24602295,0.50828337,-0.47118068,0.52454625,0.49445729
0.27437348,0.64973197,0.24602271,0.50828275,-0.47118101,0.52455587,0.49444741
0.27437138,0.64976675,0.24602246,0.50828213,-0.47118135,0.52456549,0.49443751
0.27436929,0.64980151,0.24602221,0.50828151,-0.47118169,0.52457511,0.49442762
0.2743672,0.64983623,0.24602197,0.50828089,-0.47118204,0.52458473,0.49441772
0.27436512,0.64987092,0.24602172,0.50828027,-0.47118238,0.52459436,0.49440782
0.27436303,0.64990558,0.24602147,0.50827964,-0.47118274,0.52460398,0.49439792
0.27436095,0.6499402,0.24602122,0.50827902,-0.47118309,0.5246136,0.49438801
0.27435887,0.64997479,0.24602098,0.5082784,-0.47118345,0.52462322,0.4943781
0.2743568,0.65000935,0.24602073,0.50827777,-0.47118381,0.52463283,0.49436819
0.27435473,0.65004388,0.24602049,0.50827715,-0.47118418,0.52464245,0.49435828
0.27435266,0.65007837,0.24602024,0.50827653,-0.47118455,0.52465207,0.49434836
0.27435059,0.65011283,0.24601999,0.5082759,-0.47118492,0.52466169,0.49433844
0.27434853,0.65014726,0.24601975,0.50827528,-0.4711853,0.52467131,0.49432851
0.27434646,0.65018166,0.2460195,0.50827465,-0.47118568,0.52468093,0.49431859
0.27434441,0.65021602,0.24601926,0.50827402,-0.47118606,0.52469054,0.49430866
0.27434235,0.65025035,0.24601901,0.5082734,-0.47118645,0.52470016,0.49429872
0.2743403,0.65028465,0.24601877,0.50827277,-0.47118684,0.52470978,0.49428879
0.27433825,0.65031891,0.24601852,0.50827214,-0.47118723,0.52471939,0.49427885
0.2743362,0.65035315,0.24601828,0.50827152,-0.47118763,0.52472901,0.49426891
0.27433416,0.65038735,0.24601803,0.50827089,-0.47118803,0.52473862,0.49425896
0.27433212,0.65042151,0.24601779,0.50827026,-0.47118844,0.52474824,0.49424901
0.27433008,0.65045565,0.24601754,0.50826963,-0.47118884,0.52475785,0.49423906
0.27432804,0.65048975,0.2460173,0.508269,-0.47118926,0.52476747,0.49422911
0.27432601,0.65052382,0.24601706,0.50826837,-0.47118967,0.52477708,0.49421915
0.27432398,0.65055786,0.24601681,0.50826774,-0.47119009,0.5247867,0.49420919
0.27432196,0.65059186,0.24601657,0.50826711,-0.47119051,0.52479631,0.49419923
0.27431993,0.65062584,0.24601633,0.50826648,-0.47119094,0.52480592,0.49418926
0.27431791,0.65065978,0.24601608,0.50826584,-0.47119137,0.52481554,0.4941793
0.27431589,0.65069368,0.24601584,0.50826521,-0.4711918,0.52482515,0.49416932
0.27431387,0.65072756,0.2460156,0.50826458,-0.47119224,0.52483476,0.49415935
0.27431186,0.6507614,0.24601535,0.50826395,-0.47119268,0.52484437,0.49414937
0.27430985,0.65079521,0.24601511,0.50826331,-0.47119313,0.52485398,0.49413939
0.27430784,0.65082899,0.24601487,0.50826268,-0.47119357,0.52486359,0.49412941
0.27430584,0.65086273,0.24601463,0.50826204,-0.47119403,0.52487321,0.49411942
0.27430384,0.65089645,0.24601438,0.50826141,-0.47119448,0.52488282,0.49410943
0.27430184,0.65093013,0.24601414,0.50826077,-0.47119494,0.52489243,0.49409944
0.27429984,0.65096377,0.2460139,0.50826014,-0.4711954,0.52490204,0.49408945
0.27429785,0.65099739,0.24601366,0.5082595,-0.47119587,0.52491164,0.49407945
0.27429586,0.65103097,0.24601342,0.50825886,-0.47119634,0.52492125,0.49406945
0.27429387,0.65106452,0.24601317,0.50825823,-0.47119681,0.52493086,0.49405944
0.27429188,0.65109804,0.24601293,0.50825759,-0.47119729,0.52494047,0.49404943
0.2742899,0.65113152,0.24601269,0.50825695,-0.47119777,0.52495008,0.49403942
0.27428792,0.65116498,0.24601245,0.50825631,-0.47119825,0.52495969,0.49402941
0.27428594,0.6511984,0.24601221,0.50825567,-0.47119874,0.52496929,0.4940194
0.27428396,0.65123179,0.24601197,0.50825503,-0.47119923,0.5249789,0.49400938
0.27428199,0.65126514,0.24601173,0.50825439,-0.47119972,0.52498851,0.49399935
0.27428002,0.65129846,0.24601149,0.50825375,-0.47120022,0.52499811,0.49398933
0.27427806,0.65133175,0.24601125,0.50825311,-0.47120072,0.52500772,0.4939793
0.27427609,0.65136501,0.24601101,0.50825247,-0.47120123,0.52501732,0.49396927
0.27427413,0.65139824,0.24601077,0.50825183,-0.47120174,0.52502693,0.49395924
0.27427217,0.65143143,0.24601053,0.50825119,-0.47120225,0.52503653,0.4939492
0.27427022,0.65146459,0.24601029,0.50825054,-0.47120276,0.52504614,0.49393916
0.27426826,0.65149772,0.24601005,0.5082499,-0.47120328,0.52505574,0.49392912
0.27426631,0.65153082,0.24600981,0.50824926,-0.47120381,0.52506534,0.49391907
0.27426436,0.65156388,0.24600957,0.50824861,-0.47120433,0.52507495,0.49390902
0.27426242,0.65159692,0.24600933,0.50824797,-0.47120486,0.52508455,0.49389897
0.27426047,0.65162992,0.24600909,0.50824733,-0.4712054,0.52509415,0.49388892
0.27425853,0.65166288,0.24600885,0.50824668,-0.47120593,0.52510376,0.49387886
0.2742566,0.65169582,0.24600861,0.50824603,-0.47120647,0.52511336,0.4938688
0.27425466,0.65172872,0.24600838,0.50824539,-0.47120702,0.52512296,0.49385873
0.27425273,0.65176159,0.24600814,0.50824474,-0.47120757,0.52513256,0.49384867
0.2742508,0.65179443,0.2460079,0.50824409,-0.47120812,0.52514216,0.4938386
0.27424887,0.65182724,0.24600766,0.50824345,-0.47120867,0.52515176,0.49382853
0.27424695,0.65186001,0.24600742,0.5082428,-0.47120923,0.52516136,0.49381845
0.27424503,0.65189275,0.24600719,0.50824215,-0.47120979,0.52517096,0.49380837
0.27424311,0.65192546,0.24600695,0.5082415,-0.47121036,0.52518056,0.49379829
0.27424119,0.65195814,0.24600671,0.50824085,-0.47121093,0.52519016,0.49378821
0.27423928,0.65199078,0.24600647,0.5082402,-0.4712115,0.52519976,0.49377812
0.27423737,0.65202339,0.24600624,0.50823955,-0.47121208,0.52520936,0.49376803
0.27423546,0.65205597,0.246006,0.5082389,-0.47121266,0.52521895,0.49375793
0.27423355,0.65208852,0.24600576,0.50823825,-0.47121324,0.52522855,0.49374784
0.27423165,0.65212104,0.24600553,0.5082376,-0.47121383,0.52523815,0.49373774
0.27422975,0.65215352,0.24600529,0.50823695,-0.47121442,0.52524775,0.49372764
0.27422785,0.65218597,0.24600505,0.5082363,-0.47121501,0.52525734,0.49371753
0.27422595,0.65221839,0.24600482,0.50823565,-0.47121561,0.52526694,0.49370742
0.27422406,0.65225078,0.24600458,0.50823499,-0.47121621,0.52527653,0.49369731
0.27422217,0.65228314,0.24600435,0.50823434,-0.47121682,0.52528613,0.4936872
0.27422028,0.65231546,0.24600411,0.50823369,-0.47121743,0.52529572,0.49367708
0.27421839,0.65234775,0.24600387,0.50823303,-0.47121804,0.52530532,0.49366696
0.27421651,0.65238001,0.24600364,0.50823238,-0.47121865,0.52531491,0.49365684
0.27421463,0.65241224,0.2460034,0.50823172,-0.47121927,0.52532451,0.49364671
0.27421275,0.65244443,0.24600317,0.50823107,-0.4712199,0.5253341,0.49363658
0.27421088,0.6524766,0.24600293,0.50823041,-0.47122052,0.52534369,0.49362645
0.27420901,0.65250873,0.2460027,0.50822975,-0.47122115,0.52535329,0.49361632
0.27420714,0.65254083,0.24600246,0.5082291,-0.47122178,0.52536288,0.49360618
0.27420527,0.65257289,0.24600223,0.50822844,-0.47122242,0.52537247,0.49359604
0.2742034,0.65260493,0.24600199,0.50822778,-0.47122306,0.52538206,0.49358589
0.27420154,0.65263693,0.24600176,0.50822712,-0.47122371,0.52539166,0.49357575
0.27419968,0.6526689,0.24600153,0.50822647,-0.47122435,0.52540125,0.4935656
0.27419782,0.65270084,0.24600129,0.50822581,-0.47122501,0.52541084,0.49355544
0.27419597,0.65273275,0.24600106,0.50822515,-0.47122566,0.52542043,0.49354529
0.27419412,0.65276462,0.24600082,0.50822449,-0.47122632,0.52543002,0.49353513
0.27419227,0.65279646,0.24600059,0.50822383,-0.47122698,0.52543961,0.49352497
0.27419042,0.65282828,0.24600036,0.50822317,-0.47122765,0.5254492,0.4935148
0.27418858,0.65286006,0.24600012,0.50822251,-0.47122832,0.52545879,0.49350463
0.27418673,0.6528918,0.24599989,0.50822185,-0.47122899,0.52546837,0.49349446
0.2741849,0.65292352,0.24599966,0.50822118,-0.47122966,0.52547796,0.49348429
0.27418306,0.6529552,0.24599943,0.50822052,-0.47123034,0.52548755,0.49347411
0.27418122,0.65298685,0.24599919,0.50821986,-0.47123103,0.52549714,0.49346393
0.27417939,0.65301847,0.24599896,0.5082192,-0.47123171,0.52550672,0.49345375
0.27417756,0.65305006,0.24599873,0.50821853,-0.4712324,0.52551631,0.49344356
0.27417574,0.65308162,0.2459985,0.50821787,-0.4712331,0.5255259,0.49343338
0.27417391,0.65311314,0.24599826,0.5082172,-0.4712338,0.52553548,0.49342318
0.27417209,0.65314463,0.24599803,0.50821654,-0.4712345,0.52554507,0.49341299
0.27417027,0.6531761,0.2459978,0.50821587,-0.4712352,0.52555465,0.49340279
0.27416845,0.65320752,0.24599757,0.50821521,-0.47123591,0.52556424,0.49339259
0.27416664,0.65323892,0.24599734,0.50821454,-0.47123662,0.52557382,0.49338239
0.27416483,0.65327029,0.2459971,0.50821388,-0.47123734,0.52558341,0.49337218
0.27416302,0.65330162,0.24599687,0.50821321,-0.47123806,0.52559299,0.49336197
0.27416121,0.65333292,0.24599664,0.50821254,-0.47123878,0.52560258,0.49335176
0.27415941,0.65336419,0.24599641,0.50821187,-0.4712395,0.52561216,0.49334154
0.27415761,0.65339543,0.24599618,0.50821121,-0.47124023,0.52562174,0.49333133
0.27415581,0.65342664,0.24599595,0.50821054,-0.47124097,0.52563132,0.4933211
0.27415401,0.65345782,0.24599572,0.50820987,-0.4712417,0.52564091,0.49331088
0.27415222,0.65348896,0.24599549,0.5082092,-0.47124244,0.52565049,0.49330065
0.27415043,0.65352007,0.24599526,0.50820853,-0.47124319,0.52566007,0.49329042
0.27414864,0.65355115,0.24599503,0.50820786,-0.47124394,0.52566965,0.49328019
0.27414685,0.6535822,0.2459948,0.50820719,-0.47124469,0.52567923,0.49326995
0.27414507,0.65361322,0.24599457,0.50820652,-0.47124544,0.52568881,0.49325971
0.27414329,0.6536442,0.24599434,0.50820585,-0.4712462,0.52569839,0.49324947
0.27414151,0.65367516,0.24599411,0.50820517,-0.47124696,0.52570797,0.49323923
0.27413973,0.65370608,0.24599388,0.5082045,-0.47124773,0.52571755,0.49322898
0.27413796,0.65373697,0.24599365,0.50820383,-0.47124849,0.52572713,0.49321873
0.27413619,0.65376783,0.24599342,0.50820316,-0.47124927,0.52573671,0.49320847
0.27413442,0.65379866,0.24599319,0.50820248,-0.47125004,0.52574628,0.49319821
0.27413265,0.65382946,0.24599296,0.50820181,-0.47125082,0.52575586,0.49318795
0.27413089,0.65386022,0.24599273,0.50820113,-0.4712516,0.52576544,0.49317769
0.27412913,0.65389096,0.2459925,0.50820046,-0.47125239,0.52577502,0.49316742
0.27412737,0.65392166,0.24599227,0.50819978,-0.47125318,0.52578459,0.49315716
0.27412561,0.65395233,0.24599204,0.50819911,-0.47125398,0.52579417,0.49314688
0.27412386,0.65398297,0.24599182,0.50819843,-0.47125477,0.52580375,0.49313661
0.27412211,0.65401358,0.24599159,0.50819776,-0.47125557,0.52581332,0.49312633
0.27412036,0.65404416,0.24599136,0.50819708,-0.47125638,0.5258229,0.49311605
0.27411861,0.6540747,0.24599113,0.5081964,-0.47125719,0.52583247,0.49310576
0.27411687,0.65410522,0.2459909,0.50819572,-0.471258,0.52584205,0.49309548
0.27411513,0.6541357,0.24599068,0.50819505,-0.47125881,0.52585162,0.49308519
0.27411339,0.65416615,0.24599045,0.50819437,-0.47125963,0.52586119,0.49307489
0.27411165,0.65419657,0.24599022,0.50819369,-0.47126045,0.52587077,0.4930646
0.27410992,0.65422696,0.24598999,0.50819301,-0.47126128,0.52588034,0.4930543
0.27410819,0.65425732,0.24598976,0.50819233,-0.47126211,0.52588991,0.493044
0.27410646,0.65428764,0.24598954,0.50819165,-0.47126294,0.52589948,0.49303369
0.27410473,0.65431794,0.24598931,0.50819097,-0.47126378,0.52590906,0.49302338
0.27410301,0.6543482,0.24598908,0.50819029,-0.47126462,0.52591863,0.49301307
0.27410129,0.65437844,0.24598886,0.50818961,-0.47126546,0.5259282,0.49300276
0.27409957,0.65440864,0.24598863,0.50818893,-0.47126631,0.52593777,0.49299244
0.27409785,0.65443881,0.2459884,0.50818824,-0.47126716,0.52594734,0.49298212
0.27409614,0.65446895,0.24598818,0.50818756,-0.47126801,0.52595691,0.4929718
0.27409443,0.65449906,0.24598795,0.50818688,-0.47126887,0.52596648,0.49296147
0.27409272,0.65452913,0.24598772,0.5081862,-0.47126973,0.52597605,0.49295114
0.27409101,0.65455918,0.2459875,0.50818551,-0.47127059,0.52598562,0.49294081
0.27408931,0.65458919,0.24598727,0.50818483,-0.47127146,0.52599519,0.49293048
0.27408761,0.65461918,0.24598704,0.50818414,-0.47127233,0.52600475,0.49292014
0.27408591,0.65464913,0.24598682,0.50818346,-0.47127321,0.52601432,0.4929098
0.27408421,0.65467905,0.24598659,0.50818277,-0.47127409,0.52602389,0.49289945
0.27408252,0.65470894,0.24598637,0.50818209,-0.47127497,0.52603346,0.49288911
0.27408083,0.6547388,0.24598614,0.5081814,-0.47127586,0.52604302,0.49287876
0.27407914,0.65476863,0.24598591,0.50818072,-0.47127674,0.52605259,0.4928684
0.27407745,0.65479843,0.24598569,0.50818003,-0.47127764,0.52606215,0.49285805
0.27407577,0.6548282,0.24598546,0.50817934,-0.47127853,0.52607172,0.49284769
0.27407409,0.65485794,0.24598524,0.50817865,-0.47127943,0.52608129,0.49283733
0.27407241,0.65488764,0.24598501,0.50817797,-0.47128034,0.52609085,0.49282696
0.27407074,0.65491732,0.24598479,0.50817728,-0.47128125,0.52610042,0.49281659
0.27406906,0.65494696,0.24598456,0.50817659,-0.47128216,0.52610998,0.49280622
0.27406739,0.65497657,0.24598434,0.5081759,-0.47128307,0.52611954,0.49279585
0.27406572,0.65500615,0.24598411,0.50817521,-0.47128399,0.52612911,0.49278547
0.27406406,0.65503571,0.24598389,0.50817452,-0.47128491,0.52613867,0.49277509
0.27406239,0.65506523,0.24598366,0.50817383,-0.47128583,0.52614823,0.49276471
0.27406073,0.65509472,0.24598344,0.50817314,-0.47128676,0.52615779,0.49275432
0.27405908,0.65512417,0.24598321,0.50817245,-0.4712877,0.52616736,0.49274394
0.27405742,0.6551536,0.24598299,0.50817176,-0.47128863,0.52617692,0.49273354
0.27405577,0.655183,0.24598276,0.50817106,-0.47128957,0.52618648,0.49272315
0.27405412,0.65521237,0.24598254,0.50817037,-0.47129051,0.52619604,0.49271275
0.27405247,0.6552417,0.24598232,0.50816968,-0.47129146,0.5262056,0.49270235
0.27405082,0.65527101,0.24598209,0.50816898,-0.47129241,0.52621516,0.49269195
0.27404918,0.65530028,0.24598187,0.50816829,-0.47129336,0.52622472,0.49268154
0.27404754,0.65532953,0.24598164,0.5081676,-0.47129432,0.52623428,0.49267113
0.2740459,0.65535874,0.24598142,0.5081669,-0.47129528,0.52624384,0.49266072
0.27404427,0.65538793,0.24598119,0.50816621,-0.47129624,0.5262534,0.4926503
0.27404263,0.65541708,0.24598097,0.50816551,-0.47129721,0.52626295,0.49263988
0.274041,0.6554462,0.24598075,0.50816482,-0.47129818,0.52627251,0.49262946
0.27403938,0.65547529,0.24598052,0.50816412,-0.47129916,0.52628207,0.49261903
0.27403775,0.65550435,0.2459803,0.50816342,-0.47130013,0.52629163,0.49260861
0.27403613,0.65553338,0.24598008,0.50816273,-0.47130112,0.52630118,0.49259818
0.27403451,0.65556238,0.24597985,0.50816203,-0.4713021,0.52631074,0.49258774
0.27403289,0.65559135,0.24597963,0.50816133,-0.47130309,0.5263203,0.49257731
0.27403128,0.65562029,0.24597941,0.50816064,-0.47130408,0.52632985,0.49256687
0.27402966,0.6556492,0.24597918,0.50815994,-0.47130508,0.52633941,0.49255642
0.27402805,0.65567808,0.24597896,0.50815924,-0.47130608,0.52634896,0.49254598
0.27402645,0.65570693,0.24597874,0.50815854,-0.47130708,0.52635852,0.49253553
0.27402484,0.65573575,0.24597851,0.50815784,-0.47130809,0.52636807,0.49252508
0.27402324,0.65576454,0.24597829,0.50815714,-0.4713091,0.52637762,0.49251462
0.27402164,0.65579329,0.24597807,0.50815644,-0.47131011,0.52638718,0.49250416
0.27402005,0.65582202,0.24597784,0.50815574,-0.47131113,0.52639673,0.4924937
0.27401845,0.65585072,0.24597762,0.50815504,-0.47131215,0.52640628,0.49248324
0.27401686,0.65587938,0.2459774,0.50815434,-0.47131317,0.52641584,0.49247277
0.27401527,0.65590802,0.24597718,0.50815363,-0.4713142,0.52642539,0.4924623
0.27401368,0.65593663,0.24597695,0.50815293,-0.47131523,0.52643494,0.49245183
0.2740121,0.6559652,0.24597673,0.50815223,-0.47131627,0.52644449,0.49244135
0.27401052,0.65599375,0.24597651,0.50815153,-0.4713173,0.52645404,0.49243087
0.27400894,0.65602227,0.24597629,0.50815082,-0.47131835,0.52646359,0.49242039
0.27400737,0.65605075,0.24597606,0.50815012,-0.47131939,0.52647314,0.49240991
0.27400579,0.65607921,0.24597584,0.50814942,-0.47132044,0.52648269,0.49239942
0.27400422,0.65610763,0.24597562,0.50814871,-0.47132149,0.52649224,0.49238893
0.27400265,0.65613603,0.2459754,0.50814801,-0.47132255,0.52650179,0.49237843
0.27400109,0.65616439,0.24597517,0.5081473,-0.47132361,0.52651134,0.49236794
0.27399952,0.65619273,0.24597495,0.50814659,-0.47132467,0.52652089,0.49235744
0.27399796,0.65622104,0.24597473,0.50814589,-0.47132574,0.52653044,0.49234693
0.27399641,0.65624931,0.24597451,0.50814518,-0.47132681,0.52653998,0.49233643
0.27399485,0.65627756,0.24597428,0.50814448,-0.47132788,0.52654953,0.49232592
0.2739933,0.65630577,0.24597406,0.50814377,-0.47132896,0.52655908,0.49231541
0.27399175,0.65633396,0.24597384,0.50814306,-0.47133004,0.52656862,0.49230489
0.2739902,0.65636212,0.24597362,0.50814235,-0.47133113,0.52657817,0.49229438
0.27398866,0.65639024,0.2459734,0.50814164,-0.47133221,0.52658771,0.49228385
0.27398712,0.65641834,0.24597317,0.50814094,-0.4713333,0.52659726,0.49227333
0.27398558,0.65644641,0.24597295,0.50814023,-0.4713344,0.52660681,0.4922628
0.27398404,0.65647444,0.24597273,0.50813952,-0.4713355,0.52661635,0.49225227
0.27398251,0.65650245,0.24597251,0.50813881,-0.4713366,0.52662589,0.49224174
0.27398098,0.65653043,0.24597229,0.5081381,-0.47133771,0.52663544,0.4922312
0.27397945,0.65655838,0.24597206,0.50813739,-0.47133881,0.52664498,0.49222067
0.27397792,0.65658629,0.24597184,0.50813667,-0.47133993,0.52665452,0.49221012
0.2739764,0.65661418,0.24597162,0.50813596,-0.47134104,0.52666407,0.49219958
0.27397488,0.65664204,0.2459714,0.50813525,-0.47134216,0.52667361,0.49218903
0.27397336,0.65666987,0.24597118,0.50813454,-0.47134329,0.52668315,0.49217848
0.27397185,0.65669767,0.24597095,0.50813383,-0.47134441,0.52669269,0.49216792
0.27397033,0.65672544,0.24597073,0.50813311,-0.47134554,0.52670223,0.49215737
0.27396882,0.65675318,0.24597051,0.5081324,-0.47134668,0.52671178,0.49214681
0.27396732,0.65678089,0.24597029,0.50813169,-0.47134781,0.52672132,0.49213624
0.27396581,0.65680857,0.24597007,0.50813097,-0.47134896,0.52673086,0.49212568
0.27396431,0.65683623,0.24596984,0.50813026,-0.4713501,0.5267404,0.49211511
0.27319001,0.68109999,0.24566,0.50540306,-0.49933303,0.495763,0.49945302
0.27319005,0.68109998,0.24566,0.50540306,-0.49933303,0.495763,0.49945302
0.27319012,0.68109995,0.24566,0.50540306,-0.49933304,0.495763,0.49945302
0.27319021,0.68109991,0.24566,0.50540306,-0.49933305,0.495763,0.49945301
0.27319033,0.68109986,0.24566,0.50540306,-0.49933306,0.49576299,0.499453
0.27319047,0.68109979,0.24566,0.50540306,-0.49933308,0.49576299,0.49945299
0.27319064,0.68109972,0.24566,0.50540306,-0.4993331,0.49576298,0.49945298
0.27319083,0.68109963,0.24566,0.50540305,-0.49933312,0.49576298,0.49945296
0.27319105,0.68109954,0.24565999,0.50540305,-0.49933314,0.49576297,0.49945295
0.27319129,0.68109943,0.24565999,0.50540305,-0.49933317,0.49576296,0.49945293
0.27319155,0.68109931,0.24565999,0.50540305,-0.4993332,0.49576295,0.49945291
0.27319184,0.68109918,0.24565999,0.50540305,-0.49933323,0.49576294,0.49945289
0.27319216,0.68109904,0.24565999,0.50540304,-0.49933327,0.49576293,0.49945287
0.27319249,0.68109889,0.24565999,0.50540304,-0.49933331,0.49576292,0.49945284
0.27319285,0.68109872,0.24565998,0.50540304,-0.49933335,0.49576291,0.49945281
0.27319324,0.68109855,0.24565998,0.50540303,-0.49933339,0.4957629,0.49945279
0.27319365,0.68109837,0.24565998,0.50540303,-0.49933344,0.49576289,0.49945276
0.27319408,0.68109817,0.24565998,0.50540303,-0.49933348,0.49576287,0.49945272
0.27319453,0.68109797,0.24565997,0.50540302,-0.49933354,0.49576286,0.49945269
0.273195,0.68109775,0.24565997,0.50540302,-0.49933359,0.49576285,0.49945266
0.2731955,0.68109752,0.24565997,0.50540301,-0.49933365,0.49576283,0.49945262
0.27319602,0.68109729,0.24565997,0.50540301,-0.49933371,0.49576281,0.49945258
0.27319656,0.68109704,0.24565996,0.505403,-0.49933377,0.4957628,0.49945254
0.27319712,0.68109678,0.24565996,0.505403,-0.49933383,0.49576278,0.4994525
0.2731977,0.68109651,0.24565996,0.50540299,-0.4993339,0.49576276,0.49945246
0.27319831,0.68109623,0.24565995,0.50540299,-0.49933397,0.49576274,0.49945241
0.27319893,0.68109595,0.24565995,0.50540298,-0.49933404,0.49576273,0.49945237
0.27319958,0.68109565,0.24565994,0.50540297,-0.49933411,0.49576271,0.49945232
0.27320025,0.68109534,0.24565994,0.50540297,-0.49933419,0.49576269,0.49945227
0.27320093,0.68109502,0.24565993,0.50540296,-0.49933426,0.49576267,0.49945222
0.27320164,0.68109469,0.24565993,0.50540295,-0.49933434,0.49576264,0.49945217
0.27320237,0.68109435,0.24565993,0.50540295,-0.49933443,0.49576262,0.49945211
0.27320311,0.681094,0.24565992,0.50540294,-0.49933451,0.4957626,0.49945206
0.27320388,0.68109365,0.24565992,0.50540293,-0.4993346,0.49576258,0.499452
0.27320466,0.68109328,0.24565991,0.50540292,-0.49933469,0.49576255,0.49945194
0.27320547,0.6810929,0.24565991,0.50540291,-0.49933478,0.49576253,0.49945188
0.27320629,0.68109251,0.2456599,0.50540291,-0.49933488,0.49576251,0.49945182
0.27320714,0.68109212,0.24565989,0.5054029,-0.49933497,0.49576248,0.49945176
0.273208,0.68109171,0.24565989,0.50540289,-0.49933507,0.49576246,0.4994517
0.27320888,0.68109129,0.24565988,0.50540288,-0.49933517,0.49576243,0.49945163
0.27320977,0.68109087,0.24565988,0.50540287,-0.49933527,0.4957624,0.49945156
0.27321069,0.68109043,0.24565987,0.50540286,-0.49933538,0.49576238,0.4994515
0.27321162,0.68108999,0.24565986,0.50540285,-0.49933548,0.49576235,0.49945143
0.27321258,0.68108954,0.24565986,0.50540284,-0.49933559,0.49576232,0.49945136
0.27321355,0.68108907,0.24565985,0.50540283,-0.4993357,0.49576229,0.49945129
0.27321453,0.6810886,0.24565984,0.50540281,-0.49933582,0.49576227,0.49945121
0.27321554,0.68108812,0.24565984,0.5054028,-0.49933593,0.49576224,0.49945114
0.27321656,0.68108763,0.24565983,0.50540279,-0.49933605,0.49576221,0.49945106
0.27321759,0.68108713,0.24565982,0.50540278,-0.49933617,0.49576218,0.49945098
0.27321865,0.68108663,0.24565981,0.50540276,-0.49933629,0.49576215,0.49945091
0.27321972,0.68108611,0.24565981,0.50540275,-0.49933641,0.49576212,0.49945083
0.2732208,0.68108558,0.2456598,0.50540274,-0.49933654,0.49576209,0.49945075
0.27322191,0.68108505,0.24565979,0.50540273,-0.49933666,0.49576206,0.49945066
0.27322302,0.6810845,0.24565978,0.50540271,-0.49933679,0.49576202,0.49945058
0.27322416,0.68108395,0.24565977,0.5054027,-0.49933692,0.49576199,0.4994505
0.27322531,0.68108339,0.24565976,0.50540268,-0.49933706,0.49576196,0.49945041
0.27322647,0.68108282,0.24565976,0.50540267,-0.49933719,0.49576193,0.49945032
0.27322765,0.68108224,0.24565975,0.50540265,-0.49933733,0.49576189,0.49945024
0.27322885,0.68108166,0.24565974,0.50540264,-0.49933746,0.49576186,0.49945015
0.27323006,0.68108106,0.24565973,0.50540262,-0.4993376,0.49576183,0.49945006
0.27323129,0.68108046,0.24565972,0.5054026,-0.49933775,0.49576179,0.49944996
0.27323253,0.68107984,0.24565971,0.50540259,-0.49933789,0.49576176,0.49944987
0.27323378,0.68107922,0.2456597,0.50540257,-0.49933803,0.49576172,0.49944978
0.27323505,0.6810786,0.24565969,0.50540255,-0.49933818,0.49576169,0.49944968
0.27323633,0.68107796,0.24565968,0.50540254,-0.49933833,0.49576165,0.49944959
0.27323763,0.68107731,0.24565967,0.50540252,-0.49933848,0.49576162,0.49944949
0.27323894,0.68107666,0.24565966,0.5054025,-0.49933863,0.49576158,0.49944939
0.27324026,0.681076,0.24565965,0.50540248,-0.49933879,0.49576155,0.49944929
0.2732416,0.68107533,0.24565964,0.50540246,-0.49933894,0.49576151,0.49944919
0.27324295,0.68107465,0.24565963,0.50540244,-0.4993391,0.49576148,0.49944909
0.27324431,0.68107396,0.24565961,0.50540242,-0.49933926,0.49576144,0.49944899
0.27324569,0.68107327,0.2456596,0.5054024,-0.49933942,0.4957614,0.49944889
0.27324708,0.68107257,0.24565959,0.50540238,-0.49933958,0.49576136,0.49944878
0.27324848,0.68107186,0.24565958,0.50540236,-0.49933974,0.49576133,0.49944868
0.2732499,0.68107114,0.24565957,0.50540234,-0.49933991,0.49576129,0.49944857
0.27325132,0.68107042,0.24565956,0.50540232,-0.49934007,0.49576125,0.49944846
0.27325276,0.68106968,0.24565954,0.5054023,-0.49934024,0.49576121,0.49944836
0.27325421,0.68106894,0.24565953,0.50540228,-0.49934041,0.49576117,0.49944825
0.27325568,0.68106819,0.24565952,0.50540225,-0.49934058,0.49576114,0.49944814
0.27325715,0.68106744,0.24565951,0.50540223,-0.49934076,0.4957611,0.49944803
0.27325864,0.68106667,0.24565949,0.50540221,-0.49934093,0.49576106,0.49944791
0.27326014,0.6810659,0.24565948,0.50540218,-0.4993411,0.49576102,0.4994478
0.27326165,0.68106512,0.24565947,0.50540216,-0.49934128,0.49576098,0.49944769
0.27326317,0.68106434,0.24565945,0.50540214,-0.49934146,0.49576094,0.49944757
0.2732647,0.68106355,0.24565944,0.50540211,-0.49934164,0.4957609,0.49944746
0.27326624,0.68106275,0.24565943,0.50540209,-0.49934182,0.49576086,0.49944734
0.2732678,0.68106194,0.24565941,0.50540206,-0.499342,0.49576082,0.49944722
0.27326936,0.68106112,0.2456594,0.50540203,-0.49934219,0.49576078,0.4994471
0.27327093,0.6810603,0.24565938,0.50540201,-0.49934237,0.49576074,0.49944699
0.27327252,0.68105947,0.24565937,0.50540198,-0.49934256,0.4957607,0.49944687
0.27327411,0.68105863,0.24565935,0.50540196,-0.49934275,0.49576066,0.49944675
0.27327572,0.68105779,0.24565934,0.50540193,-0.49934294,0.49576062,0.49944662
0.27327733,0.68105694,0.24565932,0.5054019,-0.49934313,0.49576058,0.4994465
0.27327896,0.68105608,0.24565931,0.50540187,-0.49934332,0.49576053,0.49944638
0.27328059,0.68105522,0.24565929,0.50540184,-0.49934352,0.49576049,0.49944625
0.27328224,0.68105434,0.24565928,0.50540181,-0.49934371,0.49576045,0.49944613
0.27328389,0.68105347,0.24565926,0.50540178,-0.49934391,0.49576041,0.49944601
0.27328555,0.68105258,0.24565925,0.50540175,-0.49934411,0.49576037,0.49944588
0.27328722,0.68105169,0.24565923,0.50540172,-0.49934431,0.49576033,0.49944575
0.2732889,0.68105079,0.24565921,0.50540169,-0.49934451,0.49576029,0.49944562
0.27329059,0.68104988,0.2456592,0.50540166,-0.49934471,0.49576024,0.4994455
0.27329229,0.68104897,0.24565918,0.50540163,-0.49934491,0.4957602,0.49944537
0.273294,0.68104805,0.24565916,0.5054016,-0.49934511,0.49576016,0.49944524
0.27329571,0.68104713,0.24565915,0.50540157,-0.49934532,0.49576012,0.49944511
0.27329743,0.68104619,0.24565913,0.50540154,-0.49934552,0.49576007,0.49944498
0.27329917,0.68104525,0.24565911,0.5054015,-0.49934573,0.49576003,0.49944484
0.27330091,0.68104431,0.24565909,0.50540147,-0.49934594,0.49575999,0.49944471
0.27330265,0.68104336,0.24565908,0.50540143,-0.49934615,0.49575995,0.49944458
0.27330441,0.6810424,0.24565906,0.5054014,-0.49934636,0.4957599,0.49944444
0.27330617,0.68104144,0.24565904,0.50540137,-0.49934657,0.49575986,0.49944431
0.27330794,0.68104046,0.24565902,0.50540133,-0.49934679,0.49575982,0.49944417
0.27330972,0.68103949,0.245659,0.5054013,-0.499347,0.49575978,0.49944404
0.2733115,0.6810385,0.24565898,0.50540126,-0.49934722,0.49575973,0.4994439
0.2733133,0.68103751,0.24565897,0.50540122,-0.49934743,0.49575969,0.49944377
0.2733151,0.68103652,0.24565895,0.50540119,-0.49934765,0.49575965,0.49944363
0.2733169,0.68103552,0.24565893,0.50540115,-0.49934787,0.4957596,0.49944349
0.27331872,0.68103451,0.24565891,0.50540111,-0.49934809,0.49575956,0.49944335
0.27332053,0.6810335,0.24565889,0.50540107,-0.49934831,0.49575952,0.49944321
0.27332236,0.68103248,0.24565887,0.50540103,-0.49934853,0.49575947,0.49944307
0.27332419,0.68103145,0.24565885,0.505401,-0.49934876,0.49575943,0.49944293
0.27332603,0.68103042,0.24565883,0.50540096,-0.49934898,0.49575939,0.49944279
0.27332788,0.68102938,0.24565881,0.50540092,-0.4993492,0.49575934,0.49944265
0.27332973,0.68102834,0.24565879,0.50540088,-0.49934943,0.4957593,0.4994425
0.27333159,0.68102729,0.24565877,0.50540084,-0.49934966,0.49575926,0.49944236
0.27333345,0.68102623,0.24565875,0.50540079,-0.49934989,0.49575921,0.49944222
0.27333532,0.68102517,0.24565873,0.50540075,-0.49935012,0.49575917,0.49944207
0.2733372,0.6810241,0.2456587,0.50540071,-0.49935035,0.49575913,0.49944193
0.27333908,0.68102303,0.24565868,0.50540067,-0.49935058,0.49575908,0.49944179
0.27334096,0.68102195,0.24565866,0.50540063,-0.49935081,0.49575904,0.49944164
0.27334285,0.68102087,0.24565864,0.50540058,-0.49935104,0.495759,0.49944149
0.27334475,0.68101978,0.24565862,0.50540054,-0.49935127,0.49575895,0.49944135
0.27334665,0.68101868,0.2456586,0.50540049,-0.49935151,0.49575891,0.4994412
0.27334856,0.68101758,0.24565857,0.50540045,-0.49935175,0.49575887,0.49944105
0.27335047,0.68101648,0.24565855,0.5054004,-0.49935198,0.49575882,0.49944091
0.27335239,0.68101537,0.24565853,0.50540036,-0.49935222,0.49575878,0.49944076
0.27335431,0.68101425,0.24565851,0.50540031,-0.49935246,0.49575874,0.49944061
0.27335623,0.68101313,0.24565848,0.50540027,-0.4993527,0.49575869,0.49944046
0.27335816,0.681012,0.24565846,0.50540022,-0.49935294,0.49575865,0.49944031
0.2733601,0.68101087,0.24565844,0.50540017,-0.49935318,0.49575861,0.49944016
0.27336204,0.68100973,0.24565841,0.50540012,-0.49935342,0.49575856,0.49944001
0.27336398,0.68100859,0.24565839,0.50540008,-0.49935366,0.49575852,0.49943986
0.27336593,0.68100744,0.24565837,0.50540003,-0.49935391,0.49575848,0.49943971
0.27336788,0.68100628,0.24565834,0.50539998,-0.49935415,0.49575843,0.49943956
0.27336983,0.68100513,0.24565832,0.50539993,-0.4993544,0.49575839,0.4994394
0.27337179,0.68100396,0.24565829,0.50539988,-0.49935464,0.49575835,0.49943925
0.27337375,0.68100279,0.24565827,0.50539983,-0.49935489,0.4957583,0.4994391
0.27337572,0.68100162,0.24565824,0.50539978,-0.49935514,0.49575826,0.49943895
0.27337769,0.68100044,0.24565822,0.50539973,-0.49935539,0.49575822,0.49943879
0.27337966,0.68099926,0.24565819,0.50539967,-0.49935564,0.49575817,0.49943864
0.27338164,0.68099807,0.24565817,0.50539962,-0.49935589,0.49575813,0.49943848
0.27338362,0.68099687,0.24565814,0.50539957,-0.49935614,0.49575809,0.49943833
0.2733856,0.68099568,0.24565812,0.50539951,-0.49935639,0.49575805,0.49943817
0.27338758,0.68099447,0.24565809,0.50539946,-0.49935664,0.495758,0.49943802
0.27338957,0.68099327,0.24565807,0.50539941,-0.49935689,0.49575796,0.49943786
0.27339156,0.68099205,0.24565804,0.50539935,-0.49935715,0.49575792,0.49943771
0.27339356,0.68099083,0.24565801,0.5053993,-0.4993574,0.49575787,0.49943755
0.27339555,0.68098961,0.24565799,0.50539924,-0.49935766,0.49575783,0.49943739
0.27339755,0.68098839,0.24565796,0.50539918,-0.49935791,0.49575779,0.49943724
0.27339955,0.68098715,0.24565793,0.50539913,-0.49935817,0.49575775,0.49943708
0.27340155,0.68098592,0.24565791,0.50539907,-0.49935843,0.4957577,0.49943692
0.27340356,0.68098468,0.24565788,0.50539901,-0.49935869,0.49575766,0.49943677
0.27340557,0.68098343,0.24565785,0.50539895,-0.49935894,0.49575762,0.49943661
0.27340758,0.68098218,0.24565783,0.5053989,-0.4993592,0.49575758,0.49943645
0.27340959,0.68098093,0.2456578,0.50539884,-0.49935946,0.49575753,0.49943629
0.2734116,0.68097967,0.24565777,0.50539878,-0.49935973,0.49575749,0.49943613
0.27341362,0.68097841,0.24565774,0.50539872,-0.49935999,0.49575745,0.49943597
0.27341563,0.68097714,0.24565771,0.50539866,-0.49936025,0.49575741,0.49943581
0.27341765,0.68097587,0.24565769,0.5053986,-0.49936051,0.49575737,0.49943566
0.27341967,0.68097459,0.24565766,0.50539853,-0.49936078,0.49575732,0.4994355
0.27342169,0.68097331,0.24565763,0.50539847,-0.49936104,0.49575728,0.49943534
0.27342372,0.68097203,0.2456576,0.50539841,-0.4993613,0.49575724,0.49943518
0.27342574,0.68097074,0.24565757,0.50539835,-0.49936157,0.4957572,0.49943502
0.27342777,0.68096945,0.24565754,0.50539828,-0.49936184,0.49575716,0.49943485
0.27342979,0.68096815,0.24565751,0.50539822,-0.4993621,0.49575712,0.49943469
0.27343182,0.68096685,0.24565748,0.50539815,-0.49936237,0.49575707,0.49943453
0.27343385,0.68096554,0.24565745,0.50539809,-0.49936264,0.49575703,0.49943437
0.27343588,0.68096423,0.24565742,0.50539802,-0.49936291,0.49575699,0.49943421
0.27343791,0.68096292,0.24565739,0.50539796,-0.49936318,0.49575695,0.49943405
0.27343994,0.6809616,0.24565736,0.50539789,-0.49936345,0.49575691,0.49943389
0.27344197,0.68096028,0.24565733,0.50539782,-0.49936372,0.49575687,0.49943373
0.273444,0.68095896,0.2456573,0.50539776,-0.49936399,0.49575683,0.49943356
0.27344603,0.68095763,0.24565727,0.50539769,-0.49936426,0.49575679,0.4994334
0.27344807,0.68095629,0.24565724,0.50539762,-0.49936453,0.49575674,0.49943324
0.2734501,0.68095496,0.24565721,0.50539755,-0.4993648,0.4957567,0.49943308
0.27345213,0.68095362,0.24565718,0.50539748,-0.49936508,0.49575666,0.49943292
0.27345417,0.68095227,0.24565715,0.50539741,-0.49936535,0.49575662,0.49943275
0.2734562,0.68095092,0.24565712,0.50539734,-0.49936562,0.49575658,0.49943259
0.27345823,0.68094957,0.24565708,0.50539727,-0.4993659,0.49575654,0.49943243
0.27346027,0.68094822,0.24565705,0.5053972,-0.49936617,0.4957565,0.49943226
0.2734623,0.68094686,0.24565702,0.50539713,-0.49936645,0.49575646,0.4994321
0.27346433,0.68094549,0.24565699,0.50539705,-0.49936673,0.49575642,0.49943194
0.27346636,0.68094413,0.24565696,0.50539698,-0.499367,0.49575638,0.49943178
0.2734684,0.68094276,0.24565692,0.50539691,-0.49936728,0.49575634,0.49943161
0.27347043,0.68094138,0.24565689,0.50539683,-0.49936756,0.4957563,0.49943145
0.27347246,0.68094001,0.24565686,0.50539676,-0.49936784,0.49575626,0.49943129
0.27347449,0.68093863,0.24565683,0.50539668,-0.49936812,0.49575622,0.49943112
0.27347652,0.68093724,0.24565679,0.50539661,-0.49936839,0.49575618,0.49943096
0.27347855,0.68093585,0.24565676,0.50539653,-0.49936867,0.49575614,0.49943079
0.27348058,0.68093446,0.24565673,0.50539646,-0.49936895,0.4957561,0.49943063
0.2734826,0.68093307,0.24565669,0.50539638,-0.49936924,0.49575606,0.49943047
0.27348463,0.68093167,0.24565666,0.5053963,-0.49936952,0.49575603,0.4994303
0.27348666,0.68093027,0.24565662,0.50539622,-0.4993698,0.49575599,0.49943014
0.27348868,0.68092886,0.24565659,0.50539614,-0.49937008,0.49575595,0.49942998
0.2734907,0.68092746,0.24565656,0.50539606,-0.49937036,0.49575591,0.49942981
0.27349273,0.68092605,0.24565652,0.50539599,-0.49937065,0.49575587,0.49942965
0.27349475,0.68092463,0.24565649,0.5053959,-0.49937093,0.49575583,0.49942948
0.27349677,0.68092321,0.24565645,0.50539582,-0.49937121,0.49575579,0.49942932
0.27349878,0.68092179,0.24565642,0.50539574,-0.4993715,0.49575575,0.49942916
0.2735008,0.68092037,0.24565638,0.50539566,-0.49937178,0.49575572,0.49942899
0.27350281,0.68091894,0.24565635,0.50539558,-0.49937207,0.49575568,0.49942883
0.27350483,0.68091751,0.24565631,0.5053955,-0.49937235,0.49575564,0.49942866
0.27350684,0.68091608,0.24565628,0.50539541,-0.49937264,0.4957556,0.4994285
0.27350885,0.68091464,0.24565624,0.50539533,-0.49937293,0.49575556,0.49942834
0.27351086,0.6809132,0.24565621,0.50539524,-0.49937321,0.49575553,0.49942817
0.27351286,0.68091176,0.24565617,0.50539516,-0.4993735,0.49575549,0.49942801
0.27351487,0.68091032,0.24565613,0.50539507,-0.49937379,0.49575545,0.49942785
0.27351687,0.68090887,0.2456561,0.50539499,-0.49937408,0.49575541,0.49942768
0.27351887,0.68090742,0.24565606,0.5053949,-0.49937436,0.49575537,0.49942752
0.27352087,0.68090596,0.24565602,0.50539482,-0.49937465,0.49575534,0.49942735
0.27352286,0.68090451,0.24565599,0.50539473,-0.49937494,0.4957553,0.49942719
0.27352486,0.68090305,0.24565595,0.50539464,-0.49937523,0.49575526,0.49942703
0.27352685,0.68090158,0.24565591,0.50539455,-0.49937552,0.49575523,0.49942686
0.27352883,0.68090012,0.24565588,0.50539446,-0.49937581,0.49575519,0.4994267
0.27353082,0.68089865,0.24565584,0.50539437,-0.4993761,0.49575515,0.49942654
0.2735328,0.68089718,0.2456558,0.50539428,-0.49937639,0.49575511,0.49942637
0.27353479,0.68089571,0.24565576,0.50539419,-0.49937669,0.49575508,0.49942621
0.27353676,0.68089423,0.24565573,0.5053941,-0.49937698,0.49575504,0.49942605
0.27353874,0.68089275,0.24565569,0.50539401,-0.49937727,0.495755,0.49942588
0.27354071,0.68089127,0.24565565,0.50539392,-0.49937756,0.49575497,0.49942572
0.27354268,0.68088979,0.24565561,0.50539382,-0.49937786,0.49575493,0.49942556
0.27354465,0.6808883,0.24565557,0.50539373,-0.49937815,0.4957549,0.49942539
0.27354662,0.68088681,0.24565554,0.50539364,-0.49937844,0.49575486,0.49942523
0.27354858,0.68088532,0.2456555,0.50539354,-0.49937874,0.49575482,0.49942507
0.27355054,0.68088382,0.24565546,0.50539345,-0.49937903,0.49575479,0.49942491
0.27355249,0.68088233,0.24565542,0.50539335,-0.49937933,0.49575475,0.49942474
0.27355445,0.68088083,0.24565538,0.50539326,-0.49937962,0.49575472,0.49942458
0.27355639,0.68087933,0.24565534,0.50539316,-0.49937992,0.49575468,0.49942442
0.27355834,0.68087782,0.2456553,0.50539306,-0.49938021,0.49575464,0.49942426
0.27356028,0.68087632,0.24565526,0.50539297,-0.49938051,0.49575461,0.4994241
0.27356222,0.68087481,0.24565522,0.50539287,-0.4993808,0.49575457,0.49942393
0.27356416,0.6808733,0.24565518,0.50539277,-0.4993811,0.49575454,0.49942377
0.27356609,0.68087178,0.24565514,0.50539267,-0.4993814,0.4957545,0.49942361
0.27356802,0.68087027,0.2456551,0.50539257,-0.49938169,0.49575447,0.49942345
0.27356995,0.68086875,0.24565506,0.50539247,-0.49938199,0.49575443,0.49942329
0.27357187,0.68086723,0.24565502,0.50539237,-0.49938229,0.4957544,0.49942313
0.27357379,0.68086571,0.24565498,0.50539227,-0.49938259,0.49575436,0.49942297
0.2735757,0.68086418,0.24565494,0.50539217,-0.49938289,0.49575433,0.49942281
0.27357761,0.68086266,0.2456549,0.50539206,-0.49938318,0.49575429,0.49942265
0.27357952,0.68086113,0.24565486,0.50539196,-0.49938348,0.49575426,0.49942249
0.27358143,0.68085959,0.24565482,0.50539186,-0.49938378,0.49575422,0.49942233
0.27358333,0.68085806,0.24565478,0.50539175,-0.49938408,0.49575419,0.49942217
0.27358522,0.68085653,0.24565473,0.50539165,-0.49938438,0.49575415,0.49942201
0.27358711,0.68085499,0.24565469,0.50539154,-0.49938468,0.49575412,0.49942185
0.273589,0.68085345,0.24565465,0.50539144,-0.49938498,0.49575409,0.49942169
0.27359088,0.68085191,0.24565461,0.50539133,-0.49938528,0.49575405,0.49942153
0.27359276,0.68085036,0.24565457,0.50539123,-0.49938558,0.49575402,0.49942137
0.27359464,0.68084882,0.24565453,0.50539112,-0.49938588,0.49575398,0.49942121
0.27359651,0.68084727,0.24565448,0.50539101,-0.49938619,0.49575395,0.49942105
0.27359838,0.68084572,0.24565444,0.5053909,-0.49938649,0.49575391,0.49942089
0.27360024,0.68084417,0.2456544,0.50539079,-0.49938679,0.49575388,0.49942074
0.2736021,0.68084262,0.24565436,0.50539068,-0.49938709,0.49575385,0.49942058
0.27360395,0.68084106,0.24565431,0.50539057,-0.49938739,0.49575381,0.49942042
0.2736058,0.68083951,0.24565427,0.50539046,-0.4993877,0.49575378,0.49942026
0.27360765,0.68083795,0.24565423,0.50539035,-0.499388,0.49575375,0.4994201
0.27360949,0.68083639,0.24565418,0.50539024,-0.4993883,0.49575371,0.49941995
0.27361133,0.68083482,0.24565414,0.50539013,-0.49938861,0.49575368,0.49941979
0.27361316,0.68083326,0.2456541,0.50539002,-0.49938891,0.49575364,0.49941963
0.27361498,0.68083169,0.24565405,0.5053899,-0.49938921,0.49575361,0.49941948
0.27361681,0.68083013,0.24565401,0.50538979,-0.49938952,0.49575358,0.49941932
0.27361862,0.68082856,0.24565397,0.50538968,-0.49938982,0.49575354,0.49941917
0.27362044,0.68082699,0.24565392,0.50538956,-0.49939013,0.49575351,0.49941901
0.27362225,0.68082541,0.24565388,0.50538945,-0.49939043,0.49575348,0.49941886
0.27362405,0.68082384,0.24565383,0.50538933,-0.49939074,0.49575344,0.4994187
0.27362585,0.68082226,0.24565379,0.50538921,-0.49939104,0.49575341,0.49941855
0.27362764,0.68082069,0.24565375,0.5053891,-0.49939135,0.49575338,0.49941839
0.27362943,0.68081911,0.2456537,0.50538898,-0.49939165,0.49575335,0.49941824
0.27363121,0.68081753,0.24565366,0.50538886,-0.49939196,0.49575331,0.49941808
0.27363299,0.68081595,0.24565361,0.50538874,-0.49939226,0.49575328,0.49941793
0.27363476,0.68081436,0.24565357,0.50538863,-0.49939257,0.49575325,0.49941778
0.27363653,0.68081278,0.24565352,0.50538851,-0.49939288,0.49575321,0.49941763
0.27363829,0.68081119,0.24565348,0.50538839,-0.49939318,0.49575318,0.49941747
0.27364005,0.6808096,0.24565343,0.50538827,-0.49939349,0.49575315,0.49941732
0.27364181,0.68080801,0.24565339,0.50538814,-0.4993938,0.49575312,0.49941717
0.27364355,0.68080642,0.24565334,0.50538802,-0.4993941,0.49575308,0.49941702
0.2736453,0.68080483,0.2456533,0.5053879,-0.49939441,0.49575305,0.49941687
0.27364703,0.68080324,0.24565325,0.50538778,-0.49939472,0.49575302,0.49941671
0.27364876,0.68080164,0.2456532,0.50538765,-0.49939503,0.49575298,0.49941656
0.27365049,0.68080005,0.24565316,0.50538753,-0.49939534,0.49575295,0.49941641
0.27365221,0.68079845,0.24565311,0.50538741,-0.49939564,0.49575292,0.49941626
0.27365393,0.68079685,0.24565307,0.50538728,-0.49939595,0.49575289,0.49941611
0.27365563,0.68079525,0.24565302,0.50538716,-0.49939626,0.49575285,0.49941596
0.27365734,0.68079365,0.24565297,0.50538703,-0.49939657,0.49575282,0.49941581
0.27365904,0.68079205,0.24565293,0.5053869,-0.49939688,0.49575279,0.49941567
0.27366073,0.68079044,0.24565288,0.50538678,-0.49939719,0.49575276,0.49941552
0.27366242,0.68078884,0.24565283,0.50538665,-0.4993975,0.49575272,0.49941537
0.2736641,0.68078723,0.24565279,0.50538652,-0.49939781,0.49575269,0.49941522
0.27366578,0.68078563,0.24565274,0.50538639,-0.49939812,0.49575266,0.49941507
0.27366745,0.68078402,0.24565269,0.50538626,-0.49939843,0.49575263,0.49941493
0.27366911,0.68078241,0.24565264,0.50538613,-0.49939874,0.4957526,0.49941478
0.27367077,0.6807808,0.2456526,0.505386,-0.49939905,0.49575256,0.49941463
0.27367242,0.68077919,0.24565255,0.50538587,-0.49939936,0.49575253,0.49941449
0.27367407,0.68077757,0.2456525,0.50538574,-0.49939967,0.4957525,0.49941434
0.27367571,0.68077596,0.24565245,0.50538561,-0.49939998,0.49575247,0.4994142
0.27367734,0.68077435,0.24565241,0.50538548,-0.49940029,0.49575243,0.49941405
0.27367897,0.68077273,0.24565236,0.50538534,-0.4994006,0.4957524,0.49941391
0.2736806,0.68077111,0.24565231,0.50538521,-0.49940091,0.49575237,0.49941376
0.27368221,0.6807695,0.24565226,0.50538508,-0.49940122,0.49575234,0.49941362
0.27368382,0.68076788,0.24565221,0.50538494,-0.49940153,0.4957523,0.49941348
0.27368543,0.68076626,0.24565216,0.50538481,-0.49940185,0.49575227,0.49941333
0.27368703,0.68076464,0.24565212,0.50538467,-0.49940216,0.49575224,0.49941319
0.27368862,0.68076302,0.24565207,0.50538454,-0.49940247,0.49575221,0.49941305
0.27369021,0.68076139,0.24565202,0.5053844,-0.49940278,0.49575217,0.49941291
0.27369179,0.68075977,0.24565197,0.50538426,-0.49940309,0.49575214,0.49941277
0.27369336,0.68075815,0.24565192,0.50538412,-0.49940341,0.49575211,0.49941263
0.27369493,0.68075652,0.24565187,0.50538399,-0.49940372,0.49575208,0.49941248
0.27369649,0.6807549,0.24565182,0.50538385,-0.49940403,0.49575204,0.49941234
0.27369805,0.68075327,0.24565177,0.50538371,-0.49940435,0.49575201,0.4994122
0.2736996,0.68075164,0.24565172,0.50538357,-0.49940466,0.49575198,0.49941207
0.27370114,0.68075002,0.24565167,0.50538343,-0.49940497,0.49575195,0.49941193
0.27370268,0.68074839,0.24565162,0.50538329,-0.49940529,0.49575191,0.49941179
0.27370421,0.68074676,0.24565158,0.50538315,-0.4994056,0.49575188,0.49941165
0.27370573,0.68074513,0.24565153,0.505383,-0.49940591,0.49575185,0.49941151
0.27370725,0.6807435,0.24565148,0.50538286,-0.49940623,0.49575182,0.49941138
0.27370876,0.68074187,0.24565143,0.50538272,-0.49940654,0.49575178,0.49941124
0.27371026,0.68074023,0.24565138,0.50538257,-0.49940685,0.49575175,0.4994111
0.27371176,0.6807386,0.24565133,0.50538243,-0.49940717,0.49575172,0.49941097
0.27371325,0.68073697,0.24565128,0.50538229,-0.49940748,0.49575169,0.49941083
0.27371474,0.68073533,0.24565122,0.50538214,-0.4994078,0.49575165,0.4994107
0.27371621,0.6807337,0.24565117,0.505382,-0.49940811,0.49575162,0.49941056
0.27371769,0.68073207,0.24565112,0.50538185,-0.49940843,0.49575159,0.49941043
0.27371915,0.68073043,0.24565107,0.5053817,-0.49940874,0.49575155,0.49941029
0.27372061,0.68072879,0.24565102,0.50538156,-0.49940906,0.49575152,0.49941016
0.27372206,0.68072716,0.24565097,0.50538141,-0.49940937,0.49575149,0.49941003
0.2737235,0.68072552,0.24565092,0.50538126,-0.49940969,0.49575145,0.49940989
0.27372494,0.68072388,0.24565087,0.50538111,-0.49941,0.49575142,0.49940976
0.27372637,0.68072225,0.24565082,0.50538096,-0.49941032,0.49575139,0.49940963
0.2737278,0.68072061,0.24565077,0.50538081,-0.49941063,0.49575135,0.4994095
0.27372922,0.68071897,0.24565072,0.50538066,-0.49941095,0.49575132,0.49940937
0.27373063,0.68071733,0.24565066,0.50538051,-0.49941127,0.49575129,0.49940924
0.27373203,0.68071569,0.24565061,0.50538036,-0.49941158,0.49575125,0.49940911
0.27373343,0.68071405,0.24565056,0.50538021,-0.4994119,0.49575122,0.49940898
0.27373482,0.68071241,0.24565051,0.50538006,-0.49941221,0.49575118,0.49940885
0.2737362,0.68071077,0.24565046,0.5053799,-0.49941253,0.49575115,0.49940873
0.27373758,0.68070913,0.24565041,0.50537975,-0.49941285,0.49575112,0.4994086
0.27373895,0.68070749,0.24565035,0.5053796,-0.49941316,0.49575108,0.49940847
0.27374031,0.68070585,0.2456503,0.50537944,-0.49941348,0.49575105,0.49940834
0.27374167,0.6807042,0.24565025,0.50537929,-0.4994138,0.49575101,0.49940822
0.27374301,0.68070256,0.2456502,0.50537913,-0.49941411,0.49575098,0.49940809
0.27374436,0.68070092,0.24565014,0.50537897,-0.49941443,0.49575095,0.49940797
0.27374569,0.68069928,0.24565009,0.50537882,-0.49941475,0.49575091,0.49940784
0.27374702,0.68069763,0.24565004,0.50537866,-0.49941507,0.49575088,0.49940772
0.27374834,0.68069599,0.24564999,0.5053785,-0.49941538,0.49575084,0.49940759
0.27374965,0.68069435,0.24564993,0.50537835,-0.4994157,0.49575081,0.49940747
0.27375096,0.68069271,0.24564988,0.50537819,-0.49941602,0.49575077,0.49940735
0.27375226,0.68069106,0.24564983,0.50537803,-0.49941634,0.49575074,0.49940723
0.27375355,0.68068942,0.24564978,0.50537787,-0.49941665,0.4957507,0.49940711
0.27375484,0.68068777,0.24564972,0.50537771,-0.49941697,0.49575067,0.49940698
0.27375611,0.68068613,0.24564967,0.50537755,-0.49941729,0.49575063,0.49940686
0.27375738,0.68068449,0.24564962,0.50537739,-0.49941761,0.49575059,0.49940674
0.27375865,0.68068284,0.24564956,0.50537723,-0.49941793,0.49575056,0.49940662
0.2737599,0.6806812,0.24564951,0.50537706,-0.49941825,0.49575052,0.49940651
0.27376115,0.68067955,0.24564946,0.5053769,-0.49941856,0.49575049,0.49940639
0.27376239,0.68067791,0.2456494,0.50537674,-0.49941888,0.49575045,0.49940627
0.27376363,0.68067627,0.24564935,0.50537657,-0.4994192,0.49575041,0.49940615
0.27376485,0.68067462,0.2456493,0.50537641,-0.49941952,0.49575038,0.49940604
0.27376607,0.68067298,0.24564924,0.50537625,-0.49941984,0.49575034,0.49940592
0.27376729,0.68067133,0.24564919,0.50537608,-0.49942016,0.49575031,0.4994058
0.27376849,0.68066969,0.24564914,0.50537592,-0.49942048,0.49575027,0.49940569
0.27376969,0.68066804,0.24564908,0.50537575,-0.4994208,0.49575023,0.49940557
0.27377088,0.6806664,0.24564903,0.50537558,-0.49942112,0.49575019,0.49940546
0.27377206,0.68066476,0.24564897,0.50537542,-0.49942144,0.49575016,0.49940535
0.27377324,0.68066311,0.24564892,0.50537525,-0.49942176,0.49575012,0.49940523
0.27377441,0.68066147,0.24564886,0.50537508,-0.49942207,0.49575008,0.49940512
0.27377557,0.68065983,0.24564881,0.50537491,-0.49942239,0.49575004,0.49940501
0.27377672,0.68065818,0.24564876,0.50537474,-0.49942271,0.49575001,0.4994049
0.27377787,0.68065654,0.2456487,0.50537457,-0.49942303,0.49574997,0.49940479
0.27377901,0.68065489,0.24564865,0.5053744,-0.49942335,0.49574993,0.49940468
0.27378014,0.68065325,0.24564859,0.50537423,-0.49942367,0.49574989,0.49940457
0.27378126,0.68065161,0.24564854,0.50537406,-0.499424,0.49574985,0.49940446
0.27378238,0.68064997,0.24564848,0.50537389,-0.49942432,0.49574981,0.49940435
0.27378349,0.68064832,0.24564843,0.50537372,-0.49942464,0.49574978,0.49940424
0.27378459,0.68064668,0.24564837,0.50537355,-0.49942496,0.49574974,0.49940413
0.27378568,0.68064504,0.24564832,0.50537337,-0.49942528,0.4957497,0.49940403
0.27378677,0.6806434,0.24564826,0.5053732,-0.4994256,0.49574966,0.49940392
0.27378785,0.68064176,0.24564821,0.50537303,-0.49942592,0.49574962,0.49940382
0.27378892,0.68064012,0.24564815,0.50537285,-0.49942624,0.49574958,0.49940371
0.27378998,0.68063847,0.2456481,0.50537268,-0.49942656,0.49574954,0.49940361
0.27379104,0.68063683,0.24564804,0.5053725,-0.49942688,0.4957495,0.4994035
0.27379209,0.68063519,0.24564799,0.50537233,-0.4994272,0.49574946,0.4994034
0.27379313,0.68063355,0.24564793,0.50537215,-0.49942752,0.49574942,0.4994033
0.27379416,0.68063191,0.24564788,0.50537197,-0.49942785,0.49574938,0.49940319
0.27379519,0.68063027,0.24564782,0.5053718,-0.49942817,0.49574934,0.49940309
0.2737962,0.68062864,0.24564777,0.50537162,-0.49942849,0.49574929,0.49940299
0.27379721,0.680627,0.24564771,0.50537144,-0.49942881,0.49574925,0.49940289
0.27379822,0.68062536,0.24564765,0.50537126,-0.49942913,0.49574921,0.49940279
0.27379921,0.68062372,0.2456476,0.50537108,-0.49942945,0.49574917,0.49940269
0.2738002,0.68062208,0.24564754,0.5053709,-0.49942978,0.49574913,0.49940259
0.27380118,0.68062045,0.24564749,0.50537072,-0.4994301,0.49574908,0.4994025
0.27380215,0.68061881,0.24564743,0.50537054,-0.49943042,0.49574904,0.4994024
0.27380312,0.68061718,0.24564737,0.50537036,-0.49943074,0.495749,0.4994023
0.27380407,0.68061554,0.24564732,0.50537018,-0.49943106,0.49574896,0.49940221
0.27380502,0.68061391,0.24564726,0.50537,-0.49943139,0.49574891,0.49940211
0.27380596,0.68061227,0.24564721,0.50536982,-0.49943171,0.49574887,0.49940202
0.2738069,0.68061064,0.24564715,0.50536964,-0.49943203,0.49574883,0.49940192
0.27380782,0.680609,0.24564709,0.50536945,-0.49943235,0.49574878,0.49940183
0.27380874,0.68060737,0.24564704,0.50536927,-0.49943268,0.49574874,0.49940174
0.27380965,0.68060574,0.24564698,0.50536908,-0.499433,0.49574869,0.49940164
0.27381055,0.68060411,0.24564692,0.5053689,-0.49943332,0.49574865,0.49940155
0.27381145,0.68060248,0.24564687,0.50536871,-0.49943365,0.4957486,0.49940146
0.27381234,0.68060085,0.24564681,0.50536853,-0.49943397,0.49574856,0.49940137
0.27381322,0.68059922,0.24564676,0.50536834,-0.49943429,0.49574851,0.49940128
0.27381409,0.68059759,0.2456467,0.50536816,-0.49943462,0.49574847,0.49940119
0.27381495,0.68059596,0.24564664,0.50536797,-0.49943494,0.49574842,0.4994011
0.27381581,0.68059433,0.24564658,0.50536778,-0.49943526,0.49574837,0.49940101
0.27381666,0.6805927,0.24564653,0.5053676,-0.49943559,0.49574833,0.49940093
0.2738175,0.68059108,0.24564647,0.50536741,-0.49943591,0.49574828,0.49940084
0.27381833,0.68058945,0.24564641,0.50536722,-0.49943623,0.49574823,0.49940075
0.27381915,0.68058782,0.24564636,0.50536703,-0.49943656,0.49574818,0.49940067
0.27381997,0.6805862,0.2456463,0.50536684,-0.49943688,0.49574814,0.49940058
0.27382078,0.68058458,0.24564624,0.50536665,-0.4994372,0.49574809,0.4994005
0.27382158,0.68058295,0.24564619,0.50536646,-0.49943753,0.49574804,0.49940042
0.27382238,0.68058133,0.24564613,0.50536627,-0.49943785,0.49574799,0.49940033
0.27382316,0.68057971,0.24564607,0.50536608,-0.49943818,0.49574794,0.49940025
0.27382394,0.68057809,0.24564601,0.50536589,-0.4994385,0.49574789,0.49940017
0.27382471,0.68057647,0.24564596,0.50536569,-0.49943883,0.49574784,0.49940009
0.27382547,0.68057485,0.2456459,0.5053655,-0.49943915,0.49574779,0.49940001
0.27382623,0.68057323,0.24564584,0.50536531,-0.49943947,0.49574774,0.49939993
0.27382697,0.68057161,0.24564579,0.50536512,-0.4994398,0.49574769,0.49939985
0.27382771,0.68056999,0.24564573,0.50536492,-0.49944012,0.49574764,0.49939977
0.27382844,0.68056838,0.24564567,0.50536473,-0.49944045,0.49574759,0.4993997
0.27382917,0.68056676,0.24564561,0.50536453,-0.49944077,0.49574754,0.49939962
0.27382988,0.68056515,0.24564556,0.50536434,-0.4994411,0.49574749,0.49939954
0.27383059,0.68056353,0.2456455,0.50536414,-0.49944142,0.49574744,0.49939947
0.27383129,0.68056192,0.24564544,0.50536395,-0.49944175,0.49574738,0.49939939
0.27383198,0.68056031,0.24564538,0.50536375,-0.49944207,0.49574733,0.49939932
0.27383266,0.6805587,0.24564532,0.50536355,-0.4994424,0.49574728,0.49939925
0.27383334,0.68055709,0.24564527,0.50536336,-0.49944272,0.49574722,0.49939917
0.27383401,0.68055548,0.24564521,0.50536316,-0.49944305,0.49574717,0.4993991
0.27383467,0.68055387,0.24564515,0.50536296,-0.49944337,0.49574712,0.49939903
0.27383532,0.68055226,0.24564509,0.50536276,-0.4994437,0.49574706,0.49939896
0.27383596,0.68055065,0.24564504,0.50536256,-0.49944403,0.49574701,0.49939889
0.2738366,0.68054905,0.24564498,0.50536236,-0.49944435,0.49574695,0.49939882
0.27383723,0.68054744,0.24564492,0.50536216,-0.49944468,0.4957469,0.49939875
0.27383785,0.68054584,0.24564486,0.50536196,-0.499445,0.49574684,0.49939868
0.27383846,0.68054424,0.2456448,0.50536176,-0.49944533,0.49574678,0.49939862
0.27383907,0.68054264,0.24564475,0.50536156,-0.49944565,0.49574673,0.49939855
0.27383967,0.68054104,0.24564469,0.50536136,-0.49944598,0.49574667,0.49939848
0.27384025,0.68053944,0.24564463,0.50536116,-0.49944631,0.49574661,0.49939842
0.27384084,0.68053784,0.24564457,0.50536096,-0.49944663,0.49574656,0.49939835
0.27384141,0.68053624,0.24564451,0.50536076,-0.49944696,0.4957465,0.49939829
0.27384197,0.68053464,0.24564446,0.50536055,-0.49944729,0.49574644,0.49939823
0.27384253,0.68053305,0.2456444,0.50536035,-0.49944761,0.49574638,0.49939816
0.27384308,0.68053145,0.24564434,0.50536015,-0.49944794,0.49574632,0.4993981
0.27384362,0.68052986,0.24564428,0.50535994,-0.49944827,0.49574626,0.49939804
0.27384416,0.68052827,0.24564422,0.50535974,-0.49944859,0.4957462,0.49939798
0.27384468,0.68052668,0.24564416,0.50535953,-0.49944892,0.49574614,0.49939792
0.2738452,0.68052508,0.24564411,0.50535933,-0.49944925,0.49574608,0.49939786
0.27384571,0.6805235,0.24564405,0.50535912,-0.49944957,0.49574602,0.4993978
0.27384621,0.68052191,0.24564399,0.50535892,-0.4994499,0.49574596,0.49939775
0.27384671,0.68052032,0.24564393,0.50535871,-0.49945023,0.49574589,0.49939769
0.2738472,0.68051874,0.24564387,0.5053585,-0.49945055,0.49574583,0.49939763
0.27384767,0.68051715,0.24564381,0.5053583,-0.49945088,0.49574577,0.49939758
0.27384815,0.68051557,0.24564375,0.50535809,-0.49945121,0.49574571,0.49939752
0.27384861,0.68051398,0.2456437,0.50535788,-0.49945154,0.49574564,0.49939747
0.27384906,0.6805124,0.24564364,0.50535767,-0.49945186,0.49574558,0.49939742
0.27384951,0.68051082,0.24564358,0.50535747,-0.49945219,0.49574551,0.49939736
0.27384995,0.68050925,0.24564352,0.50535726,-0.49945252,0.49574545,0.49939731
0.27385038,0.68050767,0.24564346,0.50535705,-0.49945285,0.49574538,0.49939726
0.2738508,0.68050609,0.2456434,0.50535684,-0.49945317,0.49574532,0.49939721
0.27385122,0.68050452,0.24564334,0.50535663,-0.4994535,0.49574525,0.49939716
0.27385163,0.68050294,0.24564329,0.50535642,-0.49945383,0.49574518,0.49939711
0.27385203,0.68050137,0.24564323,0.50535621,-0.49945416,0.49574512,0.49939707
0.27385242,0.6804998,0.24564317,0.505356,-0.49945449,0.49574505,0.49939702
0.2738528,0.68049823,0.24564311,0.50535578,-0.49945481,0.49574498,0.49939697
0.27385318,0.68049666,0.24564305,0.50535557,-0.49945514,0.49574491,0.49939693
0.27385355,0.68049509,0.24564299,0.50535536,-0.49945547,0.49574484,0.49939688
0.27385391,0.68049353,0.24564293,0.50535515,-0.4994558,0.49574477,0.49939684
0.27385426,0.68049196,0.24564287,0.50535494,-0.49945613,0.4957447,0.49939679
0.27385461,0.6804904,0.24564282,0.50535472,-0.49945646,0.49574463,0.49939675
0.27385494,0.68048883,0.24564276,0.50535451,-0.49945678,0.49574456,0.49939671
0.27385527,0.68048727,0.2456427,0.5053543,-0.49945711,0.49574449,0.49939667
0.27385559,0.68048571,0.24564264,0.50535408,-0.49945744,0.49574442,0.49939662
0.27385591,0.68048416,0.24564258,0.50535387,-0.49945777,0.49574435,0.49939658
0.27385621,0.6804826,0.24564252,0.50535365,-0.4994581,0.49574427,0.49939655
0.27385651,0.68048104,0.24564246,0.50535344,-0.49945843,0.4957442,0.49939651
0.2738568,0.68047949,0.2456424,0.50535322,-0.49945876,0.49574413,0.49939647
0.27385708,0.68047794,0.24564235,0.50535301,-0.49945909,0.49574405,0.49939643
0.27385736,0.68047638,0.24564229,0.50535279,-0.49945942,0.49574398,0.4993964
0.27385762,0.68047483,0.24564223,0.50535257,-0.49945974,0.4957439,0.49939636
0.27385788,0.68047328,0.24564217,0.50535236,-0.49946007,0.49574383,0.49939633
0.27385813,0.68047174,0.24564211,0.50535214,-0.4994604,0.49574375,0.49939629
0.27385838,0.68047019,0.24564205,0.50535192,-0.49946073,0.49574367,0.49939626
0.27385861,0.68046865,0.24564199,0.5053517,-0.49946106,0.4957436,0.49939623
0.27385884,0.6804671,0.24564193,0.50535149,-0.49946139,0.49574352,0.49939619
0.27385906,0.68046556,0.24564187,0.50535127,-0.49946172,0.49574344,0.49939616
0.27385927,0.68046402,0.24564182,0.50535105,-0.49946205,0.49574336,0.49939613
0.27385948,0.68046248,0.24564176,0.50535083,-0.49946238,0.49574328,0.4993961
0.27385967,0.68046095,0.2456417,0.50535061,-0.49946271,0.4957432,0.49939607
0.27385986,0.68045941,0.24564164,0.50535039,-0.49946304,0.49574312,0.49939605
0.27386004,0.68045788,0.24564158,0.50535017,-0.49946337,0.49574304,0.49939602
0.27386021,0.68045634,0.24564152,0.50534995,-0.4994637,0.49574296,0.49939599
0.27386038,0.68045481,0.24564146,0.50534973,-0.49946403,0.49574288,0.49939597
0.27386054,0.68045328,0.2456414,0.50534951,-0.49946436,0.49574279,0.49939594
0.27386069,0.68045175,0.24564134,0.50534929,-0.49946469,0.49574271,0.49939592
0.27386083,0.68045023,0.24564128,0.50534907,-0.49946502,0.49574263,0.49939589
0.27386096,0.6804487,0.24564123,0.50534885,-0.49946535,0.49574254,0.49939587
0.27386109,0.68044718,0.24564117,0.50534862,-0.49946568,0.49574246,0.49939585
0.27386121,0.68044565,0.24564111,0.5053484,-0.49946601,0.49574237,0.49939583
0.27386132,0.68044413,0.24564105,0.50534818,-0.49946634,0.49574229,0.49939581
0.27386142,0.68044261,0.24564099,0.50534796,-0.49946667,0.4957422,0.49939579
0.27386152,0.6804411,0.24564093,0.50534773,-0.499467,0.49574212,0.49939577
0.27386161,0.68043958,0.24564087,0.50534751,-0.49946733,0.49574203,0.49939575
0.27386169,0.68043807,0.24564081,0.50534729,-0.49946767,0.49574194,0.49939573
0.27386176,0.68043655,0.24564075,0.50534706,-0.499468,0.49574185,0.49939572
0.27386183,0.68043504,0.2456407,0.50534684,-0.49946833,0.49574176,0.4993957
0.27386188,0.68043353,0.24564064,0.50534662,-0.49946866,0.49574167,0.49939569
0.27386193,0.68043202,0.24564058,0.50534639,-0.49946899,0.49574158,0.49939567
0.27386197,0.68043052,0.24564052,0.50534617,-0.49946932,0.49574149,0.49939566
0.27386201,0.68042901,0.24564046,0.50534594,-0.49946965,0.4957414,0.49939565
0.27386204,0.68042751,0.2456404,0.50534571,-0.49946998,0.49574131,0.49939564
0.27386205,0.68042601,0.24564034,0.50534549,-0.49947031,0.49574121,0.49939562
0.27386207,0.68042451,0.24564028,0.50534526,-0.49947065,0.49574112,0.49939561
0.27386207,0.68042301,0.24564022,0.50534504,-0.49947098,0.49574103,0.49939561
0.27386207,0.68042151,0.24564017,0.50534481,-0.49947131,0.49574093,0.4993956
0.27386205,0.68042002,0.24564011,0.50534458,-0.49947164,0.49574084,0.49939559
0.27386204,0.68041852,0.24564005,0.50534436,-0.49947197,0.49574074,0.49939558
0.27386201,0.68041703,0.24563999,0.50534413,-0.4994723,0.49574065,0.49939558
0.27386197,0.68041554,0.24563993,0.5053439,-0.49947263,0.49574055,0.49939557
0.27386193,0.68041405,0.24563987,0.50534367,-0.49947297,0.49574045,0.49939557
0.27386188,0.68041256,0.24563981,0.50534345,-0.4994733,0.49574035,0.49939556
0.27386183,0.68041108,0.24563975,0.50534322,-0.49947363,0.49574026,0.49939556
0.27386176,0.6804096,0.24563969,0.50534299,-0.49947396,0.49574016,0.49939556
0.27386169,0.68040811,0.24563964,0.50534276,-0.49947429,0.49574006,0.49939555
0.27386161,0.68040663,0.24563958,0.50534253,-0.49947463,0.49573996,0.49939555
0.27386152,0.68040516,0.24563952,0.5053423,-0.49947496,0.49573985,0.49939555
0.27386143,0.68040368,0.24563946,0.50534207,-0.49947529,0.49573975,0.49939555
0.27386133,0.6804022,0.2456394,0.50534184,-0.49947562,0.49573965,0.49939556
0.27386122,0.68040073,0.24563934,0.50534161,-0.49947596,0.49573955,0.49939556
0.2738611,0.68039926,0.24563928,0.50534138,-0.49947629,0.49573944,0.49939556
0.27386098,0.68039779,0.24563923,0.50534115,-0.49947662,0.49573934,0.49939557
0.27386084,0.68039632,0.24563917,0.50534092,-0.49947695,0.49573923,0.49939557
0.2738607,0.68039486,0.24563911,0.50534069,-0.49947728,0.49573913,0.49939558
0.27386056,0.68039339,0.24563905,0.50534046,-0.49947762,0.49573902,0.49939558
0.2738604,0.68039193,0.24563899,0.50534023,-0.49947795,0.49573891,0.49939559
0.27386024,0.68039047,0.24563893,0.50534,-0.49947828,0.49573881,0.4993956
0.27386007,0.68038901,0.24563887,0.50533977,-0.49947862,0.4957387,0.49939561
0.2738599,0.68038755,0.24563882,0.50533954,-0.49947895,0.49573859,0.49939562
0.27385971,0.6803861,0.24563876,0.50533931,-0.49947928,0.49573848,0.49939563
0.27385952,0.68038464,0.2456387,0.50533907,-0.49947961,0.49573837,0.49939564
0.27385932,0.68038319,0.24563864,0.50533884,-0.49947995,0.49573826,0.49939565
0.27385912,0.68038174,0.24563858,0.50533861,-0.49948028,0.49573815,0.49939566
0.2738589,0.68038029,0.24563852,0.50533838,-0.49948061,0.49573804,0.49939568
0.27385868,0.68037885,0.24563847,0.50533814,-0.49948095,0.49573792,0.49939569
0.27385845,0.6803774,0.24563841,0.50533791,-0.49948128,0.49573781,0.49939571
0.27385822,0.68037596,0.24563835,0.50533768,-0.49948161,0.49573769,0.49939572
0.27385797,0.68037452,0.24563829,0.50533744,-0.49948195,0.49573758,0.49939574
0.27385772,0.68037308,0.24563823,0.50533721,-0.49948228,0.49573746,0.49939576
0.27385747,0.68037164,0.24563817,0.50533698,-0.49948261,0.49573735,0.49939578
0.2738572,0.68037021,0.24563812,0.50533674,-0.49948295,0.49573723,0.4993958
0.27385693,0.68036878,0.24563806,0.50533651,-0.49948328,0.49573711,0.49939582
0.27385665,0.68036734,0.245638,0.50533628,-0.49948361,0.49573699,0.49939584
0.27385636,0.68036592,0.24563794,0.50533604,-0.49948395,0.49573687,0.49939586
0.27385607,0.68036449,0.24563788,0.50533581,-0.49948428,0.49573675,0.49939588
0.27385577,0.68036306,0.24563783,0.50533557,-0.49948461,0.49573663,0.49939591
0.27385546,0.68036164,0.24563777,0.50533534,-0.49948495,0.49573651,0.49939593
0.27385514,0.68036022,0.24563771,0.5053351,-0.49948528,0.49573639,0.49939596
0.27385482,0.6803588,0.24563765,0.50533487,-0.49948561,0.49573627,0.49939598
0.27385449,0.68035738,0.24563759,0.50533463,-0.49948595,0.49573614,0.49939601
0.27385415,0.68035596,0.24563754,0.5053344,-0.49948628,0.49573602,0.49939604
0.27385381,0.68035455,0.24563748,0.50533416,-0.49948661,0.4957359,0.49939606
0.27385345,0.68035313,0.24563742,0.50533393,-0.49948695,0.49573577,0.49939609
0.2738531,0.68035172,0.24563736,0.50533369,-0.49948728,0.49573564,0.49939612
0.27385273,0.68035032,0.24563731,0.50533345,-0.49948762,0.49573552,0.49939615
0.27385236,0.68034891,0.24563725,0.50533322,-0.49948795,0.49573539,0.49939619
0.27385198,0.6803475,0.24563719,0.50533298,-0.49948828,0.49573526,0.49939622
0.27385159,0.6803461,0.24563713,0.50533275,-0.49948862,0.49573513,0.49939625
0.27385119,0.6803447,0.24563708,0.50533251,-0.49948895,0.495735,0.49939629
0.27385079,0.6803433,0.24563702,0.50533227,-0.49948929,0.49573487,0.49939632
0.27385038,0.68034191,0.24563696,0.50533204,-0.49948962,0.49573474,0.49939636
0.27384997,0.68034051,0.2456369,0.5053318,-0.49948995,0.49573461,0.49939639
0.27384954,0.68033912,0.24563685,0.50533156,-0.49949029,0.49573447,0.49939643
0.27384911,0.68033773,0.24563679,0.50533133,-0.49949062,0.49573434,0.49939647
0.27384868,0.68033634,0.24563673,0.50533109,-0.49949096,0.49573421,0.49939651
0.27384823,0.68033495,0.24563667,0.50533085,-0.49949129,0.49573407,0.49939655
0.27384778,0.68033357,0.24563662,0.50533061,-0.49949163,0.49573393,0.49939659
0.27384732,0.68033218,0.24563656,0.50533038,-0.49949196,0.4957338,0.49939663
0.27384686,0.6803308,0.2456365,0.50533014,-0.49949229,0.49573366,0.49939667
0.27384639,0.68032942,0.24563645,0.5053299,-0.49949263,0.49573352,0.49939672
0.27384591,0.68032805,0.24563639,0.50532966,-0.49949296,0.49573338,0.49939676
0.27384542,0.68032667,0.24563633,0.50532943,-0.4994933,0.49573324,0.49939681
0.27384493,0.6803253,0.24563627,0.50532919,-0.49949363,0.4957331,0.49939685
0.27384443,0.68032393,0.24563622,0.50532895,-0.49949397,0.49573296,0.4993969
0.27384392,0.68032256,0.24563616,0.50532871,-0.4994943,0.49573282,0.49939695
0.27384341,0.68032119,0.2456361,0.50532847,-0.49949464,0.49573268,0.49939699
0.27384289,0.68031983,0.24563605,0.50532824,-0.49949497,0.49573253,0.49939704
0.27384236,0.68031846,0.24563599,0.505328,-0.4994953,0.49573239,0.49939709
0.27384182,0.6803171,0.24563593,0.50532776,-0.49949564,0.49573224,0.49939714
0.27384128,0.68031574,0.24563588,0.50532752,-0.49949597,0.4957321,0.4993972
0.27384074,0.68031439,0.24563582,0.50532728,-0.49949631,0.49573195,0.49939725
0.27384018,0.68031303,0.24563576,0.50532704,-0.49949664,0.4957318,0.4993973
0.27383962,0.68031168,0.24563571,0.5053268,-0.49949698,0.49573165,0.49939736
0.27383905,0.68031033,0.24563565,0.50532657,-0.49949731,0.4957315,0.49939741
0.27383847,0.68030898,0.24563559,0.50532633,-0.49949765,0.49573135,0.49939747
0.27383789,0.68030764,0.24563554,0.50532609,-0.49949798,0.4957312,0.49939752
0.2738373,0.68030629,0.24563548,0.50532585,-0.49949832,0.49573105,0.49939758
0.27383671,0.68030495,0.24563543,0.50532561,-0.49949865,0.4957309,0.49939764
0.27383611,0.68030361,0.24563537,0.50532537,-0.49949898,0.49573075,0.4993977
0.2738355,0.68030227,0.24563531,0.50532513,-0.49949932,0.49573059,0.49939776
0.27383488,0.68030094,0.24563526,0.50532489,-0.49949965,0.49573044,0.49939782
0.27383426,0.6802996,0.2456352,0.50532465,-0.49949999,0.49573028,0.49939788
0.27383363,0.68029827,0.24563515,0.50532442,-0.49950032,0.49573012,0.49939794
0.27383299,0.68029694,0.24563509,0.50532418,-0.49950066,0.49572997,0.49939801
0.27383235,0.68029561,0.24563503,0.50532394,-0.49950099,0.49572981,0.49939807
0.2738317,0.68029429,0.24563498,0.5053237,-0.49950133,0.49572965,0.49939814
0.27383104,0.68029296,0.24563492,0.50532346,-0.49950166,0.49572949,0.4993982
0.27383038,0.68029164,0.24563487,0.50532322,-0.499502,0.49572933,0.49939827
0.27382971,0.68029032,0.24563481,0.50532298,-0.49950233,0.49572917,0.49939834
0.27382904,0.68028901,0.24563476,0.50532274,-0.49950267,0.49572901,0.4993984
0.27382835,0.68028769,0.2456347,0.5053225,-0.499503,0.49572884,0.49939847
0.27382766,0.68028638,0.24563464,0.50532226,-0.49950334,0.49572868,0.49939854
0.27382697,0.68028507,0.24563459,0.50532202,-0.49950367,0.49572851,0.49939861
0.27382627,0.68028376,0.24563453,0.50532178,-0.49950401,0.49572835,0.49939869
0.27382556,0.68028245,0.24563448,0.50532155,-0.49950434,0.49572818,0.49939876
0.27382484,0.68028115,0.24563442,0.50532131,-0.49950467,0.49572801,0.49939883
0.27382412,0.68027985,0.24563437,0.50532107,-0.49950501,0.49572785,0.49939891
0.27382339,0.68027855,0.24563431,0.50532083,-0.49950534,0.49572768,0.49939898
0.27382266,0.68027725,0.24563426,0.50532059,-0.49950568,0.49572751,0.49939906
0.27382192,0.68027596,0.2456342,0.50532035,-0.49950601,0.49572734,0.49939913
0.27382117,0.68027466,0.24563415,0.50532011,-0.49950635,0.49572716,0.49939921
0.27382041,0.68027337,0.24563409,0.50531987,-0.49950668,0.49572699,0.49939929
0.27381965,0.68027208,0.24563404,0.50531963,-0.49950702,0.49572682,0.49939937
0.27381889,0.6802708,0.24563398,0.50531939,-0.49950735,0.49572664,0.49939945
0.27381811,0.68026951,0.24563393,0.50531915,-0.49950769,0.49572647,0.49939953
0.27381733,0.68026823,0.24563387,0.50531891,-0.49950802,0.49572629,0.49939961
0.27381655,0.68026695,0.24563382,0.50531868,-0.49950836,0.49572612,0.4993997
0.27381576,0.68026567,0.24563377,0.50531844,-0.49950869,0.49572594,0.49939978
0.27381496,0.68026439,0.24563371,0.5053182,-0.49950902,0.49572576,0.49939986
0.27381415,0.68026312,0.24563366,0.50531796,-0.49950936,0.49572558,0.49939995
0.27381334,0.68026185,0.2456336,0.50531772,-0.49950969,0.4957254,0.49940004
0.27381252,0.68026058,0.24563355,0.50531748,-0.49951003,0.49572522,0.49940012
0.2738117,0.68025931,0.24563349,0.50531724,-0.49951036,0.49572504,0.49940021
0.27381087,0.68025805,0.24563344,0.505317,-0.4995107,0.49572485,0.4994003
0.27381003,0.68025678,0.24563339,0.50531677,-0.49951103,0.49572467,0.49940039
0.27380919,0.68025552,0.24563333,0.50531653,-0.49951136,0.49572449,0.49940048
0.27380834,0.68025426,0.24563328,0.50531629,-0.4995117,0.4957243,0.49940057
0.27380748,0.68025301,0.24563322,0.50531605,-0.49951203,0.49572411,0.49940066
0.27380662,0.68025175,0.24563317,0.50531581,-0.49951237,0.49572393,0.49940076
0.27380575,0.6802505,0.24563312,0.50531557,-0.4995127,0.49572374,0.49940085
0.27380488,0.68024925,0.24563306,0.50531533,-0.49951304,0.49572355,0.49940094
0.273804,0.68024801,0.24563301,0.5053151,-0.49951337,0.49572336,0.49940104
0.27380311,0.68024676,0.24563296,0.50531486,-0.4995137,0.49572317,0.49940114
0.27380222,0.68024552,0.2456329,0.50531462,-0.49951404,0.49572298,0.49940123
0.27380132,0.68024428,0.24563285,0.50531438,-0.49951437,0.49572278,0.49940133
0.27380042,0.68024304,0.2456328,0.50531414,-0.49951471,0.49572259,0.49940143
0.27379951,0.6802418,0.24563274,0.50531391,-0.49951504,0.49572239,0.49940153
0.27379859,0.68024057,0.24563269,0.50531367,-0.49951537,0.4957222,0.49940163
0.27379767,0.68023934,0.24563264,0.50531343,-0.49951571,0.495722,0.49940173
0.27379674,0.68023811,0.24563259,0.50531319,-0.49951604,0.49572181,0.49940184
0.27379581,0.68023688,0.24563253,0.50531296,-0.49951637,0.49572161,0.49940194
0.27379487,0.68023565,0.24563248,0.50531272,-0.49951671,0.49572141,0.49940204
0.27379392,0.68023443,0.24563243,0.50531248,-0.49951704,0.49572121,0.49940215
0.27379297,0.68023321,0.24563238,0.50531225,-0.49951737,0.49572101,0.49940225
0.27379201,0.68023199,0.24563232,0.50531201,-0.49951771,0.49572081,0.49940236
0.27379104,0.68023078,0.24563227,0.50531177,-0.49951804,0.4957206,0.49940247
0.27379007,0.68022956,0.24563222,0.50531154,-0.49951837,0.4957204,0.49940257
0.2737891,0.68022835,0.24563217,0.5053113,-0.49951871,0.49572019,0.49940268
0.27378811,0.68022714,0.24563211,0.50531106,-0.49951904,0.49571999,0.49940279
0.27378712,0.68022593,0.24563206,0.50531083,-0.49951937,0.49571978,0.4994029
0.27378613,0.68022473,0.24563201,0.50531059,-0.49951971,0.49571958,0.49940302
0.27378513,0.68022353,0.24563196,0.50531035,-0.49952004,0.49571937,0.49940313
0.27378412,0.68022233,0.24563191,0.50531012,-0.49952037,0.49571916,0.49940324
0.27378311,0.68022113,0.24563185,0.50530988,-0.49952071,0.49571895,0.49940336
0.2737821,0.68021993,0.2456318,0.50530965,-0.49952104,0.49571874,0.49940347
0.27378107,0.68021874,0.24563175,0.50530941,-0.49952137,0.49571852,0.49940359
0.27378004,0.68021755,0.2456317,0.50530918,-0.4995217,0.49571831,0.4994037
0.27377901,0.68021636,0.24563165,0.50530894,-0.49952204,0.4957181,0.49940382
0.27377797,0.68021517,0.2456316,0.50530871,-0.49952237,0.49571788,0.49940394
0.27377692,0.68021399,0.24563155,0.50530847,-0.4995227,0.49571767,0.49940406
0.27377587,0.6802128,0.24563149,0.50530824,-0.49952303,0.49571745,0.49940418
0.27377481,0.68021162,0.24563144,0.505308,-0.49952337,0.49571723,0.4994043
0.27377375,0.68021045,0.24563139,0.50530777,-0.4995237,0.49571701,0.49940442
0.27377268,0.68020927,0.24563134,0.50530753,-0.49952403,0.49571679,0.49940455
0.2737716,0.6802081,0.24563129,0.5053073,-0.49952436,0.49571657,0.49940467
0.27377052,0.68020693,0.24563124,0.50530707,-0.49952469,0.49571635,0.49940479
0.27376944,0.68020576,0.24563119,0.50530683,-0.49952503,0.49571613,0.49940492
0.27376834,0.68020459,0.24563114,0.5053066,-0.49952536,0.49571591,0.49940504
0.27376725,0.68020343,0.24563109,0.50530637,-0.49952569,0.49571568,0.49940517
0.27376614,0.68020227,0.24563104,0.50530613,-0.49952602,0.49571546,0.4994053
0.27376504,0.68020111,0.24563099,0.5053059,-0.49952635,0.49571523,0.49940543
0.27376392,0.68019995,0.24563094,0.50530567,-0.49952668,0.495715,0.49940556
0.2737628,0.68019879,0.24563089,0.50530544,-0.49952701,0.49571478,0.49940569
0.27376168,0.68019764,0.24563084,0.5053052,-0.49952734,0.49571455,0.49940582
0.27376055,0.68019649,0.24563079,0.50530497,-0.49952768,0.49571432,0.49940595
0.27375941,0.68019534,0.24563074,0.50530474,-0.49952801,0.49571409,0.49940608
0.27375827,0.6801942,0.24563069,0.50530451,-0.49952834,0.49571385,0.49940622
0.27375712,0.68019305,0.24563064,0.50530428,-0.49952867,0.49571362,0.49940635
0.27375597,0.68019191,0.24563059,0.50530405,-0.499529,0.49571339,0.49940649
0.27375481,0.68019077,0.24563054,0.50530381,-0.49952933,0.49571315,0.49940662
0.27375365,0.68018964,0.24563049,0.50530358,-0.49952966,0.49571292,0.49940676
0.27375248,0.6801885,0.24563044,0.50530335,-0.49952999,0.49571268,0.4994069
0.2737513,0.68018737,0.24563039,0.50530312,-0.49953032,0.49571244,0.49940704
0.27375013,0.68018624,0.24563034,0.50530289,-0.49953065,0.4957122,0.49940718
0.27374894,0.68018511,0.2456303,0.50530266,-0.49953098,0.49571196,0.49940732
0.27374775,0.68018399,0.24563025,0.50530243,-0.49953131,0.49571172,0.49940746
0.27374655,0.68018287,0.2456302,0.5053022,-0.49953164,0.49571148,0.4994076
0.27374535,0.68018175,0.24563015,0.50530197,-0.49953197,0.49571124,0.49940774
0.27374415,0.68018063,0.2456301,0.50530175,-0.4995323,0.495711,0.49940789
0.27374294,0.68017951,0.24563005,0.50530152,-0.49953263,0.49571075,0.49940803
0.27374172,0.6801784,0.24563,0.50530129,-0.49953296,0.49571051,0.49940818
0.2737405,0.68017729,0.24562996,0.50530106,-0.49953329,0.49571026,0.49940832
0.27373927,0.68017618,0.24562991,0.50530083,-0.49953361,0.49571001,0.49940847
0.27373804,0.68017507,0.24562986,0.50530061,-0.49953394,0.49570976,0.49940862
0.2737368,0.68017397,0.24562981,0.50530038,-0.49953427,0.49570951,0.49940877
0.27373556,0.68017287,0.24562976,0.50530015,-0.4995346,0.49570926,0.49940892
0.27373431,0.68017177,0.24562972,0.50529992,-0.49953493,0.49570901,0.49940907
0.27373306,0.68017067,0.24562967,0.5052997,-0.49953526,0.49570876,0.49940922
0.2737318,0.68016957,0.24562962,0.50529947,-0.49953558,0.49570851,0.49940937
0.27373054,0.68016848,0.24562957,0.50529925,-0.49953591,0.49570825,0.49940952
0.27372927,0.68016739,0.24562953,0.50529902,-0.49953624,0.495708,0.49940968
0.273728,0.6801663,0.24562948,0.5052988,-0.49953657,0.49570774,0.49940983
0.27372672,0.68016522,0.24562943,0.50529857,-0.49953689,0.49570748,0.49940999
0.27372543,0.68016413,0.24562938,0.50529835,-0.49953722,0.49570722,0.49941015
0.27372415,0.68016305,0.24562934,0.50529812,-0.49953755,0.49570697,0.4994103
0.27372285,0.68016197,0.24562929,0.5052979,-0.49953788,0.49570671,0.49941046
0.27372155,0.6801609,0.24562924,0.50529767,-0.4995382,0.49570644,0.49941062
0.27372025,0.68015982,0.2456292,0.50529745,-0.49953853,0.49570618,0.49941078
0.27371894,0.68015875,0.24562915,0.50529723,-0.49953886,0.49570592,0.49941094
0.27371763,0.68015768,0.24562911,0.505297,-0.49953918,0.49570565,0.4994111
0.27371631,0.68015662,0.24562906,0.50529678,-0.49953951,0.49570539,0.49941126
0.27371499,0.68015555,0.24562901,0.50529656,-0.49953983,0.49570512,0.49941143
0.27371366,0.68015449,0.24562897,0.50529634,-0.49954016,0.49570486,0.49941159
0.27371233,0.68015343,0.24562892,0.50529611,-0.49954048,0.49570459,0.49941176
0.27371099,0.68015237,0.24562888,0.50529589,-0.49954081,0.49570432,0.49941192
0.27370965,0.68015131,0.24562883,0.50529567,-0.49954114,0.49570405,0.49941209
0.2737083,0.68015026,0.24562878,0.50529545,-0.49954146,0.49570378,0.49941226
0.27370695,0.68014921,0.24562874,0.50529523,-0.49954178,0.49570351,0.49941242
0.27370559,0.68014816,0.24562869,0.50529501,-0.49954211,0.49570323,0.49941259
0.27370423,0.68014711,0.24562865,0.50529479,-0.49954243,0.49570296,0.49941276
0.27370286,0.68014607,0.2456286,0.50529457,-0.49954276,0.49570268,0.49941293
0.27370149,0.68014503,0.24562856,0.50529435,-0.49954308,0.49570241,0.4994131
0.27370011,0.68014399,0.24562851,0.50529414,-0.49954341,0.49570213,0.49941328
0.27369873,0.68014295,0.24562847,0.50529392,-0.49954373,0.49570185,0.49941345
0.27369735,0.68014192,0.24562842,0.5052937,-0.49954405,0.49570157,0.49941362
0.27369596,0.68014089,0.24562838,0.50529348,-0.49954438,0.49570129,0.4994138
0.27369456,0.68013986,0.24562833,0.50529326,-0.4995447,0.49570101,0.49941397
0.27369316,0.68013883,0.24562829,0.50529305,-0.49954502,0.49570073,0.49941415
0.27369176,0.6801378,0.24562825,0.50529283,-0.49954535,0.49570045,0.49941433
0.27369035,0.68013678,0.2456282,0.50529262,-0.49954567,0.49570016,0.49941451
0.27368893,0.68013576,0.24562816,0.5052924,-0.49954599,0.49569988,0.49941468
0.27368752,0.68013474,0.24562811,0.50529218,-0.49954631,0.49569959,0.49941486
0.27368609,0.68013372,0.24562807,0.50529197,-0.49954663,0.4956993,0.49941505
0.27368467,0.68013271,0.24562803,0.50529176,-0.49954696,0.49569901,0.49941523
0.27368323,0.6801317,0.24562798,0.50529154,-0.49954728,0.49569873,0.49941541
0.2736818,0.68013069,0.24562794,0.50529133,-0.4995476,0.49569844,0.49941559
0.27368036,0.68012968,0.2456279,0.50529111,-0.49954792,0.49569814,0.49941578
0.27367891,0.68012868,0.24562785,0.5052909,-0.49954824,0.49569785,0.49941596
0.27367746,0.68012768,0.24562781,0.50529069,-0.49954856,0.49569756,0.49941615
0.27367601,0.68012668,0.24562777,0.50529048,-0.49954888,0.49569726,0.49941633
0.27367455,0.68012568,0.24562773,0.50529026,-0.4995492,0.49569697,0.49941652
0.27367309,0.68012468,0.24562768,0.50529005,-0.49954952,0.49569667,0.49941671
0.27367162,0.68012369,0.24562764,0.50528984,-0.49954984,0.49569638,0.4994169
0.27367015,0.6801227,0.2456276,0.50528963,-0.49955016,0.49569608,0.49941709
0.27366867,0.68012171,0.24562756,0.50528942,-0.49955048,0.49569578,0.49941728
0.27366719,0.68012072,0.24562751,0.50528921,-0.4995508,0.49569548,0.49941747
0.27366571,0.68011974,0.24562747,0.505289,-0.49955111,0.49569518,0.49941766
0.27366422,0.68011876,0.24562743,0.50528879,-0.49955143,0.49569487,0.49941785
0.27366272,0.68011778,0.24562739,0.50528859,-0.49955175,0.49569457,0.49941805
0.27366123,0.6801168,0.24562735,0.50528838,-0.49955207,0.49569427,0.49941824
0.27365972,0.68011583,0.24562731,0.50528817,-0.49955239,0.49569396,0.49941844
0.27365822,0.68011486,0.24562726,0.50528796,-0.4995527,0.49569366,0.49941863
0.27365671,0.68011389,0.24562722,0.50528776,-0.49955302,0.49569335,0.49941883
0.27365519,0.68011292,0.24562718,0.50528755,-0.49955334,0.49569304,0.49941903
0.27365367,0.68011196,0.24562714,0.50528734,-0.49955365,0.49569273,0.49941923
0.27365215,0.68011099,0.2456271,0.50528714,-0.49955397,0.49569242,0.49941942
0.27365062,0.68011003,0.24562706,0.50528693,-0.49955429,0.49569211,0.49941963
0.27364909,0.68010907,0.24562702,0.50528673,-0.4995546,0.4956918,0.49941983
0.27364756,0.68010812,0.24562698,0.50528653,-0.49955492,0.49569148,0.49942003
0.27364602,0.68010716,0.24562694,0.50528632,-0.49955523,0.49569117,0.49942023
0.27364447,0.68010621,0.2456269,0.50528612,-0.49955555,0.49569085,0.49942043
0.27364292,0.68010526,0.24562686,0.50528592,-0.49955586,0.49569054,0.49942064
0.27364137,0.68010432,0.24562682,0.50528572,-0.49955618,0.49569022,0.49942084
0.27363982,0.68010337,0.24562678,0.50528551,-0.49955649,0.4956899,0.49942105
0.27363826,0.68010243,0.24562674,0.50528531,-0.4995568,0.49568958,0.49942126
0.27363669,0.68010149,0.2456267,0.50528511,-0.49955712,0.49568926,0.49942146
0.27363512,0.68010055,0.24562666,0.50528491,-0.49955743,0.49568894,0.49942167
0.27363355,0.68009962,0.24562662,0.50528471,-0.49955774,0.49568862,0.49942188
0.27363198,0.68009869,0.24562658,0.50528451,-0.49955806,0.49568829,0.49942209
0.27363039,0.68009775,0.24562654,0.50528432,-0.49955837,0.49568797,0.4994223
0.27362881,0.68009683,0.2456265,0.50528412,-0.49955868,0.49568764,0.49942251
0.27362722,0.6800959,0.24562646,0.50528392,-0.49955899,0.49568732,0.49942273
0.27362563,0.68009498,0.24562642,0.50528372,-0.4995593,0.49568699,0.49942294
0.27362404,0.68009406,0.24562639,0.50528353,-0.49955961,0.49568666,0.49942315
0.27362244,0.68009314,0.24562635,0.50528333,-0.49955993,0.49568633,0.49942337
0.27362083,0.68009222,0.24562631,0.50528313,-0.49956024,0.495686,0.49942358
0.27361923,0.68009131,0.24562627,0.50528294,-0.49956055,0.49568567,0.4994238
0.27361761,0.68009039,0.24562623,0.50528274,-0.49956086,0.49568534,0.49942402
0.273616,0.68008948,0.2456262,0.50528255,-0.49956117,0.495685,0.49942423
0.27361438,0.68008858,0.24562616,0.50528236,-0.49956147,0.49568467,0.49942445
0.27361276,0.68008767,0.24562612,0.50528216,-0.49956178,0.49568433,0.49942467
0.27361113,0.68008677,0.24562608,0.50528197,-0.49956209,0.49568399,0.49942489
0.2736095,0.68008587,0.24562605,0.50528178,-0.4995624,0.49568366,0.49942511
0.27360787,0.68008497,0.24562601,0.50528159,-0.49956271,0.49568332,0.49942533
0.27360623,0.68008407,0.24562597,0.5052814,-0.49956302,0.49568298,0.49942556
0.27360459,0.68008318,0.24562594,0.50528121,-0.49956332,0.49568264,0.49942578
0.27360294,0.68008229,0.2456259,0.50528102,-0.49956363,0.4956823,0.49942601
0.2736013,0.6800814,0.24562586,0.50528083,-0.49956394,0.49568195,0.49942623
0.27359964,0.68008051,0.24562583,0.50528064,-0.49956424,0.49568161,0.49942646
0.27359799,0.68007963,0.24562579,0.50528045,-0.49956455,0.49568126,0.49942668
0.27359633,0.68007874,0.24562575,0.50528026,-0.49956485,0.49568092,0.49942691
0.27359467,0.68007786,0.24562572,0.50528008,-0.49956516,0.49568057,0.49942714
0.273593,0.68007699,0.24562568,0.50527989,-0.49956546,0.49568022,0.49942737
0.27359133,0.68007611,0.24562565,0.50527971,-0.49956577,0.49567988,0.4994276
0.27358966,0.68007524,0.24562561,0.50527952,-0.49956607,0.49567953,0.49942783
0.27358798,0.68007437,0.24562558,0.50527934,-0.49956638,0.49567917,0.49942806
0.2735863,0.6800735,0.24562554,0.50527915,-0.49956668,0.49567882,0.49942829
0.27358461,0.68007263,0.2456255,0.50527897,-0.49956698,0.49567847,0.49942852
0.27358293,0.68007177,0.24562547,0.50527879,-0.49956728,0.49567812,0.49942876
0.27358124,0.6800709,0.24562543,0.5052786,-0.49956759,0.49567776,0.49942899
0.27357954,0.68007004,0.2456254,0.50527842,-0.49956789,0.49567741,0.49942923
0.27357784,0.68006919,0.24562537,0.50527824,-0.49956819,0.49567705,0.49942946
0.27357614,0.68006833,0.24562533,0.50527806,-0.49956849,0.49567669,0.4994297
0.27357444,0.68006748,0.2456253,0.50527788,-0.49956879,0.49567633,0.49942994
0.27357273,0.68006663,0.24562526,0.5052777,-0.49956909,0.49567597,0.49943017
0.27357102,0.68006578,0.24562523,0.50527752,-0.49956939,0.49567561,0.49943041
0.2735693,0.68006493,0.2456252,0.50527734,-0.49956969,0.49567525,0.49943065
0.27356759,0.68006409,0.24562516,0.50527717,-0.49956999,0.49567489,0.49943089
0.27356586,0.68006325,0.24562513,0.50527699,-0.49957029,0.49567452,0.49943114
0.27356414,0.68006241,0.2456251,0.50527681,-0.49957059,0.49567416,0.49943138
0.27356241,0.68006157,0.24562506,0.50527664,-0.49957088,0.49567379,0.49943162
0.27356068,0.68006074,0.24562503,0.50527646,-0.49957118,0.49567343,0.49943186
0.27355895,0.6800599,0.245625,0.50527629,-0.49957148,0.49567306,0.49943211
0.27355721,0.68005907,0.24562496,0.50527611,-0.49957178,0.49567269,0.49943235
0.27355547,0.68005825,0.24562493,0.50527594,-0.49957207,0.49567232,0.4994326
0.27355372,0.68005742,0.2456249,0.50527577,-0.49957237,0.49567195,0.49943285
0.27355198,0.6800566,0.24562487,0.5052756,-0.49957266,0.49567158,0.49943309
0.27355023,0.68005578,0.24562483,0.50527542,-0.49957296,0.4956712,0.49943334
0.27354847,0.68005496,0.2456248,0.50527525,-0.49957325,0.49567083,0.49943359
0.27354672,0.68005414,0.24562477,0.50527508,-0.49957355,0.49567045,0.49943384
0.27354496,0.68005332,0.24562474,0.50527491,-0.49957384,0.49567008,0.49943409
0.27354319,0.68005251,0.24562471,0.50527475,-0.49957414,0.4956697,0.49943434
0.27354143,0.6800517,0.24562468,0.50527458,-0.49957443,0.49566932,0.49943459
0.27353966,0.68005089,0.24562464,0.50527441,-0.49957472,0.49566894,0.49943485
0.27353789,0.68005009,0.24562461,0.50527424,-0.49957501,0.49566856,0.4994351
0.27353611,0.68004928,0.24562458,0.50527408,-0.4995753,0.49566818,0.49943535
0.27353433,0.68004848,0.24562455,0.50527391,-0.4995756,0.4956678,0.49943561
0.27353255,0.68004768,0.24562452,0.50527375,-0.49957589,0.49566742,0.49943587
0.27353077,0.68004689,0.24562449,0.50527358,-0.49957618,0.49566704,0.49943612
0.27352898,0.68004609,0.24562446,0.50527342,-0.49957647,0.49566665,0.49943638
0.27352719,0.6800453,0.24562443,0.50527326,-0.49957676,0.49566627,0.49943664
0.2735254,0.68004451,0.2456244,0.50527309,-0.49957704,0.49566588,0.4994369
0.2735236,0.68004372,0.24562437,0.50527293,-0.49957733,0.49566549,0.49943716
0.2735218,0.68004294,0.24562434,0.50527277,-0.49957762,0.4956651,0.49943742
0.27352,0.68004215,0.24562431,0.50527261,-0.49957791,0.49566471,0.49943768
0.2735182,0.68004137,0.24562428,0.50527245,-0.4995782,0.49566432,0.49943794
0.27351639,0.68004059,0.24562425,0.50527229,-0.49957848,0.49566393,0.4994382
0.27351458,0.68003982,0.24562423,0.50527214,-0.49957877,0.49566354,0.49943846
0.27351277,0.68003904,0.2456242,0.50527198,-0.49957905,0.49566314,0.49943873
0.27351095,0.68003827,0.24562417,0.50527182,-0.49957934,0.49566275,0.49943899
0.27350913,0.6800375,0.24562414,0.50527167,-0.49957962,0.49566235,0.49943926
0.27350731,0.68003673,0.24562411,0.50527151,-0.49957991,0.49566196,0.49943952
0.27350549,0.68003597,0.24562408,0.50527136,-0.49958019,0.49566156,0.49943979
0.27350366,0.6800352,0.24562405,0.5052712,-0.49958048,0.49566116,0.49944006
0.27350183,0.68003444,0.24562403,0.50527105,-0.49958076,0.49566076,0.49944033
0.2735,0.68003368,0.245624,0.5052709,-0.49958104,0.49566036,0.4994406
0.27349817,0.68003292,0.24562397,0.50527075,-0.49958132,0.49565996,0.49944087
0.27349633,0.68003217,0.24562394,0.5052706,-0.4995816,0.49565956,0.49944114
0.27349449,0.68003142,0.24562392,0.50527045,-0.49958189,0.49565915,0.49944141
0.27349264,0.68003067,0.24562389,0.5052703,-0.49958217,0.49565875,0.49944168
0.2734908,0.68002992,0.24562386,0.50527015,-0.49958245,0.49565834,0.49944195
0.27348895,0.68002917,0.24562384,0.50527,-0.49958272,0.49565794,0.49944223
0.2734871,0.68002843,0.24562381,0.50526985,-0.499583,0.49565753,0.4994425
0.27348525,0.68002769,0.24562378,0.50526971,-0.49958328,0.49565712,0.49944278
0.27348339,0.68002695,0.24562376,0.50526956,-0.49958356,0.49565671,0.49944305
0.27348153,0.68002621,0.24562373,0.50526942,-0.49958384,0.4956563,0.49944333
0.27347967,0.68002547,0.24562371,0.50526927,-0.49958411,0.49565589,0.4994436
0.27347781,0.68002474,0.24562368,0.50526913,-0.49958439,0.49565548,0.49944388
0.27347594,0.68002401,0.24562366,0.50526899,-0.49958467,0.49565507,0.49944416
0.27347408,0.68002328,0.24562363,0.50526884,-0.49958494,0.49565465,0.49944444
0.27347221,0.68002255,0.24562361,0.5052687,-0.49958522,0.49565424,0.49944472
0.27347033,0.68002183,0.24562358,0.50526856,-0.49958549,0.49565382,0.499445
0.27346846,0.68002111,0.24562356,0.50526842,-0.49958576,0.4956534,0.49944528
0.27346658,0.68002039,0.24562353,0.50526828,-0.49958604,0.49565299,0.49944556
0.2734647,0.68001967,0.24562351,0.50526815,-0.49958631,0.49565257,0.49944585
0.27346282,0.68001895,0.24562348,0.50526801,-0.49958658,0.49565215,0.49944613
0.27346093,0.68001824,0.24562346,0.50526787,-0.49958685,0.49565173,0.49944641
0.27345904,0.68001753,0.24562343,0.50526774,-0.49958712,0.4956513,0.4994467
0.27345715,0.68001682,0.24562341,0.5052676,-0.49958739,0.49565088,0.49944698
0.27345526,0.68001611,0.24562339,0.50526747,-0.49958766,0.49565046,0.49944727
0.27345337,0.68001541,0.24562336,0.50526733,-0.49958793,0.49565003,0.49944756
0.27345147,0.6800147,0.24562334,0.5052672,-0.4995882,0.49564961,0.49944784
0.27344957,0.680014,0.24562332,0.50526707,-0.49958847,0.49564918,0.49944813
0.27344767,0.68001331,0.24562329,0.50526694,-0.49958874,0.49564875,0.49944842
0.27344577,0.68001261,0.24562327,0.50526681,-0.499589,0.49564833,0.49944871
0.27344386,0.68001191,0.24562325,0.50526668,-0.49958927,0.4956479,0.499449
0.27344196,0.68001122,0.24562323,0.50526655,-0.49958954,0.49564747,0.49944929
0.27344005,0.68001053,0.2456232,0.50526642,-0.4995898,0.49564704,0.49944959
0.27343813,0.68000984,0.24562318,0.50526629,-0.49959007,0.4956466,0.49944988
0.27343622,0.68000916,0.24562316,0.50526617,-0.49959033,0.49564617,0.49945017
0.2734343,0.68000848,0.24562314,0.50526604,-0.49959059,0.49564574,0.49945047
0.27343239,0.68000779,0.24562312,0.50526592,-0.49959086,0.4956453,0.49945076
0.27343047,0.68000711,0.2456231,0.5052658,-0.49959112,0.49564487,0.49945105
0.27342854,0.68000644,0.24562308,0.50526567,-0.49959138,0.49564443,0.49945135
0.27342662,0.68000576,0.24562305,0.50526555,-0.49959164,0.49564399,0.49945165
0.27342469,0.68000509,0.24562303,0.50526543,-0.4995919,0.49564355,0.49945194
0.27342276,0.68000442,0.24562301,0.50526531,-0.49959216,0.49564311,0.49945224
0.27342083,0.68000375,0.24562299,0.50526519,-0.49959242,0.49564267,0.49945254
0.2734189,0.68000308,0.24562297,0.50526507,-0.49959268,0.49564223,0.49945284
0.27341696,0.68000242,0.24562295,0.50526495,-0.49959294,0.49564179,0.49945314
0.27341503,0.68000175,0.24562293,0.50526483,-0.4995932,0.49564134,0.49945344
0.27341309,0.68000109,0.24562291,0.50526472,-0.49959346,0.4956409,0.49945374
0.27341115,0.68000044,0.24562289,0.5052646,-0.49959371,0.49564046,0.49945404
0.27340921,0.67999978,0.24562288,0.50526449,-0.49959397,0.49564001,0.49945435
0.27340726,0.67999913,0.24562286,0.50526437,-0.49959422,0.49563956,0.49945465
0.27340532,0.67999847,0.24562284,0.50526426,-0.49959448,0.49563911,0.49945496
0.27340337,0.67999782,0.24562282,0.50526415,-0.49959473,0.49563867,0.49945526
0.27340142,0.67999718,0.2456228,0.50526404,-0.49959498,0.49563822,0.49945557
0.27339947,0.67999653,0.24562278,0.50526393,-0.49959524,0.49563776,0.49945587
0.27339751,0.67999589,0.24562276,0.50526382,-0.49959549,0.49563731,0.49945618
0.27339556,0.67999524,0.24562275,0.50526371,-0.49959574,0.49563686,0.49945649
0.2733936,0.6799946,0.24562273,0.5052636,-0.49959599,0.49563641,0.49945679
0.27339164,0.67999397,0.24562271,0.5052635,-0.49959624,0.49563595,0.4994571
0.27338968,0.67999333,0.24562269,0.50526339,-0.49959649,0.4956355,0.49945741
0.27338772,0.6799927,0.24562268,0.50526329,-0.49959674,0.49563504,0.49945772
0.27338575,0.67999207,0.24562266,0.50526318,-0.49959699,0.49563458,0.49945803
0.27338379,0.67999144,0.24562264,0.50526308,-0.49959724,0.49563413,0.49945834
0.27338182,0.67999081,0.24562262,0.50526298,-0.49959748,0.49563367,0.49945866
0.27337985,0.67999019,0.24562261,0.50526287,-0.49959773,0.49563321,0.49945897
0.27337788,0.67998956,0.24562259,0.50526277,-0.49959798,0.49563275,0.49945928
0.27337591,0.67998894,0.24562258,0.50526267,-0.49959822,0.49563229,0.4994596
0.27337393,0.67998832,0.24562256,0.50526257,-0.49959846,0.49563182,0.49945991
0.27337196,0.67998771,0.24562254,0.50526248,-0.49959871,0.49563136,0.49946023
0.27336998,0.67998709,0.24562253,0.50526238,-0.49959895,0.49563089,0.49946054
0.273368,0.67998648,0.24562251,0.50526228,-0.49959919,0.49563043,0.49946086
0.27336602,0.67998587,0.2456225,0.50526219,-0.49959944,0.49562996,0.49946117
0.27336404,0.67998526,0.24562248,0.50526209,-0.49959968,0.4956295,0.49946149
0.27336205,0.67998465,0.24562247,0.505262,-0.49959992,0.49562903,0.49946181
0.27336007,0.67998405,0.24562245,0.50526191,-0.49960016,0.49562856,0.49946213
0.27335808,0.67998344,0.24562244,0.50526182,-0.4996004,0.49562809,0.49946245
0.27335609,0.67998284,0.24562243,0.50526173,-0.49960063,0.49562762,0.49946277
0.2733541,0.67998225,0.24562241,0.50526164,-0.49960087,0.49562715,0.49946309
0.27335211,0.67998165,0.2456224,0.50526155,-0.49960111,0.49562668,0.49946341
0.27335012,0.67998105,0.24562238,0.50526146,-0.49960134,0.4956262,0.49946373
0.27334812,0.67998046,0.24562237,0.50526137,-0.49960158,0.49562573,0.49946406
0.27334613,0.67997987,0.24562236,0.50526129,-0.49960181,0.49562525,0.49946438
0.27334413,0.67997928,0.24562234,0.5052612,-0.49960205,0.49562478,0.49946471
0.27334213,0.6799787,0.24562233,0.50526112,-0.49960228,0.4956243,0.49946503
0.27334013,0.67997811,0.24562232,0.50526103,-0.49960252,0.49562382,0.49946536
0.27333813,0.67997753,0.24562231,0.50526095,-0.49960275,0.49562335,0.49946568
0.27333613,0.67997695,0.24562229,0.50526087,-0.49960298,0.49562287,0.49946601
0.27333412,0.67997637,0.24562228,0.50526079,-0.49960321,0.49562239,0.49946633
0.27333212,0.6799758,0.24562227,0.50526071,-0.49960344,0.49562191,0.49946666
0.27333011,0.67997522,0.24562226,0.50526063,-0.49960367,0.49562142,0.49946699
0.27332811,0.67997465,0.24562225,0.50526055,-0.4996039,0.49562094,0.49946732
0.2733261,0.67997408,0.24562224,0.50526048,-0.49960412,0.49562046,0.49946765
0.27332409,0.67997351,0.24562223,0.5052604,-0.49960435,0.49561997,0.49946798
0.27332207,0.67997294,0.24562221,0.50526033,-0.49960458,0.49561949,0.49946831
0.27332006,0.67997238,0.2456222,0.50526025,-0.4996048,0.495619,0.49946864
0.27331805,0.67997182,0.24562219,0.50526018,-0.49960503,0.49561851,0.49946897
0.27331603,0.67997126,0.24562218,0.50526011,-0.49960525,0.49561803,0.49946931
0.27331402,0.6799707,0.24562217,0.50526004,-0.49960548,0.49561754,0.49946964
0.273312,0.67997014,0.24562216,0.50525997,-0.4996057,0.49561705,0.49946997
0.27330998,0.67996959,0.24562215,0.5052599,-0.49960592,0.49561656,0.49947031
0.27330796,0.67996904,0.24562214,0.50525983,-0.49960614,0.49561607,0.49947064
0.27330594,0.67996849,0.24562214,0.50525976,-0.49960636,0.49561557,0.49947098
0.27330392,0.67996794,0.24562213,0.5052597,-0.49960658,0.49561508,0.49947132
0.27330189,0.67996739,0.24562212,0.50525963,-0.4996068,0.49561459,0.49947165
0.27329987,0.67996685,0.24562211,0.50525957,-0.49960702,0.49561409,0.49947199
0.27329785,0.6799663,0.2456221,0.5052595,-0.49960724,0.4956136,0.49947233
0.27329582,0.67996576,0.24562209,0.50525944,-0.49960745,0.4956131,0.49947267
0.27329379,0.67996522,0.24562208,0.50525938,-0.49960767,0.4956126,0.49947301
0.27329176,0.67996469,0.24562208,0.50525932,-0.49960788,0.4956121,0.49947335
0.27328973,0.67996415,0.24562207,0.50525926,-0.4996081,0.49561161,0.49947369
0.2732877,0.67996362,0.24562206,0.5052592,-0.49960831,0.49561111,0.49947403
0.27328567,0.67996309,0.24562205,0.50525914,-0.49960853,0.49561061,0.49947437
0.27328364,0.67996256,0.24562205,0.50525909,-0.49960874,0.4956101,0.49947471
0.27328161,0.67996203,0.24562204,0.50525903,-0.49960895,0.4956096,0.49947505
0.27327957,0.67996151,0.24562203,0.50525898,-0.49960916,0.4956091,0.4994754
0.27327754,0.67996099,0.24562203,0.50525893,-0.49960937,0.49560859,0.49947574
0.2732755,0.67996046,0.24562202,0.50525887,-0.49960958,0.49560809,0.49947609
0.27327347,0.67995995,0.24562202,0.50525882,-0.49960979,0.49560758,0.49947643
0.27327143,0.67995943,0.24562201,0.50525877,-0.49960999,0.49560708,0.49947678
0.27326939,0.67995891,0.245622,0.50525872,-0.4996102,0.49560657,0.49947712
0.27326735,0.6799584,0.245622,0.50525868,-0.49961041,0.49560606,0.49947747
0.27326531,0.67995789,0.24562199,0.50525863,-0.49961061,0.49560555,0.49947782
0.27326327,0.67995738,0.24562199,0.50525858,-0.49961082,0.49560504,0.49947816
0.27326123,0.67995687,0.24562198,0.50525854,-0.49961102,0.49560453,0.49947851
0.27325919,0.67995637,0.24562198,0.50525849,-0.49961122,0.49560402,0.49947886
0.27325714,0.67995586,0.24562198,0.50525845,-0.49961143,0.49560351,0.49947921
0.2732551,0.67995536,0.24562197,0.50525841,-0.49961163,0.495603,0.49947956
0.27325306,0.67995486,0.24562197,0.50525837,-0.49961183,0.49560248,0.49947991
0.27325101,0.67995436,0.24562196,0.50525833,-0.49961203,0.49560197,0.49948026
0.27324896,0.67995387,0.24562196,0.50525829,-0.49961222,0.49560145,0.49948062
0.27324692,0.67995337,0.24562196,0.50525825,-0.49961242,0.49560094,0.49948097
0.27324487,0.67995288,0.24562195,0.50525821,-0.49961262,0.49560042,0.49948132
0.27324282,0.67995239,0.24562195,0.50525818,-0.49961282,0.4955999,0.49948167
0.27324077,0.6799519,0.24562195,0.50525814,-0.49961301,0.49559939,0.49948203
0.27323873,0.67995141,0.24562195,0.50525811,-0.49961321,0.49559887,0.49948238
0.27323668,0.67995093,0.24562194,0.50525808,-0.4996134,0.49559835,0.49948274
0.27323462,0.67995045,0.24562194,0.50525805,-0.49961359,0.49559783,0.49948309
0.27323257,0.67994997,0.24562194,0.50525801,-0.49961379,0.4955973,0.49948345
0.27323052,0.67994949,0.24562194,0.50525799,-0.49961398,0.49559678,0.49948381
0.27322847,0.67994901,0.24562194,0.50525796,-0.49961417,0.49559626,0.49948416
0.27322642,0.67994853,0.24562194,0.50525793,-0.49961436,0.49559573,0.49948452
0.27322436,0.67994806,0.24562194,0.5052579,-0.49961455,0.49559521,0.49948488
0.27322231,0.67994759,0.24562194,0.50525788,-0.49961473,0.49559468,0.49948524
0.27322026,0.67994712,0.24562193,0.50525785,-0.49961492,0.49559416,0.4994856
0.2732182,0.67994665,0.24562193,0.50525783,-0.49961511,0.49559363,0.49948596
0.27321615,0.67994619,0.24562193,0.50525781,-0.49961529,0.4955931,0.49948632
0.27321409,0.67994572,0.24562193,0.50525779,-0.49961548,0.49559257,0.49948668
0.27321204,0.67994526,0.24562194,0.50525777,-0.49961566,0.49559204,0.49948704
0.27320998,0.6799448,0.24562194,0.50525775,-0.49961585,0.49559151,0.4994874
0.27320792,0.67994434,0.24562194,0.50525773,-0.49961603,0.49559098,0.49948776
0.27320586,0.67994389,0.24562194,0.50525771,-0.49961621,0.49559045,0.49948813
0.27320381,0.67994343,0.24562194,0.5052577,-0.49961639,0.49558992,0.49948849
0.27320175,0.67994298,0.24562194,0.50525768,-0.49961657,0.49558939,0.49948886
0.27319969,0.67994253,0.24562194,0.50525767,-0.49961675,0.49558885,0.49948922
0.27319763,0.67994208,0.24562194,0.50525766,-0.49961693,0.49558832,0.49948959
0.27319557,0.67994163,0.24562195,0.50525765,-0.4996171,0.49558778,0.49948995
0.27319351,0.67994119,0.24562195,0.50525764,-0.49961728,0.49558725,0.49949032
0.27319145,0.67994074,0.24562195,0.50525763,-0.49961746,0.49558671,0.49949068
0.27318939,0.6799403,0.24562195,0.50525762,-0.49961763,0.49558617,0.49949105
0.27318733,0.67993986,0.24562196,0.50525761,-0.4996178,0.49558563,0.49949142
0.27318527,0.67993942,0.24562196,0.50525761,-0.49961798,0.49558509,0.49949179
0.27318321,0.67993899,0.24562196,0.5052576,-0.49961815,0.49558455,0.49949216
0.27318115,0.67993855,0.24562197,0.5052576,-0.49961832,0.49558401,0.49949252
0.27317909,0.67993812,0.24562197,0.5052576,-0.49961849,0.49558347,0.49949289
0.27317703,0.67993769,0.24562198,0.50525759,-0.49961866,0.49558293,0.49949326
0.27317497,0.67993726,0.24562198,0.50525759,-0.49961883,0.49558239,0.49949363
0.27317291,0.67993683,0.24562199,0.50525759,-0.49961899,0.49558184,0.49949401
0.27317085,0.67993641,0.24562199,0.5052576,-0.49961916,0.4955813,0.49949438
0.27316878,0.67993599,0.245622,0.5052576,-0.49961933,0.49558075,0.49949475
0.27316672,0.67993556,0.245622,0.5052576,-0.49961949,0.49558021,0.49949512
0.27316466,0.67993515,0.24562201,0.50525761,-0.49961966,0.49557966,0.4994955
0.2731626,0.67993473,0.24562201,0.50525761,-0.49961982,0.49557911,0.49949587
0.27316054,0.67993431,0.24562202,0.50525762,-0.49961998,0.49557856,0.49949624
0.27315847,0.6799339,0.24562202,0.50525763,-0.49962014,0.49557802,0.49949662
0.27315641,0.67993348,0.24562203,0.50525764,-0.4996203,0.49557747,0.49949699
0.27315435,0.67993307,0.24562204,0.50525765,-0.49962046,0.49557692,0.49949737
0.27315229,0.67993267,0.24562204,0.50525766,-0.49962062,0.49557636,0.49949774
0.27315022,0.67993226,0.24562205,0.50525768,-0.49962078,0.49557581,0.49949812
0.27314816,0.67993185,0.24562206,0.50525769,-0.49962094,0.49557526,0.4994985
0.2731461,0.67993145,0.24562207,0.50525771,-0.49962109,0.49557471,0.49949887
0.27314404,0.67993105,0.24562207,0.50525772,-0.49962125,0.49557415,0.49949925
0.27314197,0.67993065,0.24562208,0.50525774,-0.4996214,0.4955736,0.49949963
0.27313991,0.67993025,0.24562209,0.50525776,-0.49962155,0.49557304,0.49950001
0.27313785,0.67992985,0.2456221,0.50525778,-0.49962171,0.49557249,0.49950039
0.27313579,0.67992946,0.24562211,0.5052578,-0.49962186,0.49557193,0.49950077
0.27313373,0.67992907,0.24562212,0.50525782,-0.49962201,0.49557137,0.49950115
0.27313166,0.67992868,0.24562213,0.50525784,-0.49962216,0.49557081,0.49950153
0.2731296,0.67992829,0.24562213,0.50525787,-0.49962231,0.49557026,0.49950191
0.27312754,0.6799279,0.24562214,0.50525789,-0.49962245,0.4955697,0.49950229
0.27312548,0.67992752,0.24562215,0.50525792,-0.4996226,0.49556914,0.49950267
0.27312342,0.67992713,0.24562216,0.50525795,-0.49962275,0.49556858,0.49950306
0.27312136,0.67992675,0.24562217,0.50525798,-0.49962289,0.49556801,0.49950344
0.27311929,0.67992637,0.24562219,0.50525801,-0.49962303,0.49556745,0.49950382
0.27311723,0.67992599,0.2456222,0.50525804,-0.49962318,0.49556689,0.49950421
0.27311517,0.67992562,0.24562221,0.50525807,-0.49962332,0.49556632,0.49950459
0.27311311,0.67992524,0.24562222,0.5052581,-0.49962346,0.49556576,0.49950498
0.27311105,0.67992487,0.24562223,0.50525814,-0.4996236,0.4955652,0.49950536
0.27310899,0.6799245,0.24562224,0.50525818,-0.49962374,0.49556463,0.49950575
0.27310693,0.67992413,0.24562225,0.50525821,-0.49962388,0.49556406,0.49950613
0.27310487,0.67992376,0.24562227,0.50525825,-0.49962402,0.4955635,0.49950652
0.27310282,0.67992339,0.24562228,0.50525829,-0.49962415,0.49556293,0.49950691
0.27310076,0.67992303,0.24562229,0.50525833,-0.49962429,0.49556236,0.49950729
0.2730987,0.67992267,0.2456223,0.50525837,-0.49962442,0.49556179,0.49950768
0.27309664,0.67992231,0.24562232,0.50525841,-0.49962456,0.49556122,0.49950807
0.27309458,0.67992195,0.24562233,0.50525846,-0.49962469,0.49556065,0.49950846
0.27309253,0.67992159,0.24562234,0.5052585,-0.49962482,0.49556008,0.49950885
0.27309047,0.67992123,0.24562236,0.50525855,-0.49962495,0.49555951,0.49950924
0.27308841,0.67992088,0.24562237,0.5052586,-0.49962508,0.49555894,0.49950963
0.27308636,0.67992053,0.24562239,0.50525865,-0.49962521,0.49555836,0.49951002
0.2730843,0.67992018,0.2456224,0.5052587,-0.49962534,0.49555779,0.49951041
0.27308225,0.67991983,0.24562241,0.50525875,-0.49962547,0.49555721,0.4995108
0.27308019,0.67991948,0.24562243,0.5052588,-0.49962559,0.49555664,0.49951119
0.27307814,0.67991914,0.24562244,0.50525885,-0.49962572,0.49555606,0.49951158
0.27307608,0.67991879,0.24562246,0.50525891,-0.49962584,0.49555549,0.49951198
0.27307403,0.67991845,0.24562248,0.50525896,-0.49962597,0.49555491,0.49951237
0.27307198,0.67991811,0.24562249,0.50525902,-0.49962609,0.49555433,0.49951276
0.27306992,0.67991778,0.24562251,0.50525908,-0.49962621,0.49555375,0.49951316
0.27306787,0.67991744,0.24562252,0.50525914,-0.49962633,0.49555317,0.49951355
0.27306582,0.6799171,0.24562254,0.5052592,-0.49962645,0.49555259,0.49951395
0.27306377,0.67991677,0.24562256,0.50525926,-0.49962657,0.49555201,0.49951434
0.27306172,0.67991644,0.24562258,0.50525932,-0.49962668,0.49555143,0.49951474
0.27305967,0.67991611,0.24562259,0.50525939,-0.4996268,0.49555085,0.49951513
0.27305762,0.67991578,0.24562261,0.50525945,-0.49962692,0.49555027,0.49951553
0.27305557,0.67991546,0.24562263,0.50525952,-0.49962703,0.49554969,0.49951592
0.27305353,0.67991513,0.24562265,0.50525958,-0.49962715,0.4955491,0.49951632
0.27305148,0.67991481,0.24562266,0.50525965,-0.49962726,0.49554852,0.49951672
0.27304943,0.67991449,0.24562268,0.50525972,-0.49962737,0.49554793,0.49951712
0.27304739,0.67991417,0.2456227,0.50525979,-0.49962748,0.49554735,0.49951751
0.27304534,0.67991385,0.24562272,0.50525987,-0.49962759,0.49554676,0.49951791
0.2730433,0.67991354,0.24562274,0.50525994,-0.4996277,0.49554618,0.49951831
0.27304125,0.67991322,0.24562276,0.50526001,-0.49962781,0.49554559,0.49951871
0.27303921,0.67991291,0.24562278,0.50526009,-0.49962791,0.495545,0.49951911
0.27303717,0.6799126,0.2456228,0.50526017,-0.49962802,0.49554441,0.49951951
0.27303513,0.67991229,0.24562282,0.50526025,-0.49962812,0.49554382,0.49951991
0.27303308,0.67991199,0.24562284,0.50526033,-0.49962823,0.49554323,0.49952031
0.27303104,0.67991168,0.24562286,0.50526041,-0.49962833,0.49554264,0.49952071
0.273029,0.67991138,0.24562288,0.50526049,-0.49962843,0.49554205,0.49952112
0.27302697,0.67991107,0.2456229,0.50526057,-0.49962853,0.49554146,0.49952152
0.27302493,0.67991077,0.24562292,0.50526066,-0.49962863,0.49554087,0.49952192
0.27302289,0.67991048,0.24562295,0.50526074,-0.49962873,0.49554027,0.49952232
0.27302086,0.67991018,0.24562297,0.50526083,-0.49962883,0.49553968,0.49952273
0.27301882,0.67990988,0.24562299,0.50526092,-0.49962893,0.49553909,0.49952313
0.27301679,0.67990959,0.24562301,0.505261,-0.49962902,0.49553849,0.49952353
0.27301475,0.6799093,0.24562304,0.5052611,-0.49962912,0.4955379,0.49952394
0.27301272,0.67990901,0.24562306,0.50526119,-0.49962921,0.4955373,0.49952434
0.27301069,0.67990872,0.24562308,0.50526128,-0.4996293,0.4955367,0.49952475
0.27300866,0.67990843,0.2456231,0.50526137,-0.4996294,0.49553611,0.49952515
0.27300663,0.67990815,0.24562313,0.50526147,-0.49962949,0.49553551,0.49952556
0.2730046,0.67990786,0.24562315,0.50526157,-0.49962958,0.49553491,0.49952596
0.27300257,0.67990758,0.24562318,0.50526166,-0.49962967,0.49553431,0.49952637
0.27300054,0.6799073,0.2456232,0.50526176,-0.49962975,0.49553371,0.49952678
0.27299852,0.67990702,0.24562323,0.50526186,-0.49962984,0.49553311,0.49952718
0.27299649,0.67990675,0.24562325,0.50526196,-0.49962993,0.49553251,0.49952759
0.27299447,0.67990647,0.24562328,0.50526207,-0.49963001,0.49553191,0.499528
0.27299244,0.6799062,0.2456233,0.50526217,-0.49963009,0.49553131,0.49952841
0.27299042,0.67990593,0.24562333,0.50526227,-0.49963018,0.49553071,0.49952882
0.2729884,0.67990566,0.24562335,0.50526238,-0.49963026,0.4955301,0.49952922
0.27298638,0.67990539,0.24562338,0.50526249,-0.49963034,0.4955295,0.49952963
0.27298436,0.67990512,0.2456234,0.5052626,-0.49963042,0.4955289,0.49953004
0.27298234,0.67990486,0.24562343,0.50526271,-0.4996305,0.49552829,0.49953045
0.27298032,0.67990459,0.24562346,0.50526282,-0.49963058,0.49552769,0.49953086
0.27297831,0.67990433,0.24562349,0.50526293,-0.49963065,0.49552708,0.49953127
0.27297629,0.67990407,0.24562351,0.50526304,-0.49963073,0.49552647,0.49953169
0.27297428,0.67990381,0.24562354,0.50526316,-0.4996308,0.49552587,0.4995321
0.27297227,0.67990355,0.24562357,0.50526327,-0.49963088,0.49552526,0.49953251
0.27297025,0.6799033,0.2456236,0.50526339,-0.49963095,0.49552465,0.49953292
0.27296824,0.67990305,0.24562362,0.50526351,-0.49963102,0.49552404,0.49953333
0.27296623,0.67990279,0.24562365,0.50526363,-0.49963109,0.49552343,0.49953374
0.27296423,0.67990254,0.24562368,0.50526375,-0.49963116,0.49552282,0.49953416
0.27296222,0.6799023,0.24562371,0.50526387,-0.49963123,0.49552221,0.49953457
0.27296021,0.67990205,0.24562374,0.505264,-0.4996313,0.4955216,0.49953498
0.27295821,0.6799018,0.24562377,0.50526412,-0.49963137,0.49552099,0.4995354
0.27295621,0.67990156,0.2456238,0.50526425,-0.49963143,0.49552038,0.49953581
0.2729542,0.67990132,0.24562383,0.50526437,-0.4996315,0.49551977,0.49953623
0.2729522,0.67990108,0.24562386,0.5052645,-0.49963156,0.49551915,0.49953664
0.2729502,0.67990084,0.24562389,0.50526463,-0.49963162,0.49551854,0.49953706
0.2729482,0.6799006,0.24562392,0.50526476,-0.49963168,0.49551793,0.49953747
0.27294621,0.67990037,0.24562395,0.5052649,-0.49963174,0.49551731,0.49953789
0.27294421,0.67990013,0.24562398,0.50526503,-0.4996318,0.49551669,0.4995383
0.27294222,0.6798999,0.24562402,0.50526516,-0.49963186,0.49551608,0.49953872
0.27294022,0.67989967,0.24562405,0.5052653,-0.49963192,0.49551546,0.49953914
0.27293823,0.67989944,0.24562408,0.50526544,-0.49963198,0.49551485,0.49953955
0.27293624,0.67989921,0.24562411,0.50526557,-0.49963203,0.49551423,0.49953997
0.27293425,0.67989899,0.24562415,0.50526571,-0.49963209,0.49551361,0.49954039
0.27293226,0.67989877,0.24562418,0.50526585,-0.49963214,0.49551299,0.49954081
0.27293028,0.67989854,0.24562421,0.505266,-0.49963219,0.49551237,0.49954122
0.27292829,0.67989832,0.24562424,0.50526614,-0.49963224,0.49551175,0.49954164
0.27292631,0.6798981,0.24562428,0.50526628,-0.49963229,0.49551113,0.49954206
0.27292433,0.67989789,0.24562431,0.50526643,-0.49963234,0.49551051,0.49954248
0.27292234,0.67989767,0.24562435,0.50526658,-0.49963239,0.49550989,0.4995429
0.27292037,0.67989746,0.24562438,0.50526673,-0.49963244,0.49550927,0.49954332
0.27291839,0.67989724,0.24562442,0.50526687,-0.49963248,0.49550865,0.49954374
0.27291641,0.67989703,0.24562445,0.50526703,-0.49963253,0.49550802,0.49954416
0.27291444,0.67989682,0.24562449,0.50526718,-0.49963257,0.4955074,0.49954458
0.27291246,0.67989662,0.24562452,0.50526733,-0.49963262,0.49550678,0.499545
0.27291049,0.67989641,0.24562456,0.50526749,-0.49963266,0.49550615,0.49954542
0.27290852,0.67989621,0.24562459,0.50526764,-0.4996327,0.49550553,0.49954584
0.27290655,0.679896,0.24562463,0.5052678,-0.49963274,0.4955049,0.49954627
0.27290458,0.6798958,0.24562467,0.50526796,-0.49963278,0.49550428,0.49954669
0.27290262,0.6798956,0.2456247,0.50526812,-0.49963281,0.49550365,0.49954711
0.27290065,0.6798954,0.24562474,0.50526828,-0.49963285,0.49550302,0.49954753
0.27289869,0.67989521,0.24562478,0.50526844,-0.49963289,0.49550239,0.49954796
0.27289673,0.67989501,0.24562481,0.5052686,-0.49963292,0.49550177,0.49954838
0.27289477,0.67989482,0.24562485,0.50526877,-0.49963296,0.49550114,0.4995488
0.27289281,0.67989463,0.24562489,0.50526893,-0.49963299,0.49550051,0.49954923
0.27289085,0.67989444,0.24562493,0.5052691,-0.49963302,0.49549988,0.49954965
0.2728889,0.67989425,0.24562497,0.50526927,-0.49963305,0.49549925,0.49955007
0.27288694,0.67989407,0.24562501,0.50526944,-0.49963308,0.49549862,0.4995505
0.27288499,0.67989388,0.24562504,0.50526961,-0.49963311,0.49549799,0.49955092
0.27288304,0.6798937,0.24562508,0.50526978,-0.49963314,0.49549736,0.49955135
0.27288109,0.67989352,0.24562512,0.50526995,-0.49963316,0.49549673,0.49955177
0.27287914,0.67989334,0.24562516,0.50527013,-0.49963319,0.49549609,0.4995522
0.2728772,0.67989316,0.2456252,0.5052703,-0.49963321,0.49549546,0.49955262
0.27287525,0.67989298,0.24562524,0.50527048,-0.49963324,0.49549483,0.49955305
0.27287331,0.6798928,0.24562528,0.50527066,-0.49963326,0.49549419,0.49955348
0.27287137,0.67989263,0.24562532,0.50527084,-0.49963328,0.49549356,0.4995539
0.27286943,0.67989246,0.24562537,0.50527102,-0.4996333,0.49549292,0.49955433
0.2728675,0.67989229,0.24562541,0.5052712,-0.49963332,0.49549229,0.49955476
0.27286556,0.67989212,0.24562545,0.50527138,-0.49963334,0.49549165,0.49955518
0.27286363,0.67989195,0.24562549,0.50527157,-0.49963335,0.49549102,0.49955561
0.2728617,0.67989179,0.24562553,0.50527175,-0.49963337,0.49549038,0.49955604
0.27285977,0.67989162,0.24562558,0.50527194,-0.49963338,0.49548974,0.49955647
0.27285784,0.67989146,0.24562562,0.50527213,-0.4996334,0.4954891,0.4995569
0.27285591,0.6798913,0.24562566,0.50527232,-0.49963341,0.49548847,0.49955732
0.27285399,0.67989114,0.2456257,0.50527251,-0.49963342,0.49548783,0.49955775
0.27285207,0.67989098,0.24562575,0.5052727,-0.49963343,0.49548719,0.49955818
0.27285014,0.67989083,0.24562579,0.50527289,-0.49963344,0.49548655,0.49955861
0.27284823,0.67989067,0.24562583,0.50527309,-0.49963345,0.49548591,0.49955904
0.27284631,0.67989052,0.24562588,0.50527328,-0.49963346,0.49548527,0.49955947
0.27284439,0.67989037,0.24562592,0.50527348,-0.49963347,0.49548463,0.4995599
0.27284248,0.67989022,0.24562597,0.50527368,-0.49963347,0.49548398,0.49956033
0.27284057,0.67989007,0.24562601,0.50527388,-0.49963348,0.49548334,0.49956076
0.27283866,0.67988992,0.24562606,0.50527408,-0.49963348,0.4954827,0.49956119
0.27283675,0.67988978,0.2456261,0.50527428,-0.49963348,0.49548206,0.49956162
0.27283484,0.67988964,0.24562615,0.50527448,-0.49963348,0.49548141,0.49956205
0.27283294,0.6798895,0.2456262,0.50527469,-0.49963348,0.49548077,0.49956249
0.27283104,0.67988936,0.24562624,0.5052749,-0.49963348,0.49548013,0.49956292
0.27282914,0.67988922,0.24562629,0.5052751,-0.49963348,0.49547948,0.49956335
0.27282724,0.67988908,0.24562634,0.50527531,-0.49963348,0.49547884,0.49956378
0.27282534,0.67988894,0.24562638,0.50527552,-0.49963348,0.49547819,0.49956421
0.27282345,0.67988881,0.24562643,0.50527573,-0.49963347,0.49547754,0.49956465
0.27282156,0.67988868,0.24562648,0.50527594,-0.49963346,0.4954769,0.49956508
0.27281967,0.67988855,0.24562653,0.50527616,-0.49963346,0.49547625,0.49956551
0.27281778,0.67988842,0.24562657,0.50527637,-0.49963345,0.4954756,0.49956594
0.27281589,0.67988829,0.24562662,0.50527659,-0.49963344,0.49547495,0.49956638
0.27281401,0.67988817,0.24562667,0.5052768,-0.49963343,0.49547431,0.49956681
0.27281213,0.67988804,0.24562672,0.50527702,-0.49963342,0.49547366,0.49956724
0.27281025,0.67988792,0.24562677,0.50527724,-0.49963341,0.49547301,0.49956768
0.27280837,0.6798878,0.24562682,0.50527746,-0.49963339,0.49547236,0.49956811
0.27280649,0.67988768,0.24562687,0.50527768,-0.49963338,0.49547171,0.49956855
0.27280462,0.67988756,0.24562692,0.50527791,-0.49963336,0.49547106,0.49956898
0.27280275,0.67988745,0.24562697,0.50527813,-0.49963335,0.49547041,0.49956942
0.27280088,0.67988733,0.24562702,0.50527836,-0.49963333,0.49546976,0.49956985
0.27279901,0.67988722,0.24562707,0.50527858,-0.49963331,0.4954691,0.49957029
0.27279714,0.67988711,0.24562712,0.50527881,-0.49963329,0.49546845,0.49957072
0.27279528,0.679887,0.24562717,0.50527904,-0.49963327,0.4954678,0.49957116
0.27279342,0.67988689,0.24562722,0.50527927,-0.49963325,0.49546715,0.49957159
0.27279156,0.67988678,0.24562728,0.50527951,-0.49963323,0.49546649,0.49957203
0.2727897,0.67988668,0.24562733,0.50527974,-0.49963321,0.49546584,0.49957247
0.27278785,0.67988658,0.24562738,0.50527997,-0.49963318,0.49546518,0.4995729
0.272786,0.67988647,0.24562743,0.50528021,-0.49963316,0.49546453,0.49957334
0.27278415,0.67988637,0.24562749,0.50528045,-0.49963313,0.49546387,0.49957377
0.2727823,0.67988628,0.24562754,0.50528068,-0.4996331,0.49546322,0.49957421
0.27278045,0.67988618,0.24562759,0.50528092,-0.49963307,0.49546256,0.49957465
0.27277861,0.67988608,0.24562765,0.50528116,-0.49963304,0.49546191,0.49957509
0.27277677,0.67988599,0.2456277,0.50528141,-0.49963301,0.49546125,0.49957552
0.27277493,0.6798859,0.24562775,0.50528165,-0.49963298,0.49546059,0.49957596
0.27277309,0.67988581,0.24562781,0.50528189,-0.49963295,0.49545993,0.4995764
0.27277125,0.67988572,0.24562786,0.50528214,-0.49963291,0.49545928,0.49957684
0.27276942,0.67988563,0.24562792,0.50528239,-0.49963288,0.49545862,0.49957728
0.27276759,0.67988554,0.24562797,0.50528263,-0.49963284,0.49545796,0.49957771
0.27276576,0.67988546,0.24562803,0.50528288,-0.49963281,0.4954573,0.49957815
0.27276394,0.67988538,0.24562808,0.50528313,-0.49963277,0.49545664,0.49957859
0.27276211,0.6798853,0.24562814,0.50528339,-0.49963273,0.49545598,0.49957903
0.27276029,0.67988522,0.2456282,0.50528364,-0.49963269,0.49545532,0.49957947
0.27275847,0.67988514,0.24562825,0.50528389,-0.49963265,0.49545466,0.49957991
0.27275666,0.67988506,0.24562831,0.50528415,-0.49963261,0.495454,0.49958035
0.27275484,0.67988499,0.24562837,0.50528441,-0.49963256,0.49545333,0.49958079
0.27275303,0.67988491,0.24562842,0.50528466,-0.49963252,0.49545267,0.49958123
0.27275122,0.67988484,0.24562848,0.50528492,-0.49963247,0.49545201,0.49958167
0.27274941,0.67988477,0.24562854,0.50528518,-0.49963243,0.49545135,0.49958211
0.27274761,0.67988471,0.2456286,0.50528545,-0.49963238,0.49545068,0.49958255
0.27274581,0.67988464,0.24562866,0.50528571,-0.49963233,0.49545002,0.49958299
0.27274401,0.67988457,0.24562872,0.50528597,-0.49963228,0.49544936,0.49958343
0.27274221,0.67988451,0.24562877,0.50528624,-0.49963223,0.49544869,0.49958387
0.27274041,0.67988445,0.24562883,0.50528651,-0.49963218,0.49544803,0.49958431
0.27273862,0.67988439,0.24562889,0.50528677,-0.49963213,0.49544736,0.49958475
0.27273683,0.67988433,0.24562895,0.50528704,-0.49963207,0.4954467,0.49958519
0.27273504,0.67988427,0.24562901,0.50528731,-0.49963202,0.49544603,0.49958564
0.27273326,0.67988422,0.24562907,0.50528758,-0.49963196,0.49544536,0.49958608
0.27273148,0.67988416,0.24562913,0.50528786,-0.49963191,0.4954447,0.49958652
0.2727297,0.67988411,0.2456292,0.50528813,-0.49963185,0.49544403,0.49958696
0.27272792,0.67988406,0.24562926,0.50528841,-0.49963179,0.49544336,0.4995874
0.27272614,0.67988401,0.24562932,0.50528868,-0.49963173,0.49544269,0.49958785
0.27272437,0.67988396,0.24562938,0.50528896,-0.49963167,0.49544203,0.49958829
0.2727226,0.67988392,0.24562944,0.50528924,-0.49963161,0.49544136,0.49958873
0.27272083,0.67988387,0.2456295,0.50528952,-0.49963155,0.49544069,0.49958917
0.27271906,0.67988383,0.24562957,0.5052898,-0.49963148,0.49544002,0.49958962
0.2727173,0.67988379,0.24562963,0.50529008,-0.49963142,0.49543935,0.49959006
0.27271554,0.67988375,0.24562969,0.50529037,-0.49963135,0.49543868,0.4995905
0.27271378,0.67988371,0.24562975,0.50529065,-0.49963129,0.49543801,0.49959095
0.27271203,0.67988367,0.24562982,0.50529094,-0.49963122,0.49543734,0.49959139
0.27271028,0.67988364,0.24562988,0.50529123,-0.49963115,0.49543667,0.49959183
0.27270853,0.6798836,0.24562995,0.50529152,-0.49963108,0.49543599,0.49959228
0.27270678,0.67988357,0.24563001,0.50529181,-0.49963101,0.49543532,0.49959272
0.27270503,0.67988354,0.24563008,0.5052921,-0.49963094,0.49543465,0.49959316
0.27270329,0.67988351,0.24563014,0.50529239,-0.49963087,0.49543398,0.49959361
0.27270155,0.67988349,0.24563021,0.50529268,-0.49963079,0.4954333,0.49959405
0.27269981,0.67988346,0.24563027,0.50529298,-0.49963072,0.49543263,0.4995945
0.27269808,0.67988344,0.24563034,0.50529327,-0.49963064,0.49543196,0.49959494
0.27269635,0.67988342,0.2456304,0.50529357,-0.49963057,0.49543128,0.49959539
0.27269462,0.6798834,0.24563047,0.50529387,-0.49963049,0.49543061,0.49959583
0.27269289,0.67988338,0.24563053,0.50529417,-0.49963041,0.49542993,0.49959628
0.27269117,0.67988336,0.2456306,0.50529447,-0.49963033,0.49542926,0.49959672
0.27268945,0.67988334,0.24563067,0.50529477,-0.49963025,0.49542858,0.49959717
0.27268773,0.67988333,0.24563074,0.50529507,-0.49963017,0.49542791,0.49959761
0.27268601,0.67988332,0.2456308,0.50529538,-0.49963008,0.49542723,0.49959806
0.2726843,0.67988331,0.24563087,0.50529568,-0.49963,0.49542655,0.4995985
0.27268259,0.6798833,0.24563094,0.50529599,-0.49962992,0.49542588,0.49959895
0.27268088,0.67988329,0.24563101,0.5052963,-0.49962983,0.4954252,0.4995994
0.27267918,0.67988328,0.24563108,0.50529661,-0.49962974,0.49542452,0.49959984
0.27267747,0.67988328,0.24563115,0.50529692,-0.49962966,0.49542384,0.49960029
0.27267578,0.67988328,0.24563121,0.50529723,-0.49962957,0.49542317,0.49960073
0.27267408,0.67988327,0.24563128,0.50529754,-0.49962948,0.49542249,0.49960118
0.27267238,0.67988327,0.24563135,0.50529785,-0.49962939,0.49542181,0.49960163
0.27267069,0.67988328,0.24563142,0.50529817,-0.4996293,0.49542113,0.49960207
0.27266901,0.67988328,0.24563149,0.50529849,-0.4996292,0.49542045,0.49960252
0.27266732,0.67988328,0.24563156,0.5052988,-0.49962911,0.49541977,0.49960297
0.27266564,0.67988329,0.24563163,0.50529912,-0.49962901,0.49541909,0.49960341
0.27266396,0.6798833,0.24563171,0.50529944,-0.49962892,0.49541841,0.49960386
0.27266228,0.67988331,0.24563178,0.50529976,-0.49962882,0.49541773,0.49960431
0.2726606,0.67988332,0.24563185,0.50530008,-0.49962873,0.49541705,0.49960476
0.27265893,0.67988333,0.24563192,0.50530041,-0.49962863,0.49541636,0.4996052
0.27265726,0.67988335,0.24563199,0.50530073,-0.49962853,0.49541568,0.49960565
0.2726556,0.67988337,0.24563206,0.50530106,-0.49962843,0.495415,0.4996061
0.27265394,0.67988338,0.24563214,0.50530138,-0.49962833,0.49541432,0.49960655
0.27265228,0.6798834,0.24563221,0.50530171,-0.49962822,0.49541363,0.499607
0.27265062,0.67988342,0.24563228,0.50530204,-0.49962812,0.49541295,0.49960744
0.27264896,0.67988345,0.24563236,0.50530237,-0.49962802,0.49541227,0.49960789
0.27264731,0.67988347,0.24563243,0.5053027,-0.49962791,0.49541158,0.49960834
0.27264566,0.6798835,0.2456325,0.50530304,-0.4996278,0.4954109,0.49960879
0.27264402,0.67988353,0.24563258,0.50530337,-0.4996277,0.49541021,0.49960924
0.27264237,0.67988355,0.24563265,0.5053037,-0.49962759,0.49540953,0.49960969
0.27264073,0.67988359,0.24563273,0.50530404,-0.49962748,0.49540884,0.49961013
0.2726391,0.67988362,0.2456328,0.50530438,-0.49962737,0.49540816,0.49961058
0.27263746,0.67988365,0.24563288,0.50530472,-0.49962726,0.49540747,0.49961103
0.27263583,0.67988369,0.24563295,0.50530506,-0.49962715,0.49540679,0.49961148
0.2726342,0.67988373,0.24563303,0.5053054,-0.49962703,0.4954061,0.49961193
0.27263258,0.67988376,0.24563311,0.50530574,-0.49962692,0.49540541,0.49961238
0.27263096,0.67988381,0.24563318,0.50530608,-0.4996268,0.49540473,0.49961283
0.27262934,0.67988385,0.24563326,0.50530643,-0.49962669,0.49540404,0.49961328
0.27262772,0.67988389,0.24563334,0.50530677,-0.49962657,0.49540335,0.49961373
0.27262611,0.67988394,0.24563341,0.50530712,-0.49962645,0.49540266,0.49961418
0.2726245,0.67988398,0.24563349,0.50530747,-0.49962633,0.49540197,0.49961463
0.27262289,0.67988403,0.24563357,0.50530781,-0.49962621,0.49540129,0.49961508
0.27262128,0.67988408,0.24563365,0.50530816,-0.49962609,0.4954006,0.49961553
0.27261968,0.67988414,0.24563372,0.50530851,-0.49962597,0.49539991,0.49961598
0.27261809,0.67988419,0.2456338,0.50530887,-0.49962585,0.49539922,0.49961643
0.27261649,0.67988424,0.24563388,0.50530922,-0.49962573,0.49539853,0.49961688
0.2726149,0.6798843,0.24563396,0.50530957,-0.4996256,0.49539784,0.49961733
0.27261331,0.67988436,0.24563404,0.50530993,-0.49962548,0.49539715,0.49961778
0.27261172,0.67988442,0.24563412,0.50531029,-0.49962535,0.49539646,0.49961823
0.27261014,0.67988448,0.2456342,0.50531064,-0.49962522,0.49539577,0.49961868
0.27260856,0.67988455,0.24563428,0.505311,-0.49962509,0.49539508,0.49961913
0.27260698,0.67988461,0.24563436,0.50531136,-0.49962497,0.49539438,0.49961958
0.27260541,0.67988468,0.24563444,0.50531172,-0.49962484,0.49539369,0.49962003
0.27260384,0.67988475,0.24563452,0.50531209,-0.4996247,0.495393,0.49962048
0.27260227,0.67988482,0.2456346,0.50531245,-0.49962457,0.49539231,0.49962093
0.2726007,0.67988489,0.24563468,0.50531281,-0.49962444,0.49539161,0.49962138
0.27259914,0.67988496,0.24563476,0.50531318,-0.49962431,0.49539092,0.49962183
0.27259758,0.67988504,0.24563485,0.50531355,-0.49962417,0.49539023,0.49962229
0.27259603,0.67988511,0.24563493,0.50531391,-0.49962404,0.49538953,0.49962274
0.27259448,0.67988519,0.24563501,0.50531428,-0.4996239,0.49538884,0.49962319
0.27259293,0.67988527,0.24563509,0.50531465,-0.49962376,0.49538815,0.49962364
0.27259138,0.67988535,0.24563518,0.50531502,-0.49962362,0.49538745,0.49962409
0.27258984,0.67988543,0.24563526,0.5053154,-0.49962348,0.49538676,0.49962454
0.2725883,0.67988552,0.24563534,0.50531577,-0.49962334,0.49538606,0.499625
0.27258676,0.67988561,0.24563543,0.50531614,-0.4996232,0.49538537,0.49962545
0.27258523,0.67988569,0.24563551,0.50531652,-0.49962306,0.49538467,0.4996259
0.2725837,0.67988578,0.2456356,0.5053169,-0.49962292,0.49538398,0.49962635
0.27258217,0.67988587,0.24563568,0.50531727,-0.49962277,0.49538328,0.4996268
0.27258065,0.67988597,0.24563577,0.50531765,-0.49962263,0.49538258,0.49962726
0.27257913,0.67988606,0.24563585,0.50531803,-0.49962248,0.49538189,0.49962771
0.27257761,0.67988616,0.24563594,0.50531841,-0.49962234,0.49538119,0.49962816
0.2725761,0.67988626,0.24563602,0.50531879,-0.49962219,0.49538049,0.49962861
0.27257459,0.67988636,0.24563611,0.50531918,-0.49962204,0.4953798,0.49962906
0.27257308,0.67988646,0.24563619,0.50531956,-0.49962189,0.4953791,0.49962952
0.27257157,0.67988656,0.24563628,0.50531995,-0.49962174,0.4953784,0.49962997
0.27257007,0.67988667,0.24563637,0.50532033,-0.49962159,0.4953777,0.49963042
0.27256858,0.67988677,0.24563645,0.50532072,-0.49962144,0.495377,0.49963088
0.27256708,0.67988688,0.24563654,0.50532111,-0.49962129,0.49537631,0.49963133
0.27256559,0.67988699,0.24563663,0.5053215,-0.49962113,0.49537561,0.49963178
0.2725641,0.6798871,0.24563672,0.50532189,-0.49962098,0.49537491,0.49963223
0.27256262,0.67988721,0.2456368,0.50532228,-0.49962082,0.49537421,0.49963269
0.27256113,0.67988733,0.24563689,0.50532267,-0.49962066,0.49537351,0.49963314
0.27255966,0.67988744,0.24563698,0.50532307,-0.49962051,0.49537281,0.49963359
0.27255818,0.67988756,0.24563707,0.50532346,-0.49962035,0.49537211,0.49963405
0.27255671,0.67988768,0.24563716,0.50532386,-0.49962019,0.49537141,0.4996345
0.27255524,0.6798878,0.24563725,0.50532425,-0.49962003,0.49537071,0.49963495
0.27255378,0.67988793,0.24563734,0.50532465,-0.49961987,0.49537001,0.49963541
0.27255231,0.67988805,0.24563743,0.50532505,-0.49961971,0.4953693,0.49963586
0.27255086,0.67988818,0.24563752,0.50532545,-0.49961954,0.4953686,0.49963631
0.2725494,0.6798883,0.24563761,0.50532585,-0.49961938,0.4953679,0.49963677
0.27254795,0.67988843,0.2456377,0.50532625,-0.49961922,0.4953672,0.49963722
0.2725465,0.67988857,0.24563779,0.50532666,-0.49961905,0.4953665,0.49963768
0.27254506,0.6798887,0.24563788,0.50532706,-0.49961889,0.49536579,0.49963813
0.27254361,0.67988883,0.24563797,0.50532747,-0.49961872,0.49536509,0.49963858
0.27254218,0.67988897,0.24563806,0.50532787,-0.49961855,0.49536439,0.49963904
0.27254074,0.67988911,0.24563816,0.50532828,-0.49961838,0.49536369,0.49963949
0.27253931,0.67988925,0.24563825,0.50532869,-0.49961821,0.49536298,0.49963994
0.27253788,0.67988939,0.24563834,0.5053291,-0.49961804,0.49536228,0.4996404
0.27253646,0.67988953,0.24563843,0.50532951,-0.49961787,0.49536158,0.49964085
0.27253503,0.67988968,0.24563853,0.50532992,-0.4996177,0.49536087,0.49964131
0.27253362,0.67988982,0.24563862,0.50533033,-0.49961753,0.49536017,0.49964176
0.2725322,0.67988997,0.24563871,0.50533074,-0.49961735,0.49535946,0.49964222
0.27253079,0.67989012,0.24563881,0.50533116,-0.49961718,0.49535876,0.49964267
0.27252938,0.67989027,0.2456389,0.50533157,-0.499617,0.49535805,0.49964313
0.27252798,0.67989043,0.24563899,0.50533199,-0.49961683,0.49535735,0.49964358
0.27252658,0.67989058,0.24563909,0.50533241,-0.49961665,0.49535664,0.49964403
0.27252518,0.67989074,0.24563918,0.50533282,-0.49961647,0.49535594,0.49964449
0.27252379,0.67989089,0.24563928,0.50533324,-0.49961629,0.49535523,0.49964494
0.27252239,0.67989105,0.24563937,0.50533366,-0.49961611,0.49535452,0.4996454
0.27252101,0.67989122,0.24563947,0.50533409,-0.49961593,0.49535382,0.49964585
0.27251962,0.67989138,0.24563956,0.50533451,-0.49961575,0.49535311,0.49964631
0.27251824,0.67989155,0.24563966,0.50533493,-0.49961557,0.4953524,0.49964676
0.27251687,0.67989171,0.24563976,0.50533535,-0.49961538,0.4953517,0.49964722
0.27251549,0.67989188,0.24563985,0.50533578,-0.4996152,0.49535099,0.49964767
0.27251412,0.67989205,0.24563995,0.50533621,-0.49961502,0.49535028,0.49964813
0.27251276,0.67989222,0.24564005,0.50533663,-0.49961483,0.49534957,0.49964858
0.27251139,0.6798924,0.24564015,0.50533706,-0.49961464,0.49534887,0.49964904
0.27251003,0.67989257,0.24564024,0.50533749,-0.49961446,0.49534816,0.49964949
0.27250868,0.67989275,0.24564034,0.50533792,-0.49961427,0.49534745,0.49964995
0.27250733,0.67989293,0.24564044,0.50533835,-0.49961408,0.49534674,0.49965041
0.27250598,0.67989311,0.24564054,0.50533878,-0.49961389,0.49534603,0.49965086
0.27250463,0.67989329,0.24564064,0.50533921,-0.4996137,0.49534532,0.49965132
0.27250329,0.67989347,0.24564073,0.50533965,-0.49961351,0.49534461,0.49965177
0.27250195,0.67989366,0.24564083,0.50534008,-0.49961332,0.4953439,0.49965223
0.27250062,0.67989385,0.24564093,0.50534052,-0.49961313,0.4953432,0.49965268
0.27249929,0.67989404,0.24564103,0.50534096,-0.49961293,0.49534249,0.49965314
0.27249796,0.67989423,0.24564113,0.50534139,-0.49961274,0.49534178,0.4996536
0.27249663,0.67989442,0.24564123,0.50534183,-0.49961254,0.49534107,0.49965405
0.27249531,0.67989461,0.24564133,0.50534227,-0.49961235,0.49534035,0.49965451
0.272494,0.67989481,0.24564143,0.50534271,-0.49961215,0.49533964,0.49965496
0.27249268,0.67989501,0.24564153,0.50534315,-0.49961195,0.49533893,0.49965542
0.27249137,0.67989521,0.24564164,0.50534359,-0.49961175,0.49533822,0.49965588
0.27249007,0.67989541,0.24564174,0.50534404,-0.49961155,0.49533751,0.49965633
0.27248876,0.67989561,0.24564184,0.50534448,-0.49961135,0.4953368,0.49965679
0.27248746,0.67989581,0.24564194,0.50534493,-0.49961115,0.49533609,0.49965724
0.27248617,0.67989602,0.24564204,0.50534537,-0.49961095,0.49533538,0.4996577
0.27248488,0.67989623,0.24564215,0.50534582,-0.49961075,0.49533466,0.49965816
0.27248359,0.67989644,0.24564225,0.50534627,-0.49961055,0.49533395,0.49965861
0.2724823,0.67989665,0.24564235,0.50534671,-0.49961034,0.49533324,0.49965907
0.27248102,0.67989686,0.24564245,0.50534716,-0.49961014,0.49533253,0.49965953
0.27247974,0.67989708,0.24564256,0.50534761,-0.49960993,0.49533181,0.49965998
0.27247847,0.67989729,0.24564266,0.50534806,-0.49960973,0.4953311,0.49966044
0.2724772,0.67989751,0.24564277,0.50534852,-0.49960952,0.49533039,0.49966089
0.27247593,0.67989773,0.24564287,0.50534897,-0.49960931,0.49532968,0.49966135
0.27247467,0.67989795,0.24564297,0.50534942,-0.4996091,0.49532896,0.49966181
0.27247341,0.67989818,0.24564308,0.50534988,-0.4996089,0.49532825,0.49966226
0.27247215,0.6798984,0.24564318,0.50535033,-0.49960869,0.49532753,0.49966272
0.2724709,0.67989863,0.24564329,0.50535079,-0.49960848,0.49532682,0.49966318
0.27246965,0.67989886,0.24564339,0.50535125,-0.49960826,0.49532611,0.49966364
0.27246841,0.67989909,0.2456435,0.50535171,-0.49960805,0.49532539,0.49966409
0.27246717,0.67989932,0.24564361,0.50535216,-0.49960784,0.49532468,0.49966455
0.27246593,0.67989956,0.24564371,0.50535262,-0.49960763,0.49532396,0.49966501
0.2724647,0.67989979,0.24564382,0.50535308,-0.49960741,0.49532325,0.49966546
0.27246347,0.67990003,0.24564393,0.50535355,-0.4996072,0.49532253,0.49966592
0.27246224,0.67990027,0.24564403,0.50535401,-0.49960698,0.49532182,0.49966638
0.27246102,0.67990051,0.24564414,0.50535447,-0.49960676,0.4953211,0.49966683
0.2724598,0.67990075,0.24564425,0.50535494,-0.49960655,0.49532039,0.49966729
0.27245858,0.679901,0.24564435,0.5053554,-0.49960633,0.49531967,0.49966775
0.27245737,0.67990125,0.24564446,0.50535587,-0.49960611,0.49531895,0.49966821
0.27245616,0.67990149,0.24564457,0.50535633,-0.49960589,0.49531824,0.49966866
0.27245496,0.67990174,0.24564468,0.5053568,-0.49960567,0.49531752,0.49966912
0.27245376,0.679902,0.24564479,0.50535727,-0.49960545,0.49531681,0.49966958
0.27245256,0.67990225,0.2456449,0.50535774,-0.49960523,0.49531609,0.49967004
0.27245137,0.6799025,0.24564501,0.50535821,-0.49960501,0.49531537,0.49967049
0.27245018,0.67990276,0.24564511,0.50535868,-0.49960478,0.49531466,0.49967095
0.27244899,0.67990302,0.24564522,0.50535915,-0.49960456,0.49531394,0.49967141
0.27244781,0.67990328,0.24564533,0.50535962,-0.49960433,0.49531322,0.49967187
0.27244663,0.67990354,0.24564544,0.5053601,-0.49960411,0.4953125,0.49967232
0.27244546,0.67990381,0.24564555,0.50536057,-0.49960388,0.49531179,0.49967278
0.27244429,0.67990407,0.24564567,0.50536104,-0.49960366,0.49531107,0.49967324
0.27244312,0.67990434,0.24564578,0.50536152,-0.49960343,0.49531035,0.4996737
0.27244196,0.67990461,0.24564589,0.505362,-0.4996032,0.49530963,0.49967416
0.2724408,0.67990488,0.245646,0.50536247,-0.49960297,0.49530891,0.49967461
0.27243964,0.67990515,0.24564611,0.50536295,-0.49960274,0.4953082,0.49967507
0.27243849,0.67990543,0.24564622,0.50536343,-0.49960251,0.49530748,0.49967553
0.27243734,0.67990571,0.24564633,0.50536391,-0.49960228,0.49530676,0.49967599
0.2724362,0.67990598,0.24564645,0.50536439,-0.49960205,0.49530604,0.49967645
0.27243505,0.67990626,0.24564656,0.50536487,-0.49960182,0.49530532,0.4996769
0.27243392,0.67990655,0.24564667,0.50536535,-0.49960159,0.4953046,0.49967736
0.27243278,0.67990683,0.24564678,0.50536583,-0.49960135,0.49530388,0.49967782
0.27243165,0.67990711,0.2456469,0.50536632,-0.49960112,0.49530317,0.49967828
0.27243053,0.6799074,0.24564701,0.5053668,-0.49960088,0.49530245,0.49967874
0.27242941,0.67990769,0.24564713,0.50536729,-0.49960065,0.49530173,0.4996792
0.27242829,0.67990798,0.24564724,0.50536777,-0.49960041,0.49530101,0.49967965
0.27242717,0.67990827,0.24564735,0.50536826,-0.49960017,0.49530029,0.49968011
0.27242606,0.67990857,0.24564747,0.50536875,-0.49959994,0.49529957,0.49968057
0.27242496,0.67990887,0.24564758,0.50536923,-0.4995997,0.49529885,0.49968103
0.27242385,0.67990916,0.2456477,0.50536972,-0.49959946,0.49529813,0.49968149
0.27242276,0.67990946,0.24564781,0.50537021,-0.49959922,0.49529741,0.49968195
0.27242166,0.67990976,0.24564793,0.5053707,-0.49959898,0.49529669,0.49968241
0.27242057,0.67991007,0.24564804,0.50537119,-0.49959874,0.49529597,0.49968286
0.27241948,0.67991037,0.24564816,0.50537168,-0.4995985,0.49529524,0.49968332
0.2724184,0.67991068,0.24564828,0.50537217,-0.49959826,0.49529452,0.49968378
0.27241732,0.67991099,0.24564839,0.50537267,-0.49959801,0.4952938,0.49968424
0.27241624,0.6799113,0.24564851,0.50537316,-0.49959777,0.49529308,0.4996847
0.27241517,0.67991161,0.24564863,0.50537366,-0.49959753,0.49529236,0.49968516
0.2724141,0.67991193,0.24564874,0.50537415,-0.49959728,0.49529164,0.49968562
0.27241304,0.67991224,0.24564886,0.50537465,-0.49959704,0.49529092,0.49968608
0.27241198,0.67991256,0.24564898,0.50537514,-0.49959679,0.4952902,0.49968654
0.27241092,0.67991288,0.24564909,0.50537564,-0.49959654,0.49528947,0.49968699
0.27240987,0.6799132,0.24564921,0.50537614,-0.4995963,0.49528875,0.49968745
0.27240882,0.67991353,0.24564933,0.50537663,-0.49959605,0.49528803,0.49968791
0.27240777,0.67991385,0.24564945,0.50537713,-0.4995958,0.49528731,0.49968837
0.27240673,0.67991418,0.24564957,0.50537763,-0.49959555,0.49528659,0.49968883
0.27240569,0.67991451,0.24564969,0.50537813,-0.4995953,0.49528587,0.49968929
0.27240466,0.67991484,0.24564981,0.50537864,-0.49959505,0.49528514,0.49968975
0.27240363,0.67991517,0.24564993,0.50537914,-0.4995948,0.49528442,0.49969021
0.2724026,0.6799155,0.24565005,0.50537964,-0.49959455,0.4952837,0.49969067
0.27240158,0.67991584,0.24565017,0.50538014,-0.4995943,0.49528298,0.49969113
0.27240056,0.67991618,0.24565029,0.50538065,-0.49959404,0.49528225,0.49969159
0.27239955,0.67991652,0.24565041,0.50538115,-0.49959379,0.49528153,0.49969205
0.27239854,0.67991686,0.24565053,0.50538166,-0.49959354,0.49528081,0.49969251
0.27239753,0.6799172,0.24565065,0.50538216,-0.49959328,0.49528008,0.49969297
0.27239653,0.67991755,0.24565077,0.50538267,-0.49959303,0.49527936,0.49969343
0.27239553,0.67991789,0.24565089,0.50538317,-0.49959277,0.49527864,0.49969389
0.27239453,0.67991824,0.24565101,0.50538368,-0.49959252,0.49527791,0.49969435
0.27239354,0.67991859,0.24565113,0.50538419,-0.49959226,0.49527719,0.49969481
0.27239255,0.67991895,0.24565125,0.5053847,-0.499592,0.49527647,0.49969527
0.27239157,0.6799193,0.24565138,0.50538521,-0.49959174,0.49527574,0.49969573
0.27239059,0.67991966,0.2456515,0.50538572,-0.49959149,0.49527502,0.49969619
0.27238962,0.67992001,0.24565162,0.50538623,-0.49959123,0.4952743,0.49969665
0.27238865,0.67992037,0.24565174,0.50538674,-0.49959097,0.49527357,0.49969711
0.27238768,0.67992074,0.24565187,0.50538725,-0.49959071,0.49527285,0.49969757
0.27238671,0.6799211,0.24565199,0.50538776,-0.49959044,0.49527213,0.49969803
0.27238575,0.67992147,0.24565211,0.50538828,-0.49959018,0.4952714,0.49969849
0.2723848,0.67992183,0.24565224,0.50538879,-0.49958992,0.49527068,0.49969895
0.27238385,0.6799222,0.24565236,0.5053893,-0.49958966,0.49526995,0.49969941
0.2723829,0.67992257,0.24565248,0.50538982,-0.4995894,0.49526923,0.49969987
0.27238195,0.67992295,0.24565261,0.50539033,-0.49958913,0.4952685,0.49970033
0.27238101,0.67992332,0.24565273,0.50539085,-0.49958887,0.49526778,0.49970079
0.27238008,0.6799237,0.24565286,0.50539137,-0.4995886,0.49526706,0.49970125
0.27237914,0.67992407,0.24565298,0.50539188,-0.49958834,0.49526633,0.49970171
0.27237822,0.67992445,0.24565311,0.5053924,-0.49958807,0.49526561,0.49970217
0.27237729,0.67992484,0.24565323,0.50539292,-0.49958781,0.49526488,0.49970263
0.27237637,0.67992522,0.24565336,0.50539344,-0.49958754,0.49526416,0.49970309
0.27237545,0.67992561,0.24565349,0.50539396,-0.49958727,0.49526343,0.49970355
0.27237454,0.67992599,0.24565361,0.50539448,-0.499587,0.49526271,0.49970401
0.27237363,0.67992638,0.24565374,0.505395,-0.49958673,0.49526198,0.49970448
0.27237273,0.67992677,0.24565386,0.50539552,-0.49958646,0.49526126,0.49970494
0.27237183,0.67992717,0.24565399,0.50539604,-0.4995862,0.49526053,0.4997054
0.27237093,0.67992756,0.24565412,0.50539656,-0.49958592,0.49525981,0.49970586
0.27237004,0.67992796,0.24565425,0.50539708,-0.49958565,0.49525908,0.49970632
0.27236915,0.67992836,0.24565437,0.50539761,-0.49958538,0.49525836,0.49970678
0.27236826,0.67992876,0.2456545,0.50539813,-0.49958511,0.49525763,0.49970724
0.27236738,0.67992916,0.24565463,0.50539865,-0.49958484,0.49525691,0.4997077
0.2723665,0.67992956,0.24565476,0.50539918,-0.49958457,0.49525618,0.49970816
0.27236563,0.67992997,0.24565488,0.5053997,-0.49958429,0.49525545,0.49970863
0.27236476,0.67993038,0.24565501,0.50540023,-0.49958402,0.49525473,0.49970909
0.2723639,0.67993079,0.24565514,0.50540075,-0.49958374,0.495254,0.49970955
0.27236303,0.6799312,0.24565527,0.50540128,-0.49958347,0.49525328,0.49971001
0.27236218,0.67993161,0.2456554,0.50540181,-0.49958319,0.49525255,0.49971047
0.27236132,0.67993203,0.24565553,0.50540233,-0.49958292,0.49525183,0.49971093
0.27236047,0.67993245,0.24565566,0.50540286,-0.49958264,0.4952511,0.49971139
0.27235963,0.67993287,0.24565579,0.50540339,-0.49958237,0.49525037,0.49971186
0.27235879,0.67993329,0.24565592,0.50540392,-0.49958209,0.49524965,0.49971232
0.27235795,0.67993371,0.24565605,0.50540445,-0.49958181,0.49524892,0.49971278
0.27235712,0.67993413,0.24565618,0.50540498,-0.49958153,0.4952482,0.49971324
0.27235629,0.67993456,0.24565631,0.50540551,-0.49958125,0.49524747,0.4997137
0.27235546,0.67993499,0.24565644,0.50540604,-0.49958097,0.49524675,0.49971417
0.27235464,0.67993542,0.24565657,0.50540657,-0.49958069,0.49524602,0.49971463
0.27235382,0.67993585,0.2456567,0.5054071,-0.49958041,0.49524529,0.49971509
0.27235301,0.67993629,0.24565683,0.50540763,-0.49958013,0.49524457,0.49971555
0.2723522,0.67993672,0.24565696,0.50540817,-0.49957985,0.49524384,0.49971601
0.27235139,0.67993716,0.2456571,0.5054087,-0.49957957,0.49524311,0.49971648
0.27235059,0.6799376,0.24565723,0.50540923,-0.49957929,0.49524239,0.49971694
0.27234979,0.67993804,0.24565736,0.50540977,-0.49957901,0.49524166,0.4997174
0.272349,0.67993848,0.24565749,0.5054103,-0.49957872,0.49524094,0.49971786
0.27234821,0.67993893,0.24565763,0.50541083,-0.49957844,0.49524021,0.49971833
0.27234742,0.67993938,0.24565776,0.50541137,-0.49957816,0.49523948,0.49971879
0.27234664,0.67993983,0.24565789,0.5054119,-0.49957787,0.49523876,0.49971925
0.27234586,0.67994028,0.24565802,0.50541244,-0.49957759,0.49523803,0.49971971
0.27234509,0.67994073,0.24565816,0.50541298,-0.4995773,0.49523731,0.49972018
0.27234432,0.67994118,0.24565829,0.50541351,-0.49957701,0.49523658,0.49972064
0.27234355,0.67994164,0.24565842,0.50541405,-0.49957673,0.49523585,0.4997211
0.27234279,0.6799421,0.24565856,0.50541459,-0.49957644,0.49523513,0.49972157
0.27234203,0.67994256,0.24565869,0.50541512,-0.49957615,0.4952344,0.49972203
0.27234128,0.67994302,0.24565883,0.50541566,-0.49957587,0.49523367,0.49972249
0.27234053,0.67994349,0.24565896,0.5054162,-0.49957558,0.49523295,0.49972296
0.27233978,0.67994395,0.2456591,0.50541674,-0.49957529,0.49523222,0.49972342
0.27233904,0.67994442,0.24565923,0.50541728,-0.499575,0.49523149,0.49972388
0.2723383,0.67994489,0.24565937,0.50541782,-0.49957471,0.49523077,0.49972434
0.27233757,0.67994536,0.2456595,0.50541836,-0.49957442,0.49523004,0.49972481
0.27233684,0.67994584,0.24565964,0.5054189,-0.49957413,0.49522932,0.49972527
0.27233611,0.67994631,0.24565977,0.50541944,-0.49957384,0.49522859,0.49972574
0.27233539,0.67994679,0.24565991,0.50541998,-0.49957355,0.49522786,0.4997262
0.27233467,0.67994727,0.24566005,0.50542052,-0.49957326,0.49522714,0.49972666
0.27233396,0.67994775,0.24566018,0.50542106,-0.49957297,0.49522641,0.49972713
0.27233325,0.67994823,0.24566032,0.5054216,-0.49957268,0.49522568,0.49972759
0.27233254,0.67994872,0.24566046,0.50542215,-0.49957238,0.49522496,0.49972805
0.27233184,0.6799492,0.24566059,0.50542269,-0.49957209,0.49522423,0.49972852
0.27233114,0.67994969,0.24566073,0.50542323,-0.4995718,0.49522351,0.49972898
0.27233045,0.67995018,0.24566087,0.50542378,-0.4995715,0.49522278,0.49972945
0.27232976,0.67995068,0.245661,0.50542432,-0.49957121,0.49522205,0.49972991
0.27232907,0.67995117,0.24566114,0.50542486,-0.49957092,0.49522133,0.49973037
0.27232839,0.67995167,0.24566128,0.50542541,-0.49957062,0.4952206,0.49973084
0.27232771,0.67995216,0.24566142,0.50542595,-0.49957032,0.49521987,0.4997313
0.27232704,0.67995266,0.24566156,0.5054265,-0.49957003,0.49521915,0.49973177
0.27232637,0.67995317,0.24566169,0.50542704,-0.49956973,0.49521842,0.49973223
0.2723257,0.67995367,0.24566183,0.50542759,-0.49956944,0.4952177,0.4997327
0.27232504,0.67995418,0.24566197,0.50542813,-0.49956914,0.49521697,0.49973316
0.27232438,0.67995468,0.24566211,0.50542868,-0.49956884,0.49521624,0.49973363
0.27232373,0.67995519,0.24566225,0.50542922,-0.49956854,0.49521552,0.49973409
0.27232308,0.6799557,0.24566239,0.50542977,-0.49956825,0.49521479,0.49973455
0.27232243,0.67995622,0.24566253,0.50543031,-0.49956795,0.49521407,0.49973502
0.27232179,0.67995673,0.24566267,0.50543086,-0.49956765,0.49521334,0.49973548
0.27232115,0.67995725,0.24566281,0.50543141,-0.49956735,0.49521261,0.49973595
0.27232052,0.67995777,0.24566295,0.50543196,-0.49956705,0.49521189,0.49973642
0.27231989,0.67995829,0.24566309,0.5054325,-0.49956675,0.49521116,0.49973688
0.27231926,0.67995881,0.24566323,0.50543305,-0.49956645,0.49521044,0.49973735
0.27231864,0.67995934,0.24566337,0.5054336,-0.49956615,0.49520971,0.49973781
0.27231802,0.67995986,0.24566351,0.50543415,-0.49956585,0.49520899,0.49973828
0.27231741,0.67996039,0.24566365,0.5054347,-0.49956555,0.49520826,0.49973874
0.2723168,0.67996092,0.24566379,0.50543524,-0.49956525,0.49520754,0.49973921
0.27231619,0.67996145,0.24566393,0.50543579,-0.49956494,0.49520681,0.49973967
0.27231559,0.67996199,0.24566408,0.50543634,-0.49956464,0.49520608,0.49974014
0.27231499,0.67996252,0.24566422,0.50543689,-0.49956434,0.49520536,0.4997406
0.2723144,0.67996306,0.24566436,0.50543744,-0.49956404,0.49520463,0.49974107
0.27231381,0.6799636,0.2456645,0.50543799,-0.49956373,0.49520391,0.49974154
0.27231322,0.67996414,0.24566464,0.50543854,-0.49956343,0.49520318,0.499742
0.27231264,0.67996469,0.24566479,0.50543909,-0.49956313,0.49520246,0.49974247
0.27231206,0.67996523,0.24566493,0.50543964,-0.49956282,0.49520173,0.49974293
0.27231148,0.67996578,0.24566507,0.50544019,-0.49956252,0.49520101,0.4997434
0.27231091,0.67996633,0.24566521,0.50544074,-0.49956221,0.49520028,0.49974387
0.27231035,0.67996688,0.24566536,0.50544129,-0.49956191,0.49519956,0.49974433
0.27230979,0.67996743,0.2456655,0.50544184,-0.4995616,0.49519883,0.4997448
0.27230923,0.67996799,0.24566564,0.50544239,-0.4995613,0.49519811,0.49974527
0.27230867,0.67996855,0.24566579,0.50544294,-0.49956099,0.49519738,0.49974573
0.27230812,0.67996911,0.24566593,0.5054435,-0.49956068,0.49519666,0.4997462
0.27230758,0.67996967,0.24566607,0.50544405,-0.49956038,0.49519593,0.49974667
0.27230703,0.67997023,0.24566622,0.5054446,-0.49956007,0.49519521,0.49974713
0.2723065,0.67997079,0.24566636,0.50544515,-0.49955976,0.49519449,0.4997476
0.27230596,0.67997136,0.24566651,0.5054457,-0.49955945,0.49519376,0.49974807
0.27230543,0.67997193,0.24566665,0.50544625,-0.49955915,0.49519304,0.49974854
0.27230491,0.6799725,0.2456668,0.50544681,-0.49955884,0.49519231,0.499749
0.27230438,0.67997307,0.24566694,0.50544736,-0.49955853,0.49519159,0.49974947
0.27230386,0.67997364,0.24566709,0.50544791,-0.49955822,0.49519087,0.49974994
0.27230335,0.67997422,0.24566723,0.50544846,-0.49955791,0.49519014,0.49975041
0.27230284,0.6799748,0.24566738,0.50544902,-0.4995576,0.49518942,0.49975087
0.27230233,0.67997538,0.24566752,0.50544957,-0.49955729,0.49518869,0.49975134
0.27230183,0.67997596,0.24566767,0.50545012,-0.49955698,0.49518797,0.49975181
0.27230133,0.67997654,0.24566781,0.50545067,-0.49955667,0.49518725,0.49975228
0.27230084,0.67997713,0.24566796,0.50545123,-0.49955636,0.49518652,0.49975275
0.27230035,0.67997772,0.24566811,0.50545178,-0.49955605,0.4951858,0.49975321
0.27229986,0.6799783,0.24566825,0.50545233,-0.49955574,0.49518508,0.49975368
0.27229938,0.6799789,0.2456684,0.50545289,-0.49955543,0.49518435,0.49975415
0.2722989,0.67997949,0.24566854,0.50545344,-0.49955512,0.49518363,0.49975462
0.27229842,0.67998008,0.24566869,0.50545399,-0.4995548,0.49518291,0.49975509
0.27229795,0.67998068,0.24566884,0.50545455,-0.49955449,0.49518219,0.49975556
0.27229749,0.67998128,0.24566899,0.5054551,-0.49955418,0.49518146,0.49975602
0.27229702,0.67998188,0.24566913,0.50545565,-0.49955387,0.49518074,0.49975649
0.27229656,0.67998248,0.24566928,0.50545621,-0.49955355,0.49518002,0.49975696
0.27229611,0.67998309,0.24566943,0.50545676,-0.49955324,0.4951793,0.49975743
0.27229566,0.67998369,0.24566958,0.50545731,-0.49955293,0.49517857,0.4997579
0.27229521,0.6799843,0.24566972,0.50545787,-0.49955261,0.49517785,0.49975837
0.27229477,0.67998491,0.24566987,0.50545842,-0.4995523,0.49517713,0.49975884
0.27229433,0.67998552,0.24567002,0.50545897,-0.49955198,0.49517641,0.49975931
0.27229389,0.67998614,0.24567017,0.50545953,-0.49955167,0.49517569,0.49975978
0.27229346,0.67998675,0.24567032,0.50546008,-0.49955135,0.49517497,0.49976025
0.27229303,0.67998737,0.24567046,0.50546063,-0.49955104,0.49517424,0.49976072
0.27229261,0.67998799,0.24567061,0.50546119,-0.49955072,0.49517352,0.49976119
0.27229219,0.67998861,0.24567076,0.50546174,-0.49955041,0.4951728,0.49976166
0.27229178,0.67998923,0.24567091,0.5054623,-0.49955009,0.49517208,0.49976213
0.27229136,0.67998986,0.24567106,0.50546285,-0.49954978,0.49517136,0.4997626
0.27229096,0.67999048,0.24567121,0.5054634,-0.49954946,0.49517064,0.49976307
0.27229055,0.67999111,0.24567136,0.50546396,-0.49954914,0.49516992,0.49976354
0.27229015,0.67999174,0.24567151,0.50546451,-0.49954883,0.4951692,0.49976401
0.27228976,0.67999238,0.24567166,0.50546506,-0.49954851,0.49516848,0.49976448
0.27228937,0.67999301,0.24567181,0.50546562,-0.49954819,0.49516776,0.49976495
0.27228898,0.67999365,0.24567196,0.50546617,-0.49954788,0.49516704,0.49976542
0.27228859,0.67999429,0.24567211,0.50546672,-0.49954756,0.49516632,0.49976589
0.27228821,0.67999493,0.24567226,0.50546728,-0.49954724,0.4951656,0.49976636
0.27228784,0.67999557,0.24567241,0.50546783,-0.49954692,0.49516488,0.49976683
0.27228746,0.67999621,0.24567256,0.50546838,-0.49954661,0.49516416,0.4997673
0.2722871,0.67999686,0.24567271,0.50546894,-0.49954629,0.49516344,0.49976778
0.27228673,0.67999751,0.24567286,0.50546949,-0.49954597,0.49516272,0.49976825
0.27228637,0.67999815,0.24567301,0.50547004,-0.49954565,0.495162,0.49976872
0.27228601,0.67999881,0.24567316,0.5054706,-0.49954533,0.49516128,0.49976919
0.27228566,0.67999946,0.24567331,0.50547115,-0.49954501,0.49516056,0.49976966
0.27228531,0.68000011,0.24567347,0.5054717,-0.49954469,0.49515984,0.49977013
0.27228497,0.68000077,0.24567362,0.50547226,-0.49954437,0.49515913,0.49977061
0.27228463,0.68000143,0.24567377,0.50547281,-0.49954405,0.49515841,0.49977108
0.27228429,0.68000209,0.24567392,0.50547336,-0.49954373,0.49515769,0.49977155
0.27228396,0.68000275,0.24567407,0.50547391,-0.49954341,0.49515697,0.49977202
0.27228363,0.68000342,0.24567422,0.50547447,-0.49954309,0.49515625,0.49977249
0.2722833,0.68000408,0.24567438,0.50547502,-0.49954277,0.49515554,0.49977297
0.27228298,0.68000475,0.24567453,0.50547557,-0.49954245,0.49515482,0.49977344
0.27228266,0.68000542,0.24567468,0.50547612,-0.49954213,0.4951541,0.49977391
0.27228235,0.68000609,0.24567483,0.50547667,-0.49954181,0.49515338,0.49977439
0.27228204,0.68000677,0.24567499,0.50547723,-0.49954149,0.49515267,0.49977486
0.27228173,0.68000744,0.24567514,0.50547778,-0.49954117,0.49515195,0.49977533
0.27228143,0.68000812,0.24567529,0.50547833,-0.49954085,0.49515123,0.49977581
0.27228113,0.6800088,0.24567545,0.50547888,-0.49954052,0.49515052,0.49977628
0.27228084,0.68000948,0.2456756,0.50547943,-0.4995402,0.4951498,0.49977675
0.27228055,0.68001017,0.24567575,0.50547998,-0.49953988,0.49514909,0.49977723
0.27228026,0.68001085,0.24567591,0.50548054,-0.49953956,0.49514837,0.4997777
0.27227998,0.68001154,0.24567606,0.50548109,-0.49953924,0.49514766,0.49977817
0.2722797,0.68001223,0.24567621,0.50548164,-0.49953891,0.49514694,0.49977865
0.27227942,0.68001292,0.24567637,0.50548219,-0.49953859,0.49514622,0.49977912
0.27227915,0.68001361,0.24567652,0.50548274,-0.49953827,0.49514551,0.4997796
0.27227888,0.6800143,0.24567667,0.50548329,-0.49953794,0.4951448,0.49978007
0.27227862,0.680015,0.24567683,0.50548384,-0.49953762,0.49514408,0.49978055
0.27227836,0.6800157,0.24567698,0.50548439,-0.4995373,0.49514337,0.49978102
0.2722781,0.6800164,0.24567714,0.50548494,-0.49953697,0.49514265,0.4997815
0.27227785,0.6800171,0.24567729,0.50548549,-0.49953665,0.49514194,0.49978197
0.2722776,0.6800178,0.24567745,0.50548604,-0.49953633,0.49514122,0.49978245
0.27227736,0.68001851,0.2456776,0.50548659,-0.499536,0.49514051,0.49978292
0.27227712,0.68001921,0.24567776,0.50548713,-0.49953568,0.4951398,0.4997834
0.27227688,0.68001992,0.24567791,0.50548768,-0.49953536,0.49513908,0.49978387
0.27227665,0.68002063,0.24567807,0.50548823,-0.49953503,0.49513837,0.49978435
0.27227642,0.68002135,0.24567822,0.50548878,-0.49953471,0.49513766,0.49978482
0.27227619,0.68002206,0.24567838,0.50548933,-0.49953438,0.49513695,0.4997853
0.27227597,0.68002278,0.24567853,0.50548988,-0.49953406,0.49513623,0.49978578
0.27227575,0.6800235,0.24567869,0.50549042,-0.49953373,0.49513552,0.49978625
0.27227554,0.68002422,0.24567884,0.50549097,-0.49953341,0.49513481,0.49978673
0.27227533,0.68002494,0.245679,0.50549152,-0.49953308,0.4951341,0.4997872
0.27227512,0.68002566,0.24567915,0.50549206,-0.49953276,0.49513339,0.49978768
0.27227492,0.68002639,0.24567931,0.50549261,-0.49953243,0.49513268,0.49978816
0.27227472,0.68002711,0.24567946,0.50549316,-0.49953211,0.49513197,0.49978863
0.27227453,0.68002784,0.24567962,0.5054937,-0.49953178,0.49513126,0.49978911
0.27227433,0.68002857,0.24567978,0.50549425,-0.49953146,0.49513054,0.49978959
0.27227415,0.68002931,0.24567993,0.50549479,-0.49953113,0.49512983,0.49979007
0.27227396,0.68003004,0.24568009,0.50549534,-0.4995308,0.49512912,0.49979054
0.27227378,0.68003078,0.24568025,0.50549588,-0.49953048,0.49512841,0.49979102
0.27227361,0.68003152,0.2456804,0.50549643,-0.49953015,0.49512771,0.4997915
0.27227343,0.68003226,0.24568056,0.50549697,-0.49952983,0.495127,0.49979198
0.27227326,0.680033,0.24568072,0.50549752,-0.4995295,0.49512629,0.49979245
0.2722731,0.68003374,0.24568087,0.50549806,-0.49952917,0.49512558,0.49979293
0.27227294,0.68003449,0.24568103,0.50549861,-0.49952885,0.49512487,0.49979341
0.27227278,0.68003524,0.24568119,0.50549915,-0.49952852,0.49512416,0.49979389
0.27227263,0.68003598,0.24568134,0.50549969,-0.49952819,0.49512345,0.49979437
0.27227248,0.68003674,0.2456815,0.50550023,-0.49952787,0.49512275,0.49979485
0.27227233,0.68003749,0.24568166,0.50550078,-0.49952754,0.49512204,0.49979533
0.27227219,0.68003824,0.24568182,0.50550132,-0.49952721,0.49512133,0.49979581
0.27227205,0.680039,0.24568197,0.50550186,-0.49952689,0.49512062,0.49979628
0.27227191,0.68003976,0.24568213,0.5055024,-0.49952656,0.49511992,0.49979676
0.27227178,0.68004052,0.24568229,0.50550294,-0.49952623,0.49511921,0.49979724
0.27227166,0.68004128,0.24568245,0.50550348,-0.4995259,0.49511851,0.49979772
0.27227153,0.68004204,0.2456826,0.50550402,-0.49952558,0.4951178,0.4997982
0.27227141,0.68004281,0.24568276,0.50550456,-0.49952525,0.49511709,0.49979868
0.2722713,0.68004357,0.24568292,0.5055051,-0.49952492,0.49511639,0.49979916
0.27227118,0.68004434,0.24568308,0.50550564,-0.49952459,0.49511568,0.49979964
0.27227107,0.68004511,0.24568324,0.50550618,-0.49952427,0.49511498,0.49980012
0.27227097,0.68004589,0.24568339,0.50550672,-0.49952394,0.49511427,0.49980061
0.27227087,0.68004666,0.24568355,0.50550726,-0.49952361,0.49511357,0.49980109
0.27227077,0.68004744,0.24568371,0.5055078,-0.49952328,0.49511287,0.49980157
0.27227067,0.68004821,0.24568387,0.50550834,-0.49952295,0.49511216,0.49980205
0.27227058,0.68004899,0.24568403,0.50550887,-0.49952263,0.49511146,0.49980253
0.2722705,0.68004978,0.24568419,0.50550941,-0.4995223,0.49511076,0.49980301
0.27227041,0.68005056,0.24568434,0.50550995,-0.49952197,0.49511005,0.49980349
0.27227033,0.68005134,0.2456845,0.50551048,-0.49952164,0.49510935,0.49980397
0.27227026,0.68005213,0.24568466,0.50551102,-0.49952131,0.49510865,0.49980446
0.27227018,0.68005292,0.24568482,0.50551155,-0.49952099,0.49510795,0.49980494
0.27227012,0.68005371,0.24568498,0.50551209,-0.49952066,0.49510724,0.49980542
0.27227005,0.6800545,0.24568514,0.50551262,-0.49952033,0.49510654,0.4998059
0.27226999,0.68005529,0.2456853,0.50551316,-0.49952,0.49510584,0.49980639
0.27226993,0.68005609,0.24568546,0.50551369,-0.49951967,0.49510514,0.49980687
0.27226988,0.68005689,0.24568562,0.50551422,-0.49951934,0.49510444,0.49980735
0.27226983,0.68005769,0.24568578,0.50551476,-0.49951901,0.49510374,0.49980784
0.27226978,0.68005849,0.24568594,0.50551529,-0.49951869,0.49510304,0.49980832
0.27226974,0.68005929,0.2456861,0.50551582,-0.49951836,0.49510234,0.4998088
0.2722697,0.68006009,0.24568625,0.50551635,-0.49951803,0.49510164,0.49980929
0.27226966,0.6800609,0.24568641,0.50551688,-0.4995177,0.49510094,0.49980977
0.27226963,0.68006171,0.24568657,0.50551741,-0.49951737,0.49510024,0.49981025
0.2722696,0.68006252,0.24568673,0.50551794,-0.49951704,0.49509955,0.49981074
0.27226957,0.68006333,0.24568689,0.50551847,-0.49951671,0.49509885,0.49981122
0.27226955,0.68006414,0.24568705,0.505519,-0.49951638,0.49509815,0.49981171
0.27226953,0.68006495,0.24568721,0.50551953,-0.49951605,0.49509745,0.49981219
0.27226952,0.68006577,0.24568737,0.50552006,-0.49951572,0.49509676,0.49981268
0.27226951,0.68006659,0.24568753,0.50552059,-0.4995154,0.49509606,0.49981316
0.2722695,0.68006741,0.24568769,0.50552112,-0.49951507,0.49509536,0.49981365
0.2722695,0.68006823,0.24568785,0.50552164,-0.49951474,0.49509467,0.49981413
0.2722695,0.68006905,0.24568801,0.50552217,-0.49951441,0.49509397,0.49981462
0.2722695,0.68006988,0.24568817,0.5055227,-0.49951408,0.49509328,0.4998151
0.27226951,0.6800707,0.24568833,0.50552322,-0.49951375,0.49509258,0.49981559
0.27226952,0.68007153,0.24568849,0.50552375,-0.49951342,0.49509189,0.49981608
0.27226953,0.68007236,0.24568866,0.50552427,-0.49951309,0.49509119,0.49981656
0.27226955,0.68007319,0.24568882,0.50552479,-0.49951276,0.4950905,0.49981705
0.27226957,0.68007403,0.24568898,0.50552532,-0.49951243,0.4950898,0.49981754
0.2722696,0.68007486,0.24568914,0.50552584,-0.4995121,0.49508911,0.49981802
0.27226962,0.6800757,0.2456893,0.50552636,-0.49951177,0.49508842,0.49981851
0.27226966,0.68007654,0.24568946,0.50552689,-0.49951144,0.49508772,0.499819
0.27226969,0.68007738,0.24568962,0.50552741,-0.49951111,0.49508703,0.49981949
0.27226973,0.68007822,0.24568978,0.50552793,-0.49951078,0.49508634,0.49981997
0.27226977,0.68007906,0.24568994,0.50552845,-0.49951045,0.49508565,0.49982046
0.27226982,0.68007991,0.2456901,0.50552897,-0.49951013,0.49508496,0.49982095
0.27226987,0.68008075,0.24569026,0.50552949,-0.4995098,0.49508427,0.49982144
0.27226992,0.6800816,0.24569042,0.50553001,-0.49950947,0.49508358,0.49982193
0.27226997,0.68008245,0.24569058,0.50553053,-0.49950914,0.49508289,0.49982241
0.27227003,0.68008331,0.24569075,0.50553104,-0.49950881,0.4950822,0.4998229
0.2722701,0.68008416,0.24569091,0.50553156,-0.49950848,0.49508151,0.49982339
0.27227016,0.68008501,0.24569107,0.50553208,-0.49950815,0.49508082,0.49982388
0.27227023,0.68008587,0.24569123,0.50553259,-0.49950782,0.49508013,0.49982437
0.27227031,0.68008673,0.24569139,0.50553311,-0.49950749,0.49507944,0.49982486
0.27227038,0.68008759,0.24569155,0.50553363,-0.49950716,0.49507875,0.49982535
0.27227046,0.68008845,0.24569171,0.50553414,-0.49950683,0.49507806,0.49982584
0.27227055,0.68008931,0.24569187,0.50553465,-0.4995065,0.49507738,0.49982633
0.27227064,0.68009018,0.24569203,0.50553517,-0.49950617,0.49507669,0.49982682
0.27227073,0.68009105,0.2456922,0.50553568,-0.49950584,0.495076,0.49982731
0.27227082,0.68009191,0.24569236,0.50553619,-0.49950551,0.49507532,0.4998278
0.27227092,0.68009278,0.24569252,0.5055367,-0.49950518,0.49507463,0.49982829
0.27227102,0.68009366,0.24569268,0.50553722,-0.49950485,0.49507395,0.49982879
0.27227112,0.68009453,0.24569284,0.50553773,-0.49950452,0.49507326,0.49982928
0.27227123,0.6800954,0.245693,0.50553824,-0.49950419,0.49507258,0.49982977
0.27227134,0.68009628,0.24569316,0.50553874,-0.49950386,0.49507189,0.49983026
0.27227146,0.68009716,0.24569333,0.50553925,-0.49950353,0.49507121,0.49983075
0.27227157,0.68009804,0.24569349,0.50553976,-0.4995032,0.49507052,0.49983125
0.2722717,0.68009892,0.24569365,0.50554027,-0.49950287,0.49506984,0.49983174
0.27227182,0.6800998,0.24569381,0.50554078,-0.49950255,0.49506916,0.49983223
0.27227195,0.68010069,0.24569397,0.50554128,-0.49950222,0.49506848,0.49983272
0.27227208,0.68010157,0.24569413,0.50554179,-0.49950189,0.49506779,0.49983322
0.27227221,0.68010246,0.2456943,0.50554229,-0.49950156,0.49506711,0.49983371
0.27227235,0.68010335,0.24569446,0.5055428,-0.49950123,0.49506643,0.4998342
0.27227249,0.68010424,0.24569462,0.5055433,-0.4995009,0.49506575,0.4998347
0.27227264,0.68010513,0.24569478,0.5055438,-0.49950057,0.49506507,0.49983519
0.27227279,0.68010603,0.24569494,0.50554431,-0.49950024,0.49506439,0.49983569
0.27227294,0.68010692,0.2456951,0.50554481,-0.49949991,0.49506371,0.49983618
0.27227309,0.68010782,0.24569527,0.50554531,-0.49949958,0.49506303,0.49983668
0.27227325,0.68010872,0.24569543,0.50554581,-0.49949925,0.49506235,0.49983717
0.27227341,0.68010962,0.24569559,0.50554631,-0.49949892,0.49506167,0.49983767
0.27227358,0.68011052,0.24569575,0.50554681,-0.49949859,0.495061,0.49983816
0.27227374,0.68011143,0.24569591,0.50554731,-0.49949826,0.49506032,0.49983866
0.27227392,0.68011233,0.24569608,0.50554781,-0.49949793,0.49505964,0.49983915
0.27227409,0.68011324,0.24569624,0.5055483,-0.49949761,0.49505897,0.49983965
0.27227427,0.68011415,0.2456964,0.5055488,-0.49949728,0.49505829,0.49984015
0.27227445,0.68011506,0.24569656,0.5055493,-0.49949695,0.49505761,0.49984064
0.27227463,0.68011597,0.24569672,0.50554979,-0.49949662,0.49505694,0.49984114
0.27227482,0.68011688,0.24569689,0.50555029,-0.49949629,0.49505626,0.49984164
0.27227501,0.68011779,0.24569705,0.50555078,-0.49949596,0.49505559,0.49984213
0.27227521,0.68011871,0.24569721,0.50555127,-0.49949563,0.49505491,0.49984263
0.2722754,0.68011963,0.24569737,0.50555177,-0.4994953,0.49505424,0.49984313
0.27227561,0.68012055,0.24569753,0.50555226,-0.49949497,0.49505357,0.49984363
0.27227581,0.68012147,0.24569769,0.50555275,-0.49949464,0.4950529,0.49984412
0.27227602,0.68012239,0.24569786,0.50555324,-0.49949432,0.49505222,0.49984462
0.27227623,0.68012331,0.24569802,0.50555373,-0.49949399,0.49505155,0.49984512
0.27227644,0.68012424,0.24569818,0.50555422,-0.49949366,0.49505088,0.49984562
0.27227666,0.68012516,0.24569834,0.50555471,-0.49949333,0.49505021,0.49984612
0.27227688,0.68012609,0.2456985,0.5055552,-0.499493,0.49504954,0.49984662
0.2722771,0.68012702,0.24569867,0.50555568,-0.49949267,0.49504887,0.49984712
0.27227733,0.68012795,0.24569883,0.50555617,-0.49949234,0.4950482,0.49984762
0.27227756,0.68012889,0.24569899,0.50555665,-0.49949201,0.49504753,0.49984812
0.27227779,0.68012982,0.24569915,0.50555714,-0.49949169,0.49504686,0.49984862
0.27227802,0.68013075,0.24569931,0.50555762,-0.49949136,0.49504619,0.49984912
0.27227826,0.68013169,0.24569948,0.50555811,-0.49949103,0.49504552,0.49984962
0.27227851,0.68013263,0.24569964,0.50555859,-0.4994907,0.49504486,0.49985012
0.27227875,0.68013357,0.2456998,0.50555907,-0.49949037,0.49504419,0.49985062
0.272279,0.68013451,0.24569996,0.50555955,-0.49949004,0.49504352,0.49985112
0.27227925,0.68013545,0.24570012,0.50556003,-0.49948972,0.49504286,0.49985163
0.27227951,0.6801364,0.24570028,0.50556051,-0.49948939,0.49504219,0.49985213
0.27227976,0.68013735,0.24570045,0.50556099,-0.49948906,0.49504153,0.49985263
0.27228003,0.68013829,0.24570061,0.50556147,-0.49948873,0.49504086,0.49985313
0.27228029,0.68013924,0.24570077,0.50556195,-0.4994884,0.4950402,0.49985363
0.27228056,0.68014019,0.24570093,0.50556242,-0.49948808,0.49503953,0.49985414
0.27228083,0.68014114,0.24570109,0.5055629,-0.49948775,0.49503887,0.49985464
0.2722811,0.6801421,0.24570125,0.50556337,-0.49948742,0.49503821,0.49985514
0.27228138,0.68014305,0.24570142,0.50556385,-0.49948709,0.49503754,0.49985565
0.27228166,0.68014401,0.24570158,0.50556432,-0.49948676,0.49503688,0.49985615
0.27228194,0.68014496,0.24570174,0.5055648,-0.49948644,0.49503622,0.49985666
0.27228223,0.68014592,0.2457019,0.50556527,-0.49948611,0.49503556,0.49985716
0.27228252,0.68014688,0.24570206,0.50556574,-0.49948578,0.4950349,0.49985767
0.27228281,0.68014784,0.24570222,0.50556621,-0.49948545,0.49503424,0.49985817
0.2722831,0.68014881,0.24570239,0.50556668,-0.49948513,0.49503358,0.49985868
0.2722834,0.68014977,0.24570255,0.50556715,-0.4994848,0.49503292,0.49985918
0.2722837,0.68015074,0.24570271,0.50556762,-0.49948447,0.49503226,0.49985969
0.27228401,0.6801517,0.24570287,0.50556808,-0.49948414,0.4950316,0.49986019
0.27228431,0.68015267,0.24570303,0.50556855,-0.49948382,0.49503095,0.4998607
0.27228462,0.68015364,0.24570319,0.50556902,-0.49948349,0.49503029,0.49986121
0.27228494,0.68015461,0.24570335,0.50556948,-0.49948316,0.49502963,0.49986171
0.27228525,0.68015559,0.24570352,0.50556995,-0.49948283,0.49502898,0.49986222
0.27228557,0.68015656,0.24570368,0.50557041,-0.49948251,0.49502832,0.49986273
0.27228589,0.68015754,0.24570384,0.50557087,-0.49948218,0.49502767,0.49986324
0.27228622,0.68015851,0.245704,0.50557133,-0.49948185,0.49502701,0.49986374
0.27228655,0.68015949,0.24570416,0.50557179,-0.49948153,0.49502636,0.49986425
0.27228688,0.68016047,0.24570432,0.50557225,-0.4994812,0.4950257,0.49986476
0.27228721,0.68016145,0.24570448,0.50557271,-0.49948087,0.49502505,0.49986527
0.27228755,0.68016244,0.24570464,0.50557317,-0.49948055,0.4950244,0.49986578
0.27228789,0.68016342,0.2457048,0.50557363,-0.49948022,0.49502375,0.49986629
0.27228823,0.6801644,0.24570496,0.50557409,-0.49947989,0.49502309,0.4998668
0.27228858,0.68016539,0.24570513,0.50557454,-0.49947957,0.49502244,0.49986731
0.27228893,0.68016638,0.24570529,0.505575,-0.49947924,0.49502179,0.49986782
0.27228928,0.68016737,0.24570545,0.50557545,-0.49947891,0.49502114,0.49986833
0.27228963,0.68016836,0.24570561,0.5055759,-0.49947859,0.49502049,0.49986884
0.27228999,0.68016935,0.24570577,0.50557636,-0.49947826,0.49501984,0.49986935
0.27229035,0.68017034,0.24570593,0.50557681,-0.49947793,0.4950192,0.49986986
0.27229071,0.68017134,0.24570609,0.50557726,-0.49947761,0.49501855,0.49987037
0.27229108,0.68017233,0.24570625,0.50557771,-0.49947728,0.4950179,0.49987089
0.27229145,0.68017333,0.24570641,0.50557816,-0.49947696,0.49501725,0.4998714
0.27229182,0.68017433,0.24570657,0.50557861,-0.49947663,0.49501661,0.49987191
0.2722922,0.68017533,0.24570673,0.50557905,-0.4994763,0.49501596,0.49987242
0.27229257,0.68017633,0.24570689,0.5055795,-0.49947598,0.49501532,0.49987294
0.27229296,0.68017733,0.24570705,0.50557995,-0.49947565,0.49501467,0.49987345
0.27229334,0.68017833,0.24570721,0.50558039,-0.49947533,0.49501403,0.49987396
0.27229373,0.68017934,0.24570737,0.50558084,-0.499475,0.49501338,0.49987448
0.27229411,0.68018034,0.24570753,0.50558128,-0.49947468,0.49501274,0.49987499
0.27229451,0.68018135,0.24570769,0.50558172,-0.49947435,0.4950121,0.4998755
0.2722949,0.68018236,0.24570785,0.50558216,-0.49947402,0.49501146,0.49987602
0.2722953,0.68018337,0.24570801,0.5055826,-0.4994737,0.49501081,0.49987653
0.2722957,0.68018438,0.24570817,0.50558304,-0.49947337,0.49501017,0.49987705
0.2722961,0.68018539,0.24570833,0.50558348,-0.49947305,0.49500953,0.49987757
0.27229651,0.6801864,0.24570849,0.50558392,-0.49947272,0.49500889,0.49987808
0.27229692,0.68018742,0.24570865,0.50558436,-0.4994724,0.49500825,0.4998786
0.27229733,0.68018843,0.24570881,0.50558479,-0.49947207,0.49500761,0.49987911
0.27229774,0.68018945,0.24570897,0.50558523,-0.49947175,0.49500698,0.49987963
0.27229816,0.68019047,0.24570913,0.50558566,-0.49947142,0.49500634,0.49988015
0.27229858,0.68019149,0.24570929,0.5055861,-0.4994711,0.4950057,0.49988067
0.272299,0.68019251,0.24570945,0.50558653,-0.49947077,0.49500506,0.49988118
0.27229943,0.68019353,0.24570961,0.50558696,-0.49947045,0.49500443,0.4998817
0.27229986,0.68019455,0.24570977,0.50558739,-0.49947012,0.49500379,0.49988222
0.27230029,0.68019558,0.24570993,0.50558782,-0.4994698,0.49500316,0.49988274
0.27230072,0.6801966,0.24571009,0.50558825,-0.49946947,0.49500252,0.49988326
0.27230116,0.68019763,0.24571024,0.50558868,-0.49946915,0.49500189,0.49988378
0.2723016,0.68019866,0.2457104,0.5055891,-0.49946882,0.49500125,0.4998843
0.27230204,0.68019969,0.24571056,0.50558953,-0.4994685,0.49500062,0.49988482
0.27230248,0.68020072,0.24571072,0.50558995,-0.49946818,0.49499999,0.49988534
0.27230293,0.68020175,0.24571088,0.50559038,-0.49946785,0.49499936,0.49988586
0.27230338,0.68020278,0.24571104,0.5055908,-0.49946753,0.49499873,0.49988638
0.27230383,0.68020381,0.2457112,0.50559122,-0.4994672,0.4949981,0.4998869
0.27230429,0.68020485,0.24571136,0.50559165,-0.49946688,0.49499747,0.49988742
0.27230474,0.68020588,0.24571151,0.50559207,-0.49946656,0.49499684,0.49988794
0.2723052,0.68020692,0.24571167,0.50559249,-0.49946623,0.49499621,0.49988846
0.27230567,0.68020796,0.24571183,0.5055929,-0.49946591,0.49499558,0.49988899
0.27230613,0.680209,0.24571199,0.50559332,-0.49946558,0.49499495,0.49988951
0.2723066,0.68021004,0.24571215,0.50559374,-0.49946526,0.49499432,0.49989003
0.27230707,0.68021108,0.2457123,0.50559416,-0.49946494,0.4949937,0.49989055
0.27230754,0.68021212,0.24571246,0.50559457,-0.49946461,0.49499307,0.49989108
0.27230802,0.68021317,0.24571262,0.50559498,-0.49946429,0.49499245,0.4998916
0.2723085,0.68021421,0.24571278,0.5055954,-0.49946397,0.49499182,0.49989213
0.27230898,0.68021526,0.24571293,0.50559581,-0.49946364,0.4949912,0.49989265
0.27230946,0.6802163,0.24571309,0.50559622,-0.49946332,0.49499057,0.49989318
0.27230995,0.68021735,0.24571325,0.50559663,-0.49946299,0.49498995,0.4998937
0.27231044,0.6802184,0.24571341,0.50559704,-0.49946267,0.49498933,0.49989423
0.27231093,0.68021945,0.24571356,0.50559745,-0.49946235,0.49498871,0.49989475
0.27231143,0.6802205,0.24571372,0.50559785,-0.49946203,0.49498809,0.49989528
0.27231192,0.68022155,0.24571388,0.50559826,-0.4994617,0.49498746,0.49989581
0.27231242,0.68022261,0.24571403,0.50559867,-0.49946138,0.49498684,0.49989633
0.27231292,0.68022366,0.24571419,0.50559907,-0.49946106,0.49498622,0.49989686
0.27231343,0.68022472,0.24571435,0.50559947,-0.49946073,0.49498561,0.49989739
0.27231393,0.68022577,0.2457145,0.50559988,-0.49946041,0.49498499,0.49989792
0.27231444,0.68022683,0.24571466,0.50560028,-0.49946009,0.49498437,0.49989844
0.27231496,0.68022789,0.24571482,0.50560068,-0.49945976,0.49498375,0.49989897
0.27231547,0.68022895,0.24571497,0.50560108,-0.49945944,0.49498314,0.4998995
0.27231599,0.68023001,0.24571513,0.50560148,-0.49945912,0.49498252,0.49990003
0.27231651,0.68023107,0.24571529,0.50560187,-0.4994588,0.4949819,0.49990056
0.27231703,0.68023214,0.24571544,0.50560227,-0.49945847,0.49498129,0.49990109
0.27231755,0.6802332,0.2457156,0.50560267,-0.49945815,0.49498068,0.49990162
0.27231808,0.68023426,0.24571575,0.50560306,-0.49945783,0.49498006,0.49990215
0.27231861,0.68023533,0.24571591,0.50560345,-0.49945751,0.49497945,0.49990268
0.27231914,0.6802364,0.24571606,0.50560385,-0.49945718,0.49497884,0.49990321
0.27231967,0.68023746,0.24571622,0.50560424,-0.49945686,0.49497823,0.49990374
0.27232021,0.68023853,0.24571637,0.50560463,-0.49945654,0.49497761,0.49990428
0.27232075,0.6802396,0.24571653,0.50560502,-0.49945622,0.494977,0.49990481
0.27232129,0.68024067,0.24571668,0.50560541,-0.4994559,0.49497639,0.49990534
0.27232183,0.68024174,0.24571684,0.5056058,-0.49945557,0.49497578,0.49990587
0.27232238,0.68024282,0.24571699,0.50560618,-0.49945525,0.49497518,0.49990641
0.27232293,0.68024389,0.24571715,0.50560657,-0.49945493,0.49497457,0.49990694
0.27232348,0.68024496,0.2457173,0.50560695,-0.49945461,0.49497396,0.49990747
0.27232403,0.68024604,0.24571746,0.50560734,-0.49945429,0.49497335,0.49990801
0.27232459,0.68024712,0.24571761,0.50560772,-0.49945396,0.49497275,0.49990854
0.27232514,0.68024819,0.24571777,0.5056081,-0.49945364,0.49497214,0.49990908
0.2723257,0.68024927,0.24571792,0.50560848,-0.49945332,0.49497154,0.49990961
0.27232627,0.68025035,0.24571807,0.50560886,-0.499453,0.49497093,0.49991015
0.27232683,0.68025143,0.24571823,0.50560924,-0.49945268,0.49497033,0.49991069
0.2723274,0.68025251,0.24571838,0.50560962,-0.49945236,0.49496973,0.49991122
0.27232797,0.68025359,0.24571854,0.50560999,-0.49945203,0.49496912,0.49991176
0.27232854,0.68025468,0.24571869,0.50561037,-0.49945171,0.49496852,0.4999123
0.27232911,0.68025576,0.24571884,0.50561074,-0.49945139,0.49496792,0.49991283
0.27232969,0.68025684,0.245719,0.50561112,-0.49945107,0.49496732,0.49991337
0.27233027,0.68025793,0.24571915,0.50561149,-0.49945075,0.49496672,0.49991391
0.27233085,0.68025902,0.2457193,0.50561186,-0.49945043,0.49496612,0.49991445
0.27233143,0.6802601,0.24571945,0.50561223,-0.49945011,0.49496552,0.49991499
0.27233202,0.68026119,0.24571961,0.5056126,-0.49944978,0.49496492,0.49991553
0.27233261,0.68026228,0.24571976,0.50561297,-0.49944946,0.49496433,0.49991607
0.2723332,0.68026337,0.24571991,0.50561334,-0.49944914,0.49496373,0.49991661
0.27233379,0.68026446,0.24572006,0.5056137,-0.49944882,0.49496313,0.49991715
0.27233438,0.68026555,0.24572022,0.50561407,-0.4994485,0.49496254,0.49991769
0.27233498,0.68026664,0.24572037,0.50561443,-0.49944818,0.49496194,0.49991823
0.27233558,0.68026774,0.24572052,0.50561479,-0.49944786,0.49496135,0.49991877
0.27233618,0.68026883,0.24572067,0.50561516,-0.49944754,0.49496076,0.49991931
0.27233679,0.68026992,0.24572082,0.50561552,-0.49944722,0.49496016,0.49991986
0.27233739,0.68027102,0.24572097,0.50561588,-0.4994469,0.49495957,0.4999204
0.272338,0.68027211,0.24572112,0.50561624,-0.49944657,0.49495898,0.49992094
0.27233861,0.68027321,0.24572128,0.50561659,-0.49944625,0.49495839,0.49992149
0.27233922,0.68027431,0.24572143,0.50561695,-0.49944593,0.4949578,0.49992203
0.27233984,0.68027541,0.24572158,0.50561731,-0.49944561,0.49495721,0.49992257
0.27234045,0.68027651,0.24572173,0.50561766,-0.49944529,0.49495662,0.49992312
0.27234107,0.68027761,0.24572188,0.50561802,-0.49944497,0.49495603,0.49992366
0.27234169,0.68027871,0.24572203,0.50561837,-0.49944465,0.49495545,0.49992421
0.27234231,0.68027981,0.24572218,0.50561872,-0.49944433,0.49495486,0.49992475
0.27234294,0.68028091,0.24572233,0.50561907,-0.49944401,0.49495427,0.4999253
0.27234357,0.68028202,0.24572248,0.50561942,-0.49944369,0.49495369,0.49992585
0.2723442,0.68028312,0.24572263,0.50561977,-0.49944337,0.4949531,0.49992639
0.27234483,0.68028422,0.24572278,0.50562012,-0.49944305,0.49495252,0.49992694
0.27234546,0.68028533,0.24572293,0.50562046,-0.49944273,0.49495193,0.49992749
0.2723461,0.68028644,0.24572308,0.50562081,-0.49944241,0.49495135,0.49992804
0.27234673,0.68028754,0.24572323,0.50562115,-0.49944209,0.49495077,0.49992858
0.27234737,0.68028865,0.24572338,0.5056215,-0.49944176,0.49495019,0.49992913
0.27234802,0.68028976,0.24572352,0.50562184,-0.49944144,0.49494961,0.49992968
0.27234866,0.68029087,0.24572367,0.50562218,-0.49944112,0.49494903,0.49993023
0.27234931,0.68029198,0.24572382,0.50562252,-0.4994408,0.49494845,0.49993078
0.27234995,0.68029309,0.24572397,0.50562286,-0.49944048,0.49494787,0.49993133
0.2723506,0.6802942,0.24572412,0.5056232,-0.49944016,0.49494729,0.49993188
0.27235126,0.68029531,0.24572427,0.50562353,-0.49943984,0.49494671,0.49993243
0.27235191,0.68029642,0.24572441,0.50562387,-0.49943952,0.49494613,0.49993299
0.27235257,0.68029753,0.24572456,0.5056242,-0.4994392,0.49494556,0.49993354
0.27235322,0.68029865,0.24572471,0.50562454,-0.49943888,0.49494498,0.49993409
0.27235388,0.68029976,0.24572486,0.50562487,-0.49943856,0.49494441,0.49993464
0.27235455,0.68030088,0.245725,0.5056252,-0.49943824,0.49494383,0.4999352
0.27235521,0.68030199,0.24572515,0.50562553,-0.49943792,0.49494326,0.49993575
0.27235588,0.68030311,0.2457253,0.50562586,-0.4994376,0.49494269,0.4999363
0.27235654,0.68030423,0.24572544,0.50562619,-0.49943728,0.49494212,0.49993686
0.27235721,0.68030534,0.24572559,0.50562652,-0.49943696,0.49494154,0.49993741
0.27235789,0.68030646,0.24572574,0.50562684,-0.49943664,0.49494097,0.49993797
0.27235856,0.68030758,0.24572588,0.50562717,-0.49943632,0.4949404,0.49993852
0.27235923,0.6803087,0.24572603,0.50562749,-0.499436,0.49493983,0.49993908
0.27235991,0.68030982,0.24572617,0.50562782,-0.49943568,0.49493927,0.49993964
0.27236059,0.68031094,0.24572632,0.50562814,-0.49943536,0.4949387,0.49994019
0.27236127,0.68031206,0.24572647,0.50562846,-0.49943504,0.49493813,0.49994075
0.27236196,0.68031318,0.24572661,0.50562878,-0.49943472,0.49493756,0.49994131
0.27236264,0.6803143,0.24572676,0.5056291,-0.4994344,0.494937,0.49994186
0.27236333,0.68031543,0.2457269,0.50562941,-0.49943408,0.49493643,0.49994242
0.27236402,0.68031655,0.24572705,0.50562973,-0.49943376,0.49493587,0.49994298
0.27236471,0.68031767,0.24572719,0.50563005,-0.49943344,0.4949353,0.49994354
0.2723654,0.6803188,0.24572733,0.50563036,-0.49943312,0.49493474,0.4999441
0.2723661,0.68031992,0.24572748,0.50563067,-0.4994328,0.49493418,0.49994466
0.27236679,0.68032105,0.24572762,0.50563099,-0.49943248,0.49493362,0.49994522
0.27236749,0.68032218,0.24572777,0.5056313,-0.49943215,0.49493306,0.49994578
0.27236819,0.6803233,0.24572791,0.50563161,-0.49943183,0.49493249,0.49994634
0.27236889,0.68032443,0.24572805,0.50563192,-0.49943151,0.49493194,0.4999469
0.2723696,0.68032556,0.2457282,0.50563222,-0.49943119,0.49493138,0.49994747
0.2723703,0.68032668,0.24572834,0.50563253,-0.49943087,0.49493082,0.49994803
0.27237101,0.68032781,0.24572848,0.50563284,-0.49943055,0.49493026,0.49994859
0.27237172,0.68032894,0.24572862,0.50563314,-0.49943023,0.4949297,0.49994916
0.27237243,0.68033007,0.24572877,0.50563344,-0.49942991,0.49492915,0.49994972
0.27237314,0.6803312,0.24572891,0.50563375,-0.49942959,0.49492859,0.49995028
0.27237386,0.68033233,0.24572905,0.50563405,-0.49942927,0.49492804,0.49995085
0.27237457,0.68033346,0.24572919,0.50563435,-0.49942895,0.49492748,0.49995141
0.27237529,0.6803346,0.24572933,0.50563465,-0.49942863,0.49492693,0.49995198
0.27237601,0.68033573,0.24572948,0.50563495,-0.49942831,0.49492638,0.49995254
0.27237673,0.68033686,0.24572962,0.50563524,-0.49942799,0.49492583,0.49995311
0.27237746,0.68033799,0.24572976,0.50563554,-0.49942767,0.49492527,0.49995368
0.27237818,0.68033913,0.2457299,0.50563583,-0.49942735,0.49492472,0.49995424
0.27237891,0.68034026,0.24573004,0.50563613,-0.49942703,0.49492417,0.49995481
0.27237964,0.68034139,0.24573018,0.50563642,-0.49942671,0.49492362,0.49995538
0.27238037,0.68034253,0.24573032,0.50563671,-0.49942639,0.49492308,0.49995595
0.2723811,0.68034366,0.24573046,0.505637,-0.49942606,0.49492253,0.49995652
0.27238183,0.6803448,0.2457306,0.50563729,-0.49942574,0.49492198,0.49995709
0.27238257,0.68034593,0.24573074,0.50563758,-0.49942542,0.49492144,0.49995766
0.27238331,0.68034707,0.24573088,0.50563787,-0.4994251,0.49492089,0.49995823
0.27238404,0.68034821,0.24573102,0.50563815,-0.49942478,0.49492035,0.4999588
0.27238478,0.68034934,0.24573116,0.50563844,-0.49942446,0.4949198,0.49995937
0.27238553,0.68035048,0.2457313,0.50563872,-0.49942414,0.49491926,0.49995994
0.27238627,0.68035162,0.24573144,0.505639,-0.49942382,0.49491872,0.49996051
0.27238701,0.68035276,0.24573157,0.50563928,-0.4994235,0.49491817,0.49996108
0.27238776,0.6803539,0.24573171,0.50563956,-0.49942318,0.49491763,0.49996166
0.27238851,0.68035503,0.24573185,0.50563984,-0.49942285,0.49491709,0.49996223
0.27238926,0.68035617,0.24573199,0.50564012,-0.49942253,0.49491655,0.4999628
0.27239001,0.68035731,0.24573213,0.5056404,-0.49942221,0.49491601,0.49996338
0.27239076,0.68035845,0.24573226,0.50564068,-0.49942189,0.49491548,0.49996395
0.27239152,0.68035959,0.2457324,0.50564095,-0.49942157,0.49491494,0.49996453
0.27239228,0.68036073,0.24573254,0.50564122,-0.49942125,0.4949144,0.4999651
0.27239303,0.68036187,0.24573267,0.5056415,-0.49942093,0.49491387,0.49996568
0.27239379,0.68036302,0.24573281,0.50564177,-0.4994206,0.49491333,0.49996626
0.27239455,0.68036416,0.24573295,0.50564204,-0.49942028,0.4949128,0.49996683
0.27239532,0.6803653,0.24573308,0.50564231,-0.49941996,0.49491226,0.49996741
0.27239608,0.68036644,0.24573322,0.50564258,-0.49941964,0.49491173,0.49996799
0.27239685,0.68036758,0.24573335,0.50564284,-0.49941932,0.4949112,0.49996857
0.27239761,0.68036872,0.24573349,0.50564311,-0.499419,0.49491067,0.49996914
0.27239838,0.68036987,0.24573362,0.50564338,-0.49941867,0.49491013,0.49996972
0.27239915,0.68037101,0.24573376,0.50564364,-0.49941835,0.4949096,0.4999703
0.27239992,0.68037215,0.24573389,0.5056439,-0.49941803,0.49490907,0.49997088
0.2724007,0.6803733,0.24573403,0.50564416,-0.49941771,0.49490855,0.49997146
0.27240147,0.68037444,0.24573416,0.50564443,-0.49941738,0.49490802,0.49997204
0.27240225,0.68037559,0.2457343,0.50564468,-0.49941706,0.49490749,0.49997263
0.27240302,0.68037673,0.24573443,0.50564494,-0.49941674,0.49490696,0.49997321
0.2724038,0.68037787,0.24573456,0.5056452,-0.49941642,0.49490644,0.49997379
0.27240458,0.68037902,0.2457347,0.50564546,-0.49941609,0.49490591,0.49997437
0.27240537,0.68038016,0.24573483,0.50564571,-0.49941577,0.49490539,0.49997496
0.27240615,0.68038131,0.24573496,0.50564597,-0.49941545,0.49490487,0.49997554
0.27240693,0.68038245,0.2457351,0.50564622,-0.49941513,0.49490434,0.49997612
0.27240772,0.6803836,0.24573523,0.50564647,-0.4994148,0.49490382,0.49997671
0.27240851,0.68038475,0.24573536,0.50564672,-0.49941448,0.4949033,0.49997729
0.2724093,0.68038589,0.24573549,0.50564697,-0.49941416,0.49490278,0.49997788
0.27241009,0.68038704,0.24573562,0.50564722,-0.49941383,0.49490226,0.49997846
0.27241088,0.68038818,0.24573576,0.50564747,-0.49941351,0.49490174,0.49997905
0.27241167,0.68038933,0.24573589,0.50564771,-0.49941319,0.49490122,0.49997964
0.27241247,0.68039048,0.24573602,0.50564796,-0.49941286,0.49490071,0.49998022
0.27241326,0.68039162,0.24573615,0.5056482,-0.49941254,0.49490019,0.49998081
0.27241406,0.68039277,0.24573628,0.50564845,-0.49941222,0.49489967,0.4999814
0.27241486,0.68039392,0.24573641,0.50564869,-0.49941189,0.49489916,0.49998199
0.27241566,0.68039506,0.24573654,0.50564893,-0.49941157,0.49489864,0.49998258
0.27241646,0.68039621,0.24573667,0.50564917,-0.49941124,0.49489813,0.49998317
0.27241726,0.68039736,0.2457368,0.50564941,-0.49941092,0.49489762,0.49998376
0.27241807,0.68039851,0.24573693,0.50564965,-0.4994106,0.4948971,0.49998435
0.27241887,0.68039965,0.24573706,0.50564988,-0.49941027,0.49489659,0.49998494
0.27241968,0.6804008,0.24573719,0.50565012,-0.49940995,0.49489608,0.49998553
0.27242049,0.68040195,0.24573732,0.50565035,-0.49940962,0.49489557,0.49998612
0.2724213,0.6804031,0.24573744,0.50565058,-0.4994093,0.49489506,0.49998671
0.27242211,0.68040425,0.24573757,0.50565082,-0.49940897,0.49489455,0.49998731
0.27242292,0.68040539,0.2457377,0.50565105,-0.49940865,0.49489405,0.4999879
0.27242373,0.68040654,0.24573783,0.50565128,-0.49940832,0.49489354,0.49998849
0.27242455,0.68040769,0.24573795,0.50565151,-0.499408,0.49489303,0.49998909
0.27242536,0.68040884,0.24573808,0.50565173,-0.49940767,0.49489253,0.49998968
0.27242618,0.68040999,0.24573821,0.50565196,-0.49940735,0.49489202,0.49999028
0.272427,0.68041113,0.24573834,0.50565219,-0.49940702,0.49489152,0.49999088
0.27242782,0.68041228,0.24573846,0.50565241,-0.4994067,0.49489102,0.49999147
0.27242864,0.68041343,0.24573859,0.50565263,-0.49940637,0.49489052,0.49999207
0.27242946,0.68041458,0.24573871,0.50565286,-0.49940605,0.49489001,0.49999267
0.27243028,0.68041573,0.24573884,0.50565308,-0.49940572,0.49488951,0.49999326
0.27243111,0.68041688,0.24573896,0.5056533,-0.49940539,0.49488901,0.49999386
0.27243193,0.68041802,0.24573909,0.50565352,-0.49940507,0.49488851,0.49999446
0.27243276,0.68041917,0.24573921,0.50565373,-0.49940474,0.49488802,0.49999506
0.27243359,0.68042032,0.24573934,0.50565395,-0.49940441,0.49488752,0.49999566
0.27243442,0.68042147,0.24573946,0.50565417,-0.49940409,0.49488702,0.49999626
0.27243525,0.68042262,0.24573959,0.50565438,-0.49940376,0.49488652,0.49999686
0.27243608,0.68042377,0.24573971,0.50565459,-0.49940343,0.49488603,0.49999746
0.27243691,0.68042491,0.24573983,0.50565481,-0.49940311,0.49488553,0.49999806
0.27243775,0.68042606,0.24573996,0.50565502,-0.49940278,0.49488504,0.49999866
0.27243858,0.68042721,0.24574008,0.50565523,-0.49940245,0.49488455,0.49999927
0.27243942,0.68042836,0.2457402,0.50565544,-0.49940212,0.49488406,0.49999987
0.27244025,0.68042951,0.24574033,0.50565565,-0.4994018,0.49488356,0.50000047
0.27244109,0.68043066,0.24574045,0.50565585,-0.49940147,0.49488307,0.50000108
0.27244193,0.6804318,0.24574057,0.50565606,-0.49940114,0.49488258,0.50000168
0.27244277,0.68043295,0.24574069,0.50565626,-0.49940081,0.49488209,0.50000229
0.27244361,0.6804341,0.24574081,0.50565647,-0.49940048,0.49488161,0.50000289
0.27244446,0.68043525,0.24574093,0.50565667,-0.49940015,0.49488112,0.5000035
0.2724453,0.6804364,0.24574106,0.50565687,-0.49939983,0.49488063,0.5000041
0.27244614,0.68043754,0.24574118,0.50565707,-0.4993995,0.49488015,0.50000471
0.27244699,0.68043869,0.2457413,0.50565727,-0.49939917,0.49487966,0.50000532
0.27244784,0.68043984,0.24574142,0.50565747,-0.49939884,0.49487918,0.50000593
0.27244868,0.68044098,0.24574154,0.50565767,-0.49939851,0.49487869,0.50000653
0.27244953,0.68044213,0.24574166,0.50565786,-0.49939818,0.49487821,0.50000714
0.27245038,0.68044328,0.24574177,0.50565806,-0.49939785,0.49487773,0.50000775
0.27245123,0.68044443,0.24574189,0.50565825,-0.49939752,0.49487725,0.50000836
0.27245209,0.68044557,0.24574201,0.50565844,-0.49939719,0.49487676,0.50000897
0.27245294,0.68044672,0.24574213,0.50565864,-0.49939686,0.49487628,0.50000958
0.27245379,0.68044787,0.24574225,0.50565883,-0.49939653,0.49487581,0.50001019
0.27245465,0.68044901,0.24574237,0.50565902,-0.4993962,0.49487533,0.50001081
0.27245551,0.68045016,0.24574248,0.50565921,-0.49939587,0.49487485,0.50001142
0.27245636,0.6804513,0.2457426,0.50565939,-0.49939554,0.49487437,0.50001203
0.27245722,0.68045245,0.24574272,0.50565958,-0.49939521,0.4948739,0.50001264
0.27245808,0.68045359,0.24574284,0.50565976,-0.49939487,0.49487342,0.50001326
0.27245894,0.68045474,0.24574295,0.50565995,-0.49939454,0.49487295,0.50001387
0.2724598,0.68045589,0.24574307,0.50566013,-0.49939421,0.49487247,0.50001449
0.27246066,0.68045703,0.24574318,0.50566031,-0.49939388,0.494872,0.5000151
0.27246153,0.68045818,0.2457433,0.5056605,-0.49939355,0.49487153,0.50001572
0.27246239,0.68045932,0.24574342,0.50566068,-0.49939321,0.49487106,0.50001633
0.27246325,0.68046046,0.24574353,0.50566085,-0.49939288,0.49487059,0.50001695
0.27246412,0.68046161,0.24574365,0.50566103,-0.49939255,0.49487012,0.50001757
0.27246499,0.68046275,0.24574376,0.50566121,-0.49939222,0.49486965,0.50001819
0.27246585,0.6804639,0.24574387,0.50566138,-0.49939188,0.49486918,0.50001881
0.27246672,0.68046504,0.24574399,0.50566156,-0.49939155,0.49486871,0.50001942
0.27246759,0.68046618,0.2457441,0.50566173,-0.49939122,0.49486825,0.50002004
0.27246846,0.68046732,0.24574421,0.50566191,-0.49939088,0.49486778,0.50002066
0.27246933,0.68046847,0.24574433,0.50566208,-0.49939055,0.49486732,0.50002128
0.2724702,0.68046961,0.24574444,0.50566225,-0.49939021,0.49486685,0.5000219
0.27247108,0.68047075,0.24574455,0.50566242,-0.49938988,0.49486639,0.50002253
0.27247195,0.68047189,0.24574467,0.50566258,-0.49938954,0.49486593,0.50002315
0.27247283,0.68047303,0.24574478,0.50566275,-0.49938921,0.49486547,0.50002377
0.2724737,0.68047418,0.24574489,0.50566292,-0.49938887,0.49486501,0.50002439
0.27247458,0.68047532,0.245745,0.50566308,-0.49938854,0.49486455,0.50002502
0.27247545,0.68047646,0.24574511,0.50566325,-0.4993882,0.49486409,0.50002564
0.27247633,0.6804776,0.24574522,0.50566341,-0.49938787,0.49486363,0.50002626
0.27247721,0.68047874,0.24574533,0.50566357,-0.49938753,0.49486317,0.50002689
0.27247809,0.68047988,0.24574544,0.50566373,-0.49938719,0.49486271,0.50002751
0.27247897,0.68048102,0.24574555,0.50566389,-0.49938686,0.49486226,0.50002814
0.27247985,0.68048215,0.24574566,0.50566405,-0.49938652,0.4948618,0.50002877
0.27248073,0.68048329,0.24574577,0.50566421,-0.49938618,0.49486135,0.50002939
0.27248162,0.68048443,0.24574588,0.50566437,-0.49938585,0.49486089,0.50003002
0.2724825,0.68048557,0.24574599,0.50566452,-0.49938551,0.49486044,0.50003065
0.27248338,0.68048671,0.2457461,0.50566468,-0.49938517,0.49485999,0.50003128
0.27248427,0.68048784,0.24574621,0.50566483,-0.49938483,0.49485954,0.50003191
0.27248515,0.68048898,0.24574631,0.50566498,-0.49938449,0.49485909,0.50003254
0.27248604,0.68049012,0.24574642,0.50566513,-0.49938416,0.49485864,0.50003317
0.27248693,0.68049125,0.24574653,0.50566528,-0.49938382,0.49485819,0.5000338
0.27248782,0.68049239,0.24574664,0.50566543,-0.49938348,0.49485774,0.50003443
0.27248871,0.68049352,0.24574674,0.50566558,-0.49938314,0.49485729,0.50003506
0.27248959,0.68049466,0.24574685,0.50566573,-0.4993828,0.49485685,0.50003569
0.27249048,0.68049579,0.24574695,0.50566588,-0.49938246,0.4948564,0.50003632
0.27249138,0.68049693,0.24574706,0.50566602,-0.49938212,0.49485596,0.50003696
0.27249227,0.68049806,0.24574717,0.50566616,-0.49938178,0.49485551,0.50003759
0.27249316,0.68049919,0.24574727,0.50566631,-0.49938144,0.49485507,0.50003822
0.27249405,0.68050033,0.24574738,0.50566645,-0.4993811,0.49485463,0.50003886
0.27249495,0.68050146,0.24574748,0.50566659,-0.49938076,0.49485418,0.50003949
0.27249584,0.68050259,0.24574758,0.50566673,-0.49938041,0.49485374,0.50004013
0.27249674,0.68050372,0.24574769,0.50566687,-0.49938007,0.4948533,0.50004077
0.27249763,0.68050485,0.24574779,0.50566701,-0.49937973,0.49485286,0.5000414
0.27249853,0.68050598,0.24574789,0.50566715,-0.49937939,0.49485243,0.50004204
0.27249942,0.68050711,0.245748,0.50566728,-0.49937905,0.49485199,0.50004268
0.27250032,0.68050824,0.2457481,0.50566742,-0.4993787,0.49485155,0.50004332
0.27250122,0.68050937,0.2457482,0.50566755,-0.49937836,0.49485112,0.50004395
0.27250212,0.6805105,0.2457483,0.50566768,-0.49937802,0.49485068,0.50004459
0.27250302,0.68051163,0.24574841,0.50566781,-0.49937767,0.49485025,0.50004523
0.27250392,0.68051276,0.24574851,0.50566795,-0.49937733,0.49484981,0.50004587
0.27250482,0.68051388,0.24574861,0.50566808,-0.49937698,0.49484938,0.50004651
0.27250572,0.68051501,0.24574871,0.5056682,-0.49937664,0.49484895,0.50004716
0.27250662,0.68051614,0.24574881,0.50566833,-0.49937629,0.49484852,0.5000478
0.27250753,0.68051726,0.24574891,0.50566846,-0.49937595,0.49484809,0.50004844
0.27250843,0.68051839,0.24574901,0.50566858,-0.4993756,0.49484766,0.50004908
0.27250933,0.68051951,0.24574911,0.50566871,-0.49937526,0.49484723,0.50004973
0.27251024,0.68052064,0.24574921,0.50566883,-0.49937491,0.4948468,0.50005037
0.27251114,0.68052176,0.24574931,0.50566896,-0.49937457,0.49484637,0.50005101
0.27251205,0.68052288,0.24574941,0.50566908,-0.49937422,0.49484595,0.50005166
0.27251295,0.680524,0.2457495,0.5056692,-0.49937387,0.49484552,0.5000523
0.27251386,0.68052513,0.2457496,0.50566932,-0.49937352,0.4948451,0.50005295
0.27251477,0.68052625,0.2457497,0.50566944,-0.49937318,0.49484467,0.5000536
0.27251567,0.68052737,0.2457498,0.50566955,-0.49937283,0.49484425,0.50005424
0.27251658,0.68052849,0.24574989,0.50566967,-0.49937248,0.49484383,0.50005489
0.27251749,0.68052961,0.24574999,0.50566979,-0.49937213,0.49484341,0.50005554
0.2725184,0.68053073,0.24575009,0.5056699,-0.49937178,0.49484299,0.50005619
0.27251931,0.68053184,0.24575018,0.50567001,-0.49937143,0.49484257,0.50005684
0.27252022,0.68053296,0.24575028,0.50567013,-0.49937108,0.49484215,0.50005749
0.27252113,0.68053408,0.24575038,0.50567024,-0.49937073,0.49484173,0.50005814
0.27252204,0.6805352,0.24575047,0.50567035,-0.49937038,0.49484131,0.50005879
0.27252295,0.68053631,0.24575057,0.50567046,-0.49937003,0.4948409,0.50005944
0.27252386,0.68053743,0.24575066,0.50567057,-0.49936968,0.49484048,0.50006009
0.27252478,0.68053854,0.24575075,0.50567068,-0.49936933,0.49484007,0.50006074
0.27252569,0.68053966,0.24575085,0.50567078,-0.49936898,0.49483965,0.5000614
0.2725266,0.68054077,0.24575094,0.50567089,-0.49936863,0.49483924,0.50006205
0.27252752,0.68054188,0.24575103,0.50567099,-0.49936828,0.49483883,0.5000627
0.27252843,0.68054299,0.24575113,0.5056711,-0.49936792,0.49483842,0.50006336
0.27252935,0.68054411,0.24575122,0.5056712,-0.49936757,0.49483801,0.50006401
0.27253026,0.68054522,0.24575131,0.5056713,-0.49936722,0.4948376,0.50006467
0.27253118,0.68054633,0.2457514,0.5056714,-0.49936686,0.49483719,0.50006532
0.27253209,0.68054744,0.2457515,0.5056715,-0.49936651,0.49483678,0.50006598
0.27253301,0.68054854,0.24575159,0.5056716,-0.49936615,0.49483637,0.50006664
0.27253393,0.68054965,0.24575168,0.5056717,-0.4993658,0.49483596,0.50006729
0.27253484,0.68055076,0.24575177,0.5056718,-0.49936544,0.49483556,0.50006795
0.27253576,0.68055187,0.24575186,0.50567189,-0.49936509,0.49483515,0.50006861
0.27253668,0.68055297,0.24575195,0.50567199,-0.49936473,0.49483475,0.50006927
0.2725376,0.68055408,0.24575204,0.50567208,-0.49936438,0.49483435,0.50006993
0.27253852,0.68055518,0.24575213,0.50567218,-0.49936402,0.49483394,0.50007059
0.27253944,0.68055629,0.24575222,0.50567227,-0.49936366,0.49483354,0.50007125
0.27254035,0.68055739,0.2457523,0.50567236,-0.49936331,0.49483314,0.50007191
0.27254127,0.68055849,0.24575239,0.50567245,-0.49936295,0.49483274,0.50007257
0.2725422,0.68055959,0.24575248,0.50567254,-0.49936259,0.49483234,0.50007323
0.27254312,0.6805607,0.24575257,0.50567263,-0.49936223,0.49483194,0.5000739
0.27254404,0.6805618,0.24575266,0.50567271,-0.49936187,0.49483155,0.50007456
0.27254496,0.6805629,0.24575274,0.5056728,-0.49936151,0.49483115,0.50007522
0.27254588,0.68056399,0.24575283,0.50567289,-0.49936116,0.49483075,0.50007589
0.2725468,0.68056509,0.24575292,0.50567297,-0.4993608,0.49483036,0.50007655
0.27254772,0.68056619,0.245753,0.50567305,-0.49936043,0.49482996,0.50007722
0.27254865,0.68056729,0.24575309,0.50567314,-0.49936007,0.49482957,0.50007788
0.27254957,0.68056838,0.24575317,0.50567322,-0.49935971,0.49482918,0.50007855
0.27255049,0.68056948,0.24575326,0.5056733,-0.49935935,0.49482879,0.50007922
0.27255142,0.68057057,0.24575334,0.50567338,-0.49935899,0.4948284,0.50007989
0.27255234,0.68057166,0.24575343,0.50567346,-0.49935863,0.49482801,0.50008055
0.27255326,0.68057276,0.24575351,0.50567354,-0.49935826,0.49482762,0.50008122
0.27255419,0.68057385,0.24575359,0.50567361,-0.4993579,0.49482723,0.50008189
0.27255511,0.68057494,0.24575368,0.50567369,-0.49935754,0.49482684,0.50008256
0.27255604,0.68057603,0.24575376,0.50567376,-0.49935717,0.49482645,0.50008323
0.27255696,0.68057712,0.24575384,0.50567384,-0.49935681,0.49482607,0.5000839
0.27255789,0.68057821,0.24575392,0.50567391,-0.49935645,0.49482568,0.50008457
0.27255881,0.6805793,0.24575401,0.50567398,-0.49935608,0.4948253,0.50008524
0.27255974,0.68058038,0.24575409,0.50567405,-0.49935572,0.49482492,0.50008592
0.27256067,0.68058147,0.24575417,0.50567412,-0.49935535,0.49482453,0.50008659
0.27256159,0.68058256,0.24575425,0.50567419,-0.49935498,0.49482415,0.50008726
0.27256252,0.68058364,0.24575433,0.50567426,-0.49935462,0.49482377,0.50008793
0.27256344,0.68058472,0.24575441,0.50567433,-0.49935425,0.49482339,0.50008861
0.27256437,0.68058581,0.24575449,0.5056744,-0.49935388,0.49482301,0.50008928
0.2725653,0.68058689,0.24575457,0.50567446,-0.49935351,0.49482263,0.50008996
0.27256623,0.68058797,0.24575465,0.50567453,-0.49935315,0.49482226,0.50009063
0.27256715,0.68058905,0.24575473,0.50567459,-0.49935278,0.49482188,0.50009131
0.27256808,0.68059013,0.24575481,0.50567466,-0.49935241,0.4948215,0.50009199
0.27256901,0.68059121,0.24575489,0.50567472,-0.49935204,0.49482113,0.50009267
0.27256994,0.68059229,0.24575496,0.50567478,-0.49935167,0.49482075,0.50009334
0.27257087,0.68059336,0.24575504,0.50567484,-0.4993513,0.49482038,0.50009402
0.27257179,0.68059444,0.24575512,0.5056749,-0.49935093,0.49482001,0.5000947
0.27257272,0.68059551,0.2457552,0.50567496,-0.49935056,0.49481964,0.50009538
0.27257365,0.68059659,0.24575527,0.50567502,-0.49935018,0.49481926,0.50009606
0.27257458,0.68059766,0.24575535,0.50567507,-0.49934981,0.49481889,0.50009674
0.27257551,0.68059873,0.24575542,0.50567513,-0.49934944,0.49481853,0.50009742
0.27257644,0.6805998,0.2457555,0.50567518,-0.49934907,0.49481816,0.5000981
0.27257737,0.68060087,0.24575557,0.50567524,-0.49934869,0.49481779,0.50009878
0.2725783,0.68060194,0.24575565,0.50567529,-0.49934832,0.49481742,0.50009947
0.27257923,0.68060301,0.24575572,0.50567534,-0.49934794,0.49481706,0.50010015
0.27258016,0.68060408,0.2457558,0.50567539,-0.49934757,0.49481669,0.50010083
0.27258109,0.68060515,0.24575587,0.50567544,-0.49934719,0.49481633,0.50010152
0.27258202,0.68060621,0.24575594,0.50567549,-0.49934682,0.49481596,0.5001022
0.27258295,0.68060728,0.24575602,0.50567554,-0.49934644,0.4948156,0.50010289
0.27258388,0.68060834,0.24575609,0.50567559,-0.49934606,0.49481524,0.50010357
0.27258481,0.68060941,0.24575616,0.50567564,-0.49934569,0.49481488,0.50010426
0.27258574,0.68061047,0.24575624,0.50567568,-0.49934531,0.49481452,0.50010495
0.27258667,0.68061153,0.24575631,0.50567573,-0.49934493,0.49481416,0.50010563
0.2725876,0.68061259,0.24575638,0.50567577,-0.49934455,0.4948138,0.50010632
0.27258853,0.68061365,0.24575645,0.50567582,-0.49934417,0.49481344,0.50010701
0.27258946,0.68061471,0.24575652,0.50567586,-0.49934379,0.49481309,0.5001077
0.27259039,0.68061576,0.24575659,0.5056759,-0.49934341,0.49481273,0.50010839
0.27259132,0.68061682,0.24575666,0.50567594,-0.49934303,0.49481238,0.50010908
0.27259225,0.68061787,0.24575673,0.50567598,-0.49934265,0.49481202,0.50010977
0.27259318,0.68061893,0.2457568,0.50567602,-0.49934227,0.49481167,0.50011046
0.27259411,0.68061998,0.24575687,0.50567606,-0.49934189,0.49481132,0.50011115
0.27259504,0.68062103,0.24575694,0.5056761,-0.49934151,0.49481096,0.50011184
0.27259597,0.68062209,0.245757,0.50567613,-0.49934112,0.49481061,0.50011253
0.27259691,0.68062314,0.24575707,0.50567617,-0.49934074,0.49481026,0.50011323
0.27259784,0.68062419,0.24575714,0.50567621,-0.49934036,0.49480991,0.50011392
0.27259877,0.68062523,0.24575721,0.50567624,-0.49933997,0.49480957,0.50011461
0.2725997,0.68062628,0.24575727,0.50567627,-0.49933959,0.49480922,0.50011531
0.27260063,0.68062733,0.24575734,0.5056763,-0.4993392,0.49480887,0.500116
0.27260156,0.68062837,0.24575741,0.50567634,-0.49933882,0.49480853,0.5001167
0.27260249,0.68062942,0.24575747,0.50567637,-0.49933843,0.49480818,0.50011739
0.27260342,0.68063046,0.24575754,0.5056764,-0.49933804,0.49480784,0.50011809
0.27260435,0.6806315,0.2457576,0.50567643,-0.49933766,0.49480749,0.50011879
0.27260528,0.68063254,0.24575767,0.50567645,-0.49933727,0.49480715,0.50011948
0.27260621,0.68063358,0.24575773,0.50567648,-0.49933688,0.49480681,0.50012018
0.27260715,0.68063462,0.2457578,0.50567651,-0.49933649,0.49480647,0.50012088
0.27260808,0.68063566,0.24575786,0.50567653,-0.4993361,0.49480613,0.50012158
0.27260901,0.6806367,0.24575792,0.50567656,-0.49933571,0.49480579,0.50012228
0.27260994,0.68063773,0.24575799,0.50567658,-0.49933532,0.49480545,0.50012298
0.27261087,0.68063877,0.24575805,0.50567661,-0.49933493,0.49480511,0.50012368
0.2726118,0.6806398,0.24575811,0.50567663,-0.49933454,0.49480478,0.50012438
0.27261273,0.68064083,0.24575817,0.50567665,-0.49933415,0.49480444,0.50012508
0.27261366,0.68064186,0.24575823,0.50567667,-0.49933376,0.49480411,0.50012578
0.27261459,0.68064289,0.2457583,0.50567669,-0.49933336,0.49480377,0.50012649
0.27261552,0.68064392,0.24575836,0.50567671,-0.49933297,0.49480344,0.50012719
0.27261645,0.68064495,0.24575842,0.50567673,-0.49933258,0.49480311,0.50012789
0.27261738,0.68064598,0.24575848,0.50567675,-0.49933218,0.49480278,0.5001286
0.27261831,0.680647,0.24575854,0.50567676,-0.49933179,0.49480245,0.5001293
0.27261924,0.68064803,0.2457586,0.50567678,-0.49933139,0.49480212,0.50013001
0.27262017,0.68064905,0.24575866,0.50567679,-0.499331,0.49480179,0.50013071
0.2726211,0.68065007,0.24575871,0.50567681,-0.4993306,0.49480146,0.50013142
0.27262203,0.6806511,0.24575877,0.50567682,-0.4993302,0.49480113,0.50013212
0.27262296,0.68065212,0.24575883,0.50567683,-0.4993298,0.49480081,0.50013283
0.27262389,0.68065313,0.24575889,0.50567685,-0.49932941,0.49480048,0.50013354
0.27262482,0.68065415,0.24575895,0.50567686,-0.49932901,0.49480016,0.50013425
0.27262575,0.68065517,0.245759,0.50567687,-0.49932861,0.49479983,0.50013496
0.27262668,0.68065619,0.24575906,0.50567688,-0.49932821,0.49479951,0.50013566
0.27262761,0.6806572,0.24575912,0.50567688,-0.49932781,0.49479919,0.50013637
0.27262853,0.68065821,0.24575917,0.50567689,-0.49932741,0.49479886,0.50013708
0.27262946,0.68065923,0.24575923,0.5056769,-0.49932701,0.49479854,0.50013779
0.27263039,0.68066024,0.24575928,0.50567691,-0.49932661,0.49479822,0.50013851
0.27263132,0.68066125,0.24575934,0.50567691,-0.4993262,0.49479791,0.50013922
0.27263225,0.68066226,0.24575939,0.50567692,-0.4993258,0.49479759,0.50013993
0.27263318,0.68066326,0.24575945,0.50567692,-0.4993254,0.49479727,0.50014064
0.2726341,0.68066427,0.2457595,0.50567692,-0.49932499,0.49479695,0.50014136
0.27263503,0.68066528,0.24575955,0.50567693,-0.49932459,0.49479664,0.50014207
0.27263596,0.68066628,0.24575961,0.50567693,-0.49932418,0.49479632,0.50014278
0.27263688,0.68066728,0.24575966,0.50567693,-0.49932378,0.49479601,0.5001435
0.27263781,0.68066828,0.24575971,0.50567693,-0.49932337,0.4947957,0.50014421
0.27263874,0.68066928,0.24575976,0.50567693,-0.49932296,0.49479539,0.50014493
0.27263967,0.68067028,0.24575981,0.50567693,-0.49932256,0.49479507,0.50014564
0.27264059,0.68067128,0.24575987,0.50567692,-0.49932215,0.49479476,0.50014636
0.27264152,0.68067228,0.24575992,0.50567692,-0.49932174,0.49479445,0.50014708
0.27264244,0.68067328,0.24575997,0.50567692,-0.49932133,0.49479415,0.50014779
0.27264337,0.68067427,0.24576002,0.50567691,-0.49932092,0.49479384,0.50014851
0.2726443,0.68067526,0.24576007,0.50567691,-0.49932051,0.49479353,0.50014923
0.27264522,0.68067626,0.24576012,0.5056769,-0.4993201,0.49479322,0.50014995
0.27264615,0.68067725,0.24576017,0.5056769,-0.49931969,0.49479292,0.50015067
0.27264707,0.68067824,0.24576022,0.50567689,-0.49931928,0.49479261,0.50015139
0.272648,0.68067922,0.24576026,0.50567688,-0.49931886,0.49479231,0.50015211
0.27264892,0.68068021,0.24576031,0.50567687,-0.49931845,0.49479201,0.50015283
0.27264984,0.6806812,0.24576036,0.50567686,-0.49931804,0.49479171,0.50015355
0.27265077,0.68068218,0.24576041,0.50567685,-0.49931762,0.49479141,0.50015427
0.27265169,0.68068317,0.24576045,0.50567684,-0.49931721,0.49479111,0.500155
0.27265261,0.68068415,0.2457605,0.50567683,-0.49931679,0.49479081,0.50015572
0.27265354,0.68068513,0.24576055,0.50567682,-0.49931638,0.49479051,0.50015644
0.27265446,0.68068611,0.24576059,0.5056768,-0.49931596,0.49479021,0.50015717
0.27265538,0.68068709,0.24576064,0.50567679,-0.49931554,0.49478991,0.50015789
0.27265631,0.68068807,0.24576068,0.50567677,-0.49931513,0.49478962,0.50015861
0.27265723,0.68068904,0.24576073,0.50567676,-0.49931471,0.49478932,0.50015934
0.27265815,0.68069002,0.24576077,0.50567674,-0.49931429,0.49478903,0.50016007
0.27265907,0.68069099,0.24576082,0.50567673,-0.49931387,0.49478873,0.50016079
0.27265999,0.68069196,0.24576086,0.50567671,-0.49931345,0.49478844,0.50016152
0.27266091,0.68069293,0.2457609,0.50567669,-0.49931303,0.49478815,0.50016225
0.27266183,0.6806939,0.24576095,0.50567667,-0.49931261,0.49478786,0.50016297
0.27266275,0.68069487,0.24576099,0.50567665,-0.49931219,0.49478757,0.5001637
0.27266367,0.68069584,0.24576103,0.50567663,-0.49931176,0.49478728,0.50016443
0.27266459,0.6806968,0.24576107,0.50567661,-0.49931134,0.49478699,0.50016516
0.27266551,0.68069777,0.24576112,0.50567659,-0.49931092,0.4947867,0.50016589
0.27266643,0.68069873,0.24576116,0.50567656,-0.49931049,0.49478642,0.50016662
0.27266735,0.68069969,0.2457612,0.50567654,-0.49931007,0.49478613,0.50016735
0.27266827,0.68070066,0.24576124,0.50567652,-0.49930964,0.49478585,0.50016808
0.27266919,0.68070161,0.24576128,0.50567649,-0.49930922,0.49478556,0.50016881
0.2726701,0.68070257,0.24576132,0.50567647,-0.49930879,0.49478528,0.50016954
0.27267102,0.68070353,0.24576136,0.50567644,-0.49930836,0.494785,0.50017027
0.27267194,0.68070449,0.2457614,0.50567641,-0.49930793,0.49478472,0.50017101
0.27267285,0.68070544,0.24576144,0.50567639,-0.49930751,0.49478443,0.50017174
0.27267377,0.68070639,0.24576148,0.50567636,-0.49930708,0.49478415,0.50017247
0.27267469,0.68070734,0.24576151,0.50567633,-0.49930665,0.49478388,0.50017321
0.2726756,0.68070829,0.24576155,0.5056763,-0.49930622,0.4947836,0.50017394
0.27267652,0.68070924,0.24576159,0.50567627,-0.49930579,0.49478332,0.50017468
0.27267743,0.68071019,0.24576163,0.50567624,-0.49930535,0.49478304,0.50017541
0.27267835,0.68071114,0.24576166,0.50567621,-0.49930492,0.49478277,0.50017615
0.27267926,0.68071208,0.2457617,0.50567617,-0.49930449,0.49478249,0.50017689
0.27268017,0.68071303,0.24576174,0.50567614,-0.49930406,0.49478222,0.50017762
0.27268109,0.68071397,0.24576177,0.50567611,-0.49930362,0.49478195,0.50017836
0.272682,0.68071491,0.24576181,0.50567607,-0.49930319,0.49478167,0.5001791
0.27268291,0.68071585,0.24576184,0.50567604,-0.49930275,0.4947814,0.50017984
0.27268382,0.68071679,0.24576188,0.505676,-0.49930232,0.49478113,0.50018058
0.27268474,0.68071772,0.24576191,0.50567597,-0.49930188,0.49478086,0.50018132
0.27268565,0.68071866,0.24576194,0.50567593,-0.49930144,0.49478059,0.50018206
0.27268656,0.68071959,0.24576198,0.50567589,-0.499301,0.49478033,0.5001828
0.27268747,0.68072053,0.24576201,0.50567585,-0.49930057,0.49478006,0.50018354
0.27268838,0.68072146,0.24576204,0.50567582,-0.49930013,0.49477979,0.50018428
0.27268929,0.68072239,0.24576208,0.50567578,-0.49929969,0.49477953,0.50018502
0.2726902,0.68072332,0.24576211,0.50567574,-0.49929925,0.49477926,0.50018576
0.27269111,0.68072425,0.24576214,0.5056757,-0.4992988,0.494779,0.5001865
0.27269202,0.68072517,0.24576217,0.50567565,-0.49929836,0.49477874,0.50018725
0.27269292,0.6807261,0.2457622,0.50567561,-0.49929792,0.49477847,0.50018799
0.27269383,0.68072702,0.24576223,0.50567557,-0.49929748,0.49477821,0.50018873
0.27269474,0.68072794,0.24576226,0.50567553,-0.49929703,0.49477795,0.50018948
0.27269564,0.68072886,0.24576229,0.50567548,-0.49929659,0.49477769,0.50019022
0.27269655,0.68072978,0.24576232,0.50567544,-0.49929614,0.49477743,0.50019097
0.27269746,0.6807307,0.24576235,0.50567539,-0.4992957,0.49477718,0.50019171
0.27269836,0.68073162,0.24576238,0.50567535,-0.49929525,0.49477692,0.50019246
0.27269927,0.68073253,0.24576241,0.5056753,-0.49929481,0.49477666,0.5001932
0.27270017,0.68073345,0.24576244,0.50567525,-0.49929436,0.49477641,0.50019395
0.27270107,0.68073436,0.24576247,0.5056752,-0.49929391,0.49477615,0.5001947
0.27270198,0.68073527,0.24576249,0.50567516,-0.49929346,0.4947759,0.50019545
0.27270288,0.68073618,0.24576252,0.50567511,-0.49929301,0.49477565,0.5001962
0.27270378,0.68073709,0.24576255,0.50567506,-0.49929256,0.49477539,0.50019694
0.27270468,0.68073799,0.24576257,0.50567501,-0.49929211,0.49477514,0.50019769
0.27270559,0.6807389,0.2457626,0.50567496,-0.49929166,0.49477489,0.50019844
0.27270649,0.6807398,0.24576263,0.50567491,-0.49929121,0.49477464,0.50019919
0.27270739,0.6807407,0.24576265,0.50567485,-0.49929075,0.4947744,0.50019994
0.27270829,0.68074161,0.24576268,0.5056748,-0.4992903,0.49477415,0.50020069
0.27270919,0.68074251,0.2457627,0.50567475,-0.49928985,0.4947739,0.50020145
0.27271009,0.6807434,0.24576272,0.50567469,-0.49928939,0.49477366,0.5002022
0.27271098,0.6807443,0.24576275,0.50567464,-0.49928894,0.49477341,0.50020295
0.27271188,0.6807452,0.24576277,0.50567458,-0.49928848,0.49477317,0.5002037
0.27271278,0.68074609,0.2457628,0.50567453,-0.49928802,0.49477292,0.50020445
0.27271368,0.68074698,0.24576282,0.50567447,-0.49928757,0.49477268,0.50020521
0.27271457,0.68074787,0.24576284,0.50567441,-0.49928711,0.49477244,0.50020596
0.27271547,0.68074876,0.24576286,0.50567436,-0.49928665,0.4947722,0.50020672
0.27271636,0.68074965,0.24576289,0.5056743,-0.49928619,0.49477196,0.50020747
0.27271726,0.68075054,0.24576291,0.50567424,-0.49928573,0.49477172,0.50020823
0.27271815,0.68075142,0.24576293,0.50567418,-0.49928527,0.49477148,0.50020898
0.27271905,0.68075231,0.24576295,0.50567412,-0.49928481,0.49477124,0.50020974
0.27271994,0.68075319,0.24576297,0.50567406,-0.49928434,0.49477101,0.50021049
0.27272083,0.68075407,0.24576299,0.505674,-0.49928388,0.49477077,0.50021125
0.27272173,0.68075495,0.24576301,0.50567394,-0.49928342,0.49477054,0.50021201
0.27272262,0.68075583,0.24576303,0.50567388,-0.49928295,0.4947703,0.50021277
0.27272351,0.68075671,0.24576305,0.50567381,-0.49928249,0.49477007,0.50021352
0.2727244,0.68075758,0.24576307,0.50567375,-0.49928202,0.49476984,0.50021428
0.27272529,0.68075846,0.24576309,0.50567369,-0.49928156,0.4947696,0.50021504
0.27272618,0.68075933,0.2457631,0.50567362,-0.49928109,0.49476937,0.5002158
0.27272707,0.6807602,0.24576312,0.50567356,-0.49928062,0.49476914,0.50021656
0.27272796,0.68076107,0.24576314,0.50567349,-0.49928015,0.49476892,0.50021732
0.27272884,0.68076194,0.24576316,0.50567343,-0.49927968,0.49476869,0.50021808
0.27272973,0.68076281,0.24576317,0.50567336,-0.49927921,0.49476846,0.50021884
0.27273062,0.68076367,0.24576319,0.50567329,-0.49927874,0.49476823,0.5002196
0.2727315,0.68076453,0.2457632,0.50567322,-0.49927827,0.49476801,0.50022037
0.27273239,0.6807654,0.24576322,0.50567316,-0.4992778,0.49476778,0.50022113
0.27273327,0.68076626,0.24576324,0.50567309,-0.49927733,0.49476756,0.50022189
0.27273416,0.68076712,0.24576325,0.50567302,-0.49927686,0.49476734,0.50022265
0.27273504,0.68076798,0.24576326,0.50567295,-0.49927638,0.49476711,0.50022342
0.27273592,0.68076883,0.24576328,0.50567288,-0.49927591,0.49476689,0.50022418
0.27273681,0.68076969,0.24576329,0.50567281,-0.49927543,0.49476667,0.50022495
0.27273769,0.68077054,0.24576331,0.50567273,-0.49927496,0.49476645,0.50022571
0.27273857,0.68077139,0.24576332,0.50567266,-0.49927448,0.49476623,0.50022647
0.27273945,0.68077224,0.24576333,0.50567259,-0.499274,0.49476602,0.50022724
0.27274033,0.68077309,0.24576335,0.50567252,-0.49927352,0.4947658,0.50022801
0.27274121,0.68077394,0.24576336,0.50567244,-0.49927304,0.49476558,0.50022877
0.27274209,0.68077479,0.24576337,0.50567237,-0.49927256,0.49476537,0.50022954
0.27274297,0.68077563,0.24576338,0.50567229,-0.49927208,0.49476515,0.50023031
0.27274384,0.68077647,0.24576339,0.50567222,-0.4992716,0.49476494,0.50023107
0.27274472,0.68077732,0.2457634,0.50567214,-0.49927112,0.49476473,0.50023184
0.2727456,0.68077816,0.24576341,0.50567207,-0.49927064,0.49476452,0.50023261
0.27274647,0.680779,0.24576342,0.50567199,-0.49927016,0.4947643,0.50023338
0.27274735,0.68077983,0.24576343,0.50567191,-0.49926967,0.49476409,0.50023415
0.27274822,0.68078067,0.24576344,0.50567183,-0.49926919,0.49476388,0.50023492
0.2727491,0.6807815,0.24576345,0.50567176,-0.4992687,0.49476368,0.50023569
0.27274997,0.68078234,0.24576346,0.50567168,-0.49926822,0.49476347,0.50023646
0.27275084,0.68078317,0.24576347,0.5056716,-0.49926773,0.49476326,0.50023723
0.27275171,0.680784,0.24576348,0.50567152,-0.49926724,0.49476306,0.500238
0.27275259,0.68078483,0.24576348,0.50567144,-0.49926675,0.49476285,0.50023877
0.27275346,0.68078565,0.24576349,0.50567136,-0.49926627,0.49476265,0.50023954
0.27275433,0.68078648,0.2457635,0.50567128,-0.49926578,0.49476244,0.50024031
0.2727552,0.6807873,0.24576351,0.50567119,-0.49926529,0.49476224,0.50024109
0.27275606,0.68078812,0.24576351,0.50567111,-0.4992648,0.49476204,0.50024186
0.27275693,0.68078894,0.24576352,0.50567103,-0.4992643,0.49476184,0.50024263
0.2727578,0.68078976,0.24576352,0.50567094,-0.49926381,0.49476164,0.50024341
0.27275867,0.68079058,0.24576353,0.50567086,-0.49926332,0.49476144,0.50024418
0.27275953,0.6807914,0.24576353,0.50567078,-0.49926282,0.49476124,0.50024495
0.2727604,0.68079221,0.24576354,0.50567069,-0.49926233,0.49476104,0.50024573
0.27276126,0.68079303,0.24576354,0.50567061,-0.49926183,0.49476084,0.5002465
0.27276213,0.68079384,0.24576355,0.50567052,-0.49926134,0.49476065,0.50024728
0.27276299,0.68079465,0.24576355,0.50567043,-0.49926084,0.49476045,0.50024806
0.27276385,0.68079546,0.24576355,0.50567035,-0.49926034,0.49476026,0.50024883
0.27276471,0.68079627,0.24576356,0.50567026,-0.49925985,0.49476007,0.50024961
0.27276558,0.68079707,0.24576356,0.50567017,-0.49925935,0.49475987,0.50025039
0.27276644,0.68079788,0.24576356,0.50567008,-0.49925885,0.49475968,0.50025116
0.2727673,0.68079868,0.24576356,0.50567,-0.49925835,0.49475949,0.50025194
0.27276815,0.68079948,0.24576357,0.50566991,-0.49925785,0.4947593,0.50025272
0.27276901,0.68080028,0.24576357,0.50566982,-0.49925734,0.49475911,0.5002535
0.27276987,0.68080108,0.24576357,0.50566973,-0.49925684,0.49475892,0.50025428
0.27277073,0.68080187,0.24576357,0.50566964,-0.49925634,0.49475874,0.50025506
0.27277158,0.68080267,0.24576357,0.50566954,-0.49925583,0.49475855,0.50025584
0.27277244,0.68080346,0.24576357,0.50566945,-0.49925533,0.49475836,0.50025662
0.2727733,0.68080426,0.24576357,0.50566936,-0.49925482,0.49475818,0.5002574
0.27277415,0.68080505,0.24576357,0.50566927,-0.49925432,0.494758,0.50025818
0.272775,0.68080584,0.24576357,0.50566918,-0.49925381,0.49475781,0.50025896
0.27277586,0.68080662,0.24576357,0.50566908,-0.4992533,0.49475763,0.50025974
0.27277671,0.68080741,0.24576356,0.50566899,-0.49925279,0.49475745,0.50026052
0.27277756,0.68080819,0.24576356,0.50566889,-0.49925228,0.49475727,0.5002613
0.27277841,0.68080898,0.24576356,0.5056688,-0.49925177,0.49475709,0.50026208
0.27277926,0.68080976,0.24576356,0.50566871,-0.49925126,0.49475691,0.50026287
0.27278011,0.68081054,0.24576355,0.50566861,-0.49925075,0.49475673,0.50026365
0.27278096,0.68081132,0.24576355,0.50566851,-0.49925024,0.49475655,0.50026443
0.2727818,0.68081209,0.24576355,0.50566842,-0.49924973,0.49475638,0.50026522
0.27278265,0.68081287,0.24576354,0.50566832,-0.49924921,0.4947562,0.500266
0.2727835,0.68081364,0.24576354,0.50566822,-0.4992487,0.49475603,0.50026679
0.27278434,0.68081442,0.24576353,0.50566813,-0.49924818,0.49475585,0.50026757
0.27278519,0.68081519,0.24576353,0.50566803,-0.49924767,0.49475568,0.50026836
0.27278603,0.68081596,0.24576352,0.50566793,-0.49924715,0.49475551,0.50026914
0.27278688,0.68081672,0.24576352,0.50566783,-0.49924663,0.49475534,0.50026993
0.27278772,0.68081749,0.24576351,0.50566773,-0.49924612,0.49475517,0.50027071
0.27278856,0.68081826,0.24576351,0.50566763,-0.4992456,0.494755,0.5002715
0.2727894,0.68081902,0.2457635,0.50566753,-0.49924508,0.49475483,0.50027229
0.27279024,0.68081978,0.24576349,0.50566743,-0.49924456,0.49475466,0.50027308
0.27279108,0.68082054,0.24576349,0.50566733,-0.49924404,0.49475449,0.50027386
0.27279192,0.6808213,0.24576348,0.50566723,-0.49924351,0.49475433,0.50027465
0.27279276,0.68082206,0.24576347,0.50566712,-0.49924299,0.49475416,0.50027544
0.27279359,0.68082281,0.24576346,0.50566702,-0.49924247,0.494754,0.50027623
0.27279443,0.68082357,0.24576345,0.50566692,-0.49924194,0.49475383,0.50027702
0.27279527,0.68082432,0.24576344,0.50566682,-0.49924142,0.49475367,0.50027781
0.2727961,0.68082507,0.24576344,0.50566671,-0.49924089,0.49475351,0.5002786
0.27279694,0.68082582,0.24576343,0.50566661,-0.49924037,0.49475335,0.50027939
0.27279777,0.68082657,0.24576342,0.5056665,-0.49923984,0.49475319,0.50028018
0.2727986,0.68082731,0.24576341,0.5056664,-0.49923931,0.49475303,0.50028097
0.27279943,0.68082806,0.2457634,0.50566629,-0.49923878,0.49475287,0.50028176
0.27280026,0.6808288,0.24576338,0.50566619,-0.49923825,0.49475271,0.50028255
0.27280109,0.68082954,0.24576337,0.50566608,-0.49923772,0.49475255,0.50028334
0.27280192,0.68083028,0.24576336,0.50566598,-0.49923719,0.4947524,0.50028413
0.27280275,0.68083102,0.24576335,0.50566587,-0.49923666,0.49475224,0.50028492
0.27280358,0.68083176,0.24576334,0.50566576,-0.49923613,0.49475209,0.50028572
0.27280441,0.6808325,0.24576333,0.50566566,-0.49923559,0.49475193,0.50028651
0.27280523,0.68083323,0.24576331,0.50566555,-0.49923506,0.49475178,0.5002873
0.27280606,0.68083396,0.2457633,0.50566544,-0.49923452,0.49475163,0.5002881
0.27280688,0.68083469,0.24576329,0.50566533,-0.49923399,0.49475148,0.50028889
0.27280771,0.68083542,0.24576327,0.50566522,-0.49923345,0.49475133,0.50028968
0.27280853,0.68083615,0.24576326,0.50566511,-0.49923292,0.49475118,0.50029048
0.27280935,0.68083688,0.24576324,0.505665,-0.49923238,0.49475103,0.50029127
0.27281018,0.6808376,0.24576323,0.50566489,-0.49923184,0.49475088,0.50029207
0.272811,0.68083833,0.24576322,0.50566478,-0.4992313,0.49475074,0.50029286
0.27281182,0.68083905,0.2457632,0.50566467,-0.49923076,0.49475059,0.50029366
0.27281263,0.68083977,0.24576318,0.50566456,-0.49923022,0.49475044,0.50029445
0.27281345,0.68084049,0.24576317,0.50566445,-0.49922968,0.4947503,0.50029525
0.27281427,0.6808412,0.24576315,0.50566434,-0.49922913,0.49475016,0.50029605
0.27281509,0.68084192,0.24576314,0.50566422,-0.49922859,0.49475001,0.50029684
0.2728159,0.68084263,0.24576312,0.50566411,-0.49922805,0.49474987,0.50029764
0.27281672,0.68084335,0.2457631,0.505664,-0.4992275,0.49474973,0.50029844
0.27281753,0.68084406,0.24576308,0.50566388,-0.49922696,0.49474959,0.50029924
0.27281835,0.68084477,0.24576307,0.50566377,-0.49922641,0.49474945,0.50030003
0.27281916,0.68084547,0.24576305,0.50566366,-0.49922586,0.49474931,0.50030083
0.27281997,0.68084618,0.24576303,0.50566354,-0.49922532,0.49474918,0.50030163
0.27282078,0.68084689,0.24576301,0.50566343,-0.49922477,0.49474904,0.50030243
0.27282159,0.68084759,0.24576299,0.50566331,-0.49922422,0.4947489,0.50030323
0.2728224,0.68084829,0.24576297,0.50566319,-0.49922367,0.49474877,0.50030403
0.27282321,0.68084899,0.24576295,0.50566308,-0.49922312,0.49474863,0.50030483
0.27282402,0.68084969,0.24576293,0.50566296,-0.49922256,0.4947485,0.50030563
0.27282482,0.68085039,0.24576291,0.50566285,-0.49922201,0.49474837,0.50030643
0.27282563,0.68085108,0.24576289,0.50566273,-0.49922146,0.49474824,0.50030723
0.27282643,0.68085178,0.24576287,0.50566261,-0.4992209,0.4947481,0.50030803
0.27282724,0.68085247,0.24576285,0.50566249,-0.49922035,0.49474797,0.50030883
0.27282804,0.68085316,0.24576283,0.50566238,-0.49921979,0.49474785,0.50030963
0.27282884,0.68085385,0.24576281,0.50566226,-0.49921924,0.49474772,0.50031043
0.27282964,0.68085454,0.24576279,0.50566214,-0.49921868,0.49474759,0.50031124
0.27283045,0.68085523,0.24576276,0.50566202,-0.49921812,0.49474746,0.50031204
0.27283124,0.68085591,0.24576274,0.5056619,-0.49921756,0.49474734,0.50031284
0.27283204,0.6808566,0.24576272,0.50566178,-0.499217,0.49474721,0.50031364
0.27283284,0.68085728,0.2457627,0.50566166,-0.49921644,0.49474709,0.50031445
0.27283364,0.68085796,0.24576267,0.50566154,-0.49921588,0.49474696,0.50031525
0.27283444,0.68085864,0.24576265,0.50566142,-0.49921532,0.49474684,0.50031606
0.27283523,0.68085931,0.24576262,0.5056613,-0.49921476,0.49474672,0.50031686
0.27283603,0.68085999,0.2457626,0.50566118,-0.49921419,0.4947466,0.50031766
0.27283682,0.68086066,0.24576258,0.50566106,-0.49921363,0.49474648,0.50031847
0.27283761,0.68086134,0.24576255,0.50566093,-0.49921307,0.49474636,0.50031927
0.27283841,0.68086201,0.24576252,0.50566081,-0.4992125,0.49474624,0.50032008
0.2728392,0.68086268,0.2457625,0.50566069,-0.49921193,0.49474612,0.50032088
0.27283999,0.68086335,0.24576247,0.50566057,-0.49921137,0.49474601,0.50032169
0.27284078,0.68086401,0.24576245,0.50566044,-0.4992108,0.49474589,0.50032249
0.27284157,0.68086468,0.24576242,0.50566032,-0.49921023,0.49474578,0.5003233
0.27284235,0.68086534,0.24576239,0.5056602,-0.49920966,0.49474566,0.50032411
0.27284314,0.680866,0.24576237,0.50566007,-0.49920909,0.49474555,0.50032491
0.27284393,0.68086666,0.24576234,0.50565995,-0.49920852,0.49474544,0.50032572
0.27284471,0.68086732,0.24576231,0.50565982,-0.49920794,0.49474533,0.50032653
0.2728455,0.68086798,0.24576228,0.5056597,-0.49920737,0.49474521,0.50032734
0.27284628,0.68086864,0.24576226,0.50565957,-0.4992068,0.4947451,0.50032814
0.27284706,0.68086929,0.24576223,0.50565945,-0.49920622,0.494745,0.50032895
0.27284784,0.68086994,0.2457622,0.50565932,-0.49920565,0.49474489,0.50032976
0.27284862,0.6808706,0.24576217,0.50565919,-0.49920507,0.49474478,0.50033057
0.2728494,0.68087125,0.24576214,0.50565907,-0.4992045,0.49474467,0.50033138
0.27285018,0.68087189,0.24576211,0.50565894,-0.49920392,0.49474457,0.50033219
0.27285096,0.68087254,0.24576208,0.50565881,-0.49920334,0.49474446,0.500333
0.27285174,0.68087319,0.24576205,0.50565869,-0.49920276,0.49474436,0.5003338
0.27285251,0.68087383,0.24576202,0.50565856,-0.49920218,0.49474425,0.50033461
0.27285329,0.68087447,0.24576199,0.50565843,-0.4992016,0.49474415,0.50033542
0.27285406,0.68087511,0.24576196,0.5056583,-0.49920102,0.49474405,0.50033623
0.27285484,0.68087575,0.24576192,0.50565817,-0.49920044,0.49474395,0.50033705
0.27285561,0.68087639,0.24576189,0.50565805,-0.49919985,0.49474385,0.50033786
0.27285638,0.68087703,0.24576186,0.50565792,-0.49919927,0.49474375,0.50033867
0.27285715,0.68087766,0.24576183,0.50565779,-0.49919868,0.49474365,0.50033948
0.27285792,0.6808783,0.2457618,0.50565766,-0.4991981,0.49474356,0.50034029
0.27285869,0.68087893,0.24576176,0.50565753,-0.49919751,0.49474346,0.5003411
0.27285946,0.68087956,0.24576173,0.5056574,-0.49919693,0.49474336,0.50034191
0.27286023,0.68088019,0.2457617,0.50565727,-0.49919634,0.49474327,0.50034273
0.27286099,0.68088081,0.24576166,0.50565714,-0.49919575,0.49474317,0.50034354
0.27286176,0.68088144,0.24576163,0.50565701,-0.49919516,0.49474308,0.50034435
0.27286252,0.68088206,0.24576159,0.50565687,-0.49919457,0.49474299,0.50034516
0.27286329,0.68088269,0.24576156,0.50565674,-0.49919398,0.4947429,0.50034598
0.27286405,0.68088331,0.24576152,0.50565661,-0.49919339,0.49474281,0.50034679
0.27286481,0.68088393,0.24576149,0.50565648,-0.49919279,0.49474272,0.5003476
0.27286557,0.68088455,0.24576145,0.50565635,-0.4991922,0.49474263,0.50034842
0.27286633,0.68088516,0.24576142,0.50565621,-0.49919161,0.49474254,0.50034923
0.27286709,0.68088578,0.24576138,0.50565608,-0.49919101,0.49474245,0.50035005
0.27286785,0.68088639,0.24576135,0.50565595,-0.49919042,0.49474236,0.50035086
0.2728686,0.680887,0.24576131,0.50565582,-0.49918982,0.49474228,0.50035167
0.27286936,0.68088762,0.24576127,0.50565568,-0.49918922,0.49474219,0.50035249
0.27287012,0.68088822,0.24576124,0.50565555,-0.49918862,0.49474211,0.5003533
0.27287087,0.68088883,0.2457612,0.50565541,-0.49918802,0.49474203,0.50035412
0.27287162,0.68088944,0.24576116,0.50565528,-0.49918743,0.49474194,0.50035494
0.27287238,0.68089004,0.24576112,0.50565515,-0.49918682,0.49474186,0.50035575
0.27287313,0.68089065,0.24576108,0.50565501,-0.49918622,0.49474178,0.50035657
0.27287388,0.68089125,0.24576105,0.50565488,-0.49918562,0.4947417,0.50035738
0.27287463,0.68089185,0.24576101,0.50565474,-0.49918502,0.49474162,0.5003582
0.27287538,0.68089245,0.24576097,0.50565461,-0.49918441,0.49474154,0.50035902
0.27287612,0.68089305,0.24576093,0.50565447,-0.49918381,0.49474147,0.50035983
0.27287687,0.68089364,0.24576089,0.50565433,-0.4991832,0.49474139,0.50036065
0.27287762,0.68089424,0.24576085,0.5056542,-0.4991826,0.49474131,0.50036147
0.27287836,0.68089483,0.24576081,0.50565406,-0.49918199,0.49474124,0.50036229
0.27287911,0.68089542,0.24576077,0.50565392,-0.49918138,0.49474116,0.5003631
0.27287985,0.68089601,0.24576073,0.50565379,-0.49918078,0.49474109,0.50036392
0.27288059,0.6808966,0.24576069,0.50565365,-0.49918017,0.49474102,0.50036474
0.27288133,0.68089719,0.24576065,0.50565351,-0.49917956,0.49474095,0.50036556
0.27288207,0.68089777,0.2457606,0.50565338,-0.49917894,0.49474088,0.50036638
0.27288281,0.68089836,0.24576056,0.50565324,-0.49917833,0.49474081,0.50036719
0.27288355,0.68089894,0.24576052,0.5056531,-0.49917772,0.49474074,0.50036801
0.27288429,0.68089952,0.24576048,0.50565296,-0.49917711,0.49474067,0.50036883
0.27288502,0.6809001,0.24576044,0.50565282,-0.49917649,0.4947406,0.50036965
0.27288576,0.68090068,0.24576039,0.50565268,-0.49917588,0.49474054,0.50037047
0.27288649,0.68090125,0.24576035,0.50565255,-0.49917526,0.49474047,0.50037129
0.27288723,0.68090183,0.24576031,0.50565241,-0.49917465,0.4947404,0.50037211
0.27288796,0.6809024,0.24576026,0.50565227,-0.49917403,0.49474034,0.50037293
0.27288869,0.68090298,0.24576022,0.50565213,-0.49917341,0.49474028,0.50037375
0.27288942,0.68090355,0.24576018,0.50565199,-0.49917279,0.49474021,0.50037457
0.27289015,0.68090412,0.24576013,0.50565185,-0.49917217,0.49474015,0.50037539
0.27289088,0.68090468,0.24576009,0.50565171,-0.49917155,0.49474009,0.50037621
0.27289161,0.68090525,0.24576004,0.50565157,-0.49917093,0.49474003,0.50037703
0.27289234,0.68090582,0.24576,0.50565143,-0.49917031,0.49473997,0.50037786
0.27289306,0.68090638,0.24575995,0.50565129,-0.49916968,0.49473991,0.50037868
0.27289379,0.68090694,0.24575991,0.50565114,-0.49916906,0.49473986,0.5003795
0.27289451,0.6809075,0.24575986,0.505651,-0.49916844,0.4947398,0.50038032
0.27289523,0.68090806,0.24575981,0.50565086,-0.49916781,0.49473974,0.50038114
0.27289596,0.68090862,0.24575977,0.50565072,-0.49916718,0.49473969,0.50038197
0.27289668,0.68090918,0.24575972,0.50565058,-0.49916656,0.49473963,0.50038279
0.2728974,0.68090973,0.24575967,0.50565044,-0.49916593,0.49473958,0.50038361
0.27289812,0.68091028,0.24575963,0.50565029,-0.4991653,0.49473953,0.50038443
0.27289883,0.68091084,0.24575958,0.50565015,-0.49916467,0.49473948,0.50038526
0.27289955,0.68091139,0.24575953,0.50565001,-0.49916404,0.49473943,0.50038608
0.27290027,0.68091194,0.24575948,0.50564987,-0.49916341,0.49473938,0.5003869
0.27290098,0.68091248,0.24575943,0.50564972,-0.49916278,0.49473933,0.50038773
0.2729017,0.68091303,0.24575939,0.50564958,-0.49916215,0.49473928,0.50038855
0.27290241,0.68091358,0.24575934,0.50564944,-0.49916151,0.49473923,0.50038937
0.27290312,0.68091412,0.24575929,0.50564929,-0.49916088,0.49473918,0.5003902
0.27290383,0.68091466,0.24575924,0.50564915,-0.49916024,0.49473914,0.50039102
0.27290454,0.6809152,0.24575919,0.50564901,-0.49915961,0.49473909,0.50039185
0.27290525,0.68091574,0.24575914,0.50564886,-0.49915897,0.49473905,0.50039267
0.27290596,0.68091628,0.24575909,0.50564872,-0.49915833,0.494739,0.50039349
0.27290667,0.68091681,0.24575904,0.50564857,-0.4991577,0.49473896,0.50039432
0.27290738,0.68091735,0.24575899,0.50564843,-0.49915706,0.49473892,0.50039514
0.27290808,0.68091788,0.24575894,0.50564828,-0.49915642,0.49473888,0.50039597
0.27290879,0.68091842,0.24575889,0.50564814,-0.49915578,0.49473884,0.50039679
0.27290949,0.68091895,0.24575884,0.50564799,-0.49915514,0.4947388,0.50039762
0.27291019,0.68091948,0.24575878,0.50564785,-0.49915449,0.49473876,0.50039845
0.27291089,0.68092,0.24575873,0.5056477,-0.49915385,0.49473872,0.50039927
0.27291159,0.68092053,0.24575868,0.50564756,-0.49915321,0.49473869,0.5004001
0.27291229,0.68092105,0.24575863,0.50564741,-0.49915256,0.49473865,0.50040092
0.27291299,0.68092158,0.24575858,0.50564726,-0.49915192,0.49473861,0.50040175
0.27291369,0.6809221,0.24575852,0.50564712,-0.49915127,0.49473858,0.50040258
0.27291439,0.68092262,0.24575847,0.50564697,-0.49915062,0.49473855,0.5004034
0.27291508,0.68092314,0.24575842,0.50564683,-0.49914998,0.49473851,0.50040423
0.27291578,0.68092366,0.24575836,0.50564668,-0.49914933,0.49473848,0.50040506
0.27291647,0.68092418,0.24575831,0.50564653,-0.49914868,0.49473845,0.50040588
0.27291716,0.68092469,0.24575826,0.50564638,-0.49914803,0.49473842,0.50040671
0.27291785,0.6809252,0.2457582,0.50564624,-0.49914738,0.49473839,0.50040754
0.27291854,0.68092572,0.24575815,0.50564609,-0.49914672,0.49473836,0.50040837
0.27291923,0.68092623,0.24575809,0.50564594,-0.49914607,0.49473833,0.50040919
0.27291992,0.68092674,0.24575804,0.5056458,-0.49914542,0.49473831,0.50041002
0.27292061,0.68092725,0.24575798,0.50564565,-0.49914476,0.49473828,0.50041085
0.2729213,0.68092775,0.24575793,0.5056455,-0.49914411,0.49473826,0.50041168
0.27292198,0.68092826,0.24575787,0.50564535,-0.49914345,0.49473823,0.5004125
0.27292267,0.68092876,0.24575782,0.5056452,-0.4991428,0.49473821,0.50041333
0.27292335,0.68092927,0.24575776,0.50564505,-0.49914214,0.49473818,0.50041416
0.27292403,0.68092977,0.2457577,0.50564491,-0.49914148,0.49473816,0.50041499
0.27292472,0.68093027,0.24575765,0.50564476,-0.49914082,0.49473814,0.50041582
0.2729254,0.68093077,0.24575759,0.50564461,-0.49914016,0.49473812,0.50041665
0.27292608,0.68093126,0.24575753,0.50564446,-0.4991395,0.4947381,0.50041748
0.27292675,0.68093176,0.24575748,0.50564431,-0.49913884,0.49473808,0.50041831
0.27292743,0.68093225,0.24575742,0.50564416,-0.49913818,0.49473806,0.50041914
0.27292811,0.68093275,0.24575736,0.50564401,-0.49913751,0.49473805,0.50041996
0.27292878,0.68093324,0.2457573,0.50564386,-0.49913685,0.49473803,0.50042079
0.27292946,0.68093373,0.24575725,0.50564371,-0.49913619,0.49473802,0.50042162
0.27293013,0.68093422,0.24575719,0.50564356,-0.49913552,0.494738,0.50042245
0.2729308,0.6809347,0.24575713,0.50564341,-0.49913485,0.49473799,0.50042328
0.27293148,0.68093519,0.24575707,0.50564326,-0.49913419,0.49473797,0.50042411
0.27293215,0.68093568,0.24575701,0.50564311,-0.49913352,0.49473796,0.50042494
0.27293282,0.68093616,0.24575695,0.50564296,-0.49913285,0.49473795,0.50042577
0.27293348,0.68093664,0.24575689,0.50564281,-0.49913218,0.49473794,0.5004266
0.27293415,0.68093712,0.24575683,0.50564266,-0.49913151,0.49473793,0.50042743
0.27293482,0.6809376,0.24575677,0.50564251,-0.49913084,0.49473792,0.50042827
0.27293548,0.68093808,0.24575671,0.50564236,-0.49913017,0.49473791,0.5004291
0.27293615,0.68093856,0.24575665,0.50564221,-0.49912949,0.49473791,0.50042993
0.27293681,0.68093903,0.24575659,0.50564206,-0.49912882,0.4947379,0.50043076
0.27293747,0.68093951,0.24575653,0.5056419,-0.49912815,0.49473789,0.50043159
0.27293813,0.68093998,0.24575647,0.50564175,-0.49912747,0.49473789,0.50043242
0.2729388,0.68094045,0.24575641,0.5056416,-0.49912679,0.49473788,0.50043325
0.27293945,0.68094092,0.24575635,0.50564145,-0.49912612,0.49473788,0.50043408
0.27294011,0.68094139,0.24575629,0.5056413,-0.49912544,0.49473788,0.50043492
0.27294077,0.68094186,0.24575622,0.50564115,-0.49912476,0.49473788,0.50043575
0.27294143,0.68094233,0.24575616,0.50564099,-0.49912408,0.49473788,0.50043658
0.27294208,0.68094279,0.2457561,0.50564084,-0.4991234,0.49473788,0.50043741
0.27294274,0.68094325,0.24575604,0.50564069,-0.49912272,0.49473788,0.50043824
0.27294339,0.68094372,0.24575597,0.50564054,-0.49912204,0.49473788,0.50043908
0.27294404,0.68094418,0.24575591,0.50564038,-0.49912136,0.49473788,0.50043991
0.27294469,0.68094464,0.24575585,0.50564023,-0.49912067,0.49473788,0.50044074
0.27294534,0.6809451,0.24575578,0.50564008,-0.49911999,0.49473789,0.50044157
0.27294599,0.68094555,0.24575572,0.50563993,-0.4991193,0.49473789,0.50044241
0.27294664,0.68094601,0.24575566,0.50563977,-0.49911862,0.4947379,0.50044324
0.27294729,0.68094646,0.24575559,0.50563962,-0.49911793,0.49473791,0.50044407
0.27294793,0.68094692,0.24575553,0.50563947,-0.49911725,0.49473791,0.5004449
0.27294858,0.68094737,0.24575546,0.50563931,-0.49911656,0.49473792,0.50044574
0.27294922,0.68094782,0.2457554,0.50563916,-0.49911587,0.49473793,0.50044657
0.27294986,0.68094827,0.24575533,0.50563901,-0.49911518,0.49473794,0.5004474
0.27295051,0.68094872,0.24575527,0.50563885,-0.49911449,0.49473795,0.50044824
0.27295115,0.68094916,0.2457552,0.5056387,-0.4991138,0.49473796,0.50044907
0.27295179,0.68094961,0.24575514,0.50563855,-0.4991131,0.49473798,0.5004499
0.27295243,0.68095005,0.24575507,0.50563839,-0.49911241,0.49473799,0.50045074
0.27295306,0.6809505,0.24575501,0.50563824,-0.49911172,0.494738,0.50045157
0.2729537,0.68095094,0.24575494,0.50563808,-0.49911102,0.49473802,0.5004524
0.27295434,0.68095138,0.24575487,0.50563793,-0.49911033,0.49473803,0.50045324
0.27295497,0.68095182,0.24575481,0.50563777,-0.49910963,0.49473805,0.50045407
0.2729556,0.68095225,0.24575474,0.50563762,-0.49910894,0.49473807,0.50045491
0.27295624,0.68095269,0.24575467,0.50563747,-0.49910824,0.49473809,0.50045574
0.27295687,0.68095313,0.24575461,0.50563731,-0.49910754,0.4947381,0.50045658
0.2729575,0.68095356,0.24575454,0.50563716,-0.49910684,0.49473812,0.50045741
0.27295813,0.68095399,0.24575447,0.505637,-0.49910614,0.49473814,0.50045824
0.27295876,0.68095442,0.2457544,0.50563685,-0.49910544,0.49473817,0.50045908
0.27295938,0.68095485,0.24575434,0.50563669,-0.49910474,0.49473819,0.50045991
0.27296001,0.68095528,0.24575427,0.50563654,-0.49910403,0.49473821,0.50046075
0.27296064,0.68095571,0.2457542,0.50563638,-0.49910333,0.49473823,0.50046158
0.27296126,0.68095614,0.24575413,0.50563622,-0.49910263,0.49473826,0.50046242
0.27296188,0.68095656,0.24575406,0.50563607,-0.49910192,0.49473828,0.50046325
0.27296251,0.68095699,0.24575399,0.50563591,-0.49910122,0.49473831,0.50046409
0.27296313,0.68095741,0.24575392,0.50563576,-0.49910051,0.49473834,0.50046492
0.27296375,0.68095783,0.24575385,0.5056356,-0.4990998,0.49473837,0.50046576
0.27296437,0.68095825,0.24575378,0.50563545,-0.49909909,0.49473839,0.50046659
0.27296498,0.68095867,0.24575371,0.50563529,-0.49909838,0.49473842,0.50046743
0.2729656,0.68095909,0.24575364,0.50563513,-0.49909767,0.49473845,0.50046826
0.27296622,0.6809595,0.24575357,0.50563498,-0.49909696,0.49473849,0.5004691
0.27296683,0.68095992,0.2457535,0.50563482,-0.49909625,0.49473852,0.50046993
0.27296745,0.68096033,0.24575343,0.50563467,-0.49909554,0.49473855,0.50047077
0.27296806,0.68096075,0.24575336,0.50563451,-0.49909483,0.49473858,0.50047161
0.27296867,0.68096116,0.24575329,0.50563435,-0.49909411,0.49473862,0.50047244
0.27296928,0.68096157,0.24575322,0.5056342,-0.4990934,0.49473865,0.50047328
0.27296989,0.68096198,0.24575315,0.50563404,-0.49909268,0.49473869,0.50047411
0.2729705,0.68096239,0.24575308,0.50563388,-0.49909197,0.49473873,0.50047495
0.27297111,0.68096279,0.24575301,0.50563373,-0.49909125,0.49473876,0.50047579
0.27297171,0.6809632,0.24575293,0.50563357,-0.49909053,0.4947388,0.50047662
0.27297232,0.6809636,0.24575286,0.50563341,-0.49908981,0.49473884,0.50047746
0.27297292,0.68096401,0.24575279,0.50563326,-0.49908909,0.49473888,0.50047829
0.27297353,0.68096441,0.24575272,0.5056331,-0.49908837,0.49473892,0.50047913
0.27297413,0.68096481,0.24575265,0.50563294,-0.49908765,0.49473896,0.50047997
0.27297473,0.68096521,0.24575257,0.50563279,-0.49908693,0.49473901,0.5004808
0.27297533,0.68096561,0.2457525,0.50563263,-0.49908621,0.49473905,0.50048164
0.27297593,0.680966,0.24575243,0.50563247,-0.49908549,0.4947391,0.50048248
0.27297653,0.6809664,0.24575235,0.50563231,-0.49908476,0.49473914,0.50048331
0.27297713,0.68096679,0.24575228,0.50563216,-0.49908404,0.49473919,0.50048415
0.27297772,0.68096719,0.24575221,0.505632,-0.49908331,0.49473923,0.50048499
0.27297832,0.68096758,0.24575213,0.50563184,-0.49908258,0.49473928,0.50048582
0.27297891,0.68096797,0.24575206,0.50563168,-0.49908186,0.49473933,0.50048666
0.2729795,0.68096836,0.24575198,0.50563153,-0.49908113,0.49473938,0.5004875
0.2729801,0.68096875,0.24575191,0.50563137,-0.4990804,0.49473943,0.50048833
0.27298069,0.68096914,0.24575183,0.50563121,-0.49907967,0.49473948,0.50048917
0.27298128,0.68096952,0.24575176,0.50563105,-0.49907894,0.49473953,0.50049001
0.27298186,0.68096991,0.24575168,0.5056309,-0.49907821,0.49473958,0.50049085
0.27298245,0.68097029,0.24575161,0.50563074,-0.49907747,0.49473964,0.50049168
0.27298304,0.68097068,0.24575153,0.50563058,-0.49907674,0.49473969,0.50049252
0.27298362,0.68097106,0.24575146,0.50563042,-0.49907601,0.49473974,0.50049336
0.27298421,0.68097144,0.24575138,0.50563026,-0.49907527,0.4947398,0.50049419
0.27298479,0.68097182,0.24575131,0.50563011,-0.49907454,0.49473986,0.50049503
0.27298537,0.6809722,0.24575123,0.50562995,-0.4990738,0.49473991,0.50049587
0.27298596,0.68097257,0.24575115,0.50562979,-0.49907306,0.49473997,0.50049671
0.27298654,0.68097295,0.24575108,0.50562963,-0.49907233,0.49474003,0.50049754
0.27298712,0.68097333,0.245751,0.50562947,-0.49907159,0.49474009,0.50049838
0.27298769,0.6809737,0.24575092,0.50562931,-0.49907085,0.49474015,0.50049922
0.27298827,0.68097407,0.24575085,0.50562915,-0.49907011,0.49474021,0.50050006
0.27298885,0.68097444,0.24575077,0.505629,-0.49906937,0.49474027,0.50050089
0.27298942,0.68097481,0.24575069,0.50562884,-0.49906863,0.49474034,0.50050173
0.27299,0.68097518,0.24575062,0.50562868,-0.49906788,0.4947404,0.50050257
0.27299057,0.68097555,0.24575054,0.50562852,-0.49906714,0.49474047,0.50050341
0.27299114,0.68097592,0.24575046,0.50562836,-0.49906639,0.49474053,0.50050425
0.27299171,0.68097628,0.24575038,0.5056282,-0.49906565,0.4947406,0.50050508
0.27299228,0.68097665,0.2457503,0.50562804,-0.4990649,0.49474067,0.50050592
0.27299285,0.68097701,0.24575023,0.50562788,-0.49906416,0.49474073,0.50050676
0.27299342,0.68097738,0.24575015,0.50562773,-0.49906341,0.4947408,0.5005076
0.27299398,0.68097774,0.24575007,0.50562757,-0.49906266,0.49474087,0.50050844
0.27299455,0.6809781,0.24574999,0.50562741,-0.49906191,0.49474094,0.50050927
0.27299511,0.68097846,0.24574991,0.50562725,-0.49906116,0.49474101,0.50051011
0.27299568,0.68097881,0.24574983,0.50562709,-0.49906041,0.49474109,0.50051095
0.27299624,0.68097917,0.24574975,0.50562693,-0.49905966,0.49474116,0.50051179
0.2729968,0.68097953,0.24574967,0.50562677,-0.49905891,0.49474123,0.50051263
0.27299736,0.68097988,0.24574959,0.50562661,-0.49905816,0.49474131,0.50051346
0.27299792,0.68098024,0.24574951,0.50562645,-0.4990574,0.49474138,0.5005143
0.27299848,0.68098059,0.24574943,0.50562629,-0.49905665,0.49474146,0.50051514
0.27299903,0.68098094,0.24574935,0.50562613,-0.49905589,0.49474153,0.50051598
0.27299959,0.68098129,0.24574927,0.50562597,-0.49905514,0.49474161,0.50051682
0.27300014,0.68098164,0.24574919,0.50562581,-0.49905438,0.49474169,0.50051766
0.2730007,0.68098199,0.24574911,0.50562565,-0.49905362,0.49474177,0.50051849
0.27300125,0.68098234,0.24574903,0.5056255,-0.49905286,0.49474185,0.50051933
0.2730018,0.68098268,0.24574895,0.50562534,-0.4990521,0.49474193,0.50052017
0.27300235,0.68098303,0.24574887,0.50562518,-0.49905134,0.49474201,0.50052101
0.2730029,0.68098337,0.24574879,0.50562502,-0.49905058,0.4947421,0.50052185
0.27300345,0.68098371,0.24574871,0.50562486,-0.49904982,0.49474218,0.50052269
0.273004,0.68098406,0.24574862,0.5056247,-0.49904906,0.49474226,0.50052352
0.27300455,0.6809844,0.24574854,0.50562454,-0.49904829,0.49474235,0.50052436
0.27300509,0.68098474,0.24574846,0.50562438,-0.49904753,0.49474243,0.5005252
0.27300563,0.68098508,0.24574838,0.50562422,-0.49904676,0.49474252,0.50052604
0.27300618,0.68098541,0.2457483,0.50562406,-0.499046,0.49474261,0.50052688
0.27300672,0.68098575,0.24574821,0.5056239,-0.49904523,0.4947427,0.50052772
0.27300726,0.68098609,0.24574813,0.50562374,-0.49904446,0.49474279,0.50052856
0.2730078,0.68098642,0.24574805,0.50562358,-0.4990437,0.49474288,0.50052939
0.27300834,0.68098675,0.24574797,0.50562342,-0.49904293,0.49474297,0.50053023
0.27300888,0.68098709,0.24574788,0.50562326,-0.49904216,0.49474306,0.50053107
0.27300941,0.68098742,0.2457478,0.5056231,-0.49904139,0.49474315,0.50053191
0.27300995,0.68098775,0.24574772,0.50562294,-0.49904062,0.49474324,0.50053275
0.27301048,0.68098808,0.24574763,0.50562278,-0.49903984,0.49474334,0.50053359
0.27301102,0.68098841,0.24574755,0.50562262,-0.49903907,0.49474343,0.50053443
0.27301155,0.68098873,0.24574747,0.50562246,-0.4990383,0.49474353,0.50053526
0.27301208,0.68098906,0.24574738,0.5056223,-0.49903752,0.49474363,0.5005361
0.27301261,0.68098939,0.2457473,0.50562214,-0.49903675,0.49474372,0.50053694
0.27301314,0.68098971,0.24574721,0.50562198,-0.49903597,0.49474382,0.50053778
0.27301367,0.68099003,0.24574713,0.50562182,-0.49903519,0.49474392,0.50053862
0.2730142,0.68099035,0.24574705,0.50562166,-0.49903442,0.49474402,0.50053946
0.27301472,0.68099068,0.24574696,0.5056215,-0.49903364,0.49474412,0.5005403
0.27301525,0.680991,0.24574688,0.50562133,-0.49903286,0.49474422,0.50054113
0.27301577,0.68099132,0.24574679,0.50562117,-0.49903208,0.49474432,0.50054197
0.27301629,0.68099163,0.24574671,0.50562101,-0.4990313,0.49474443,0.50054281
0.27301681,0.68099195,0.24574662,0.50562085,-0.49903051,0.49474453,0.50054365
0.27301734,0.68099227,0.24574654,0.50562069,-0.49902973,0.49474464,0.50054449
0.27301786,0.68099258,0.24574645,0.50562053,-0.49902895,0.49474474,0.50054533
0.27301837,0.6809929,0.24574636,0.50562037,-0.49902816,0.49474485,0.50054617
0.27301889,0.68099321,0.24574628,0.50562021,-0.49902738,0.49474496,0.50054701
0.27301941,0.68099352,0.24574619,0.50562005,-0.49902659,0.49474506,0.50054784
0.27301992,0.68099383,0.24574611,0.50561989,-0.49902581,0.49474517,0.50054868
0.27302044,0.68099414,0.24574602,0.50561973,-0.49902502,0.49474528,0.50054952
0.27302095,0.68099445,0.24574593,0.50561957,-0.49902423,0.49474539,0.50055036
0.27302146,0.68099476,0.24574585,0.50561941,-0.49902344,0.4947455,0.5005512
0.27302197,0.68099507,0.24574576,0.50561925,-0.49902265,0.49474562,0.50055204
0.27302248,0.68099538,0.24574567,0.50561909,-0.49902186,0.49474573,0.50055288
0.27302299,0.68099568,0.24574559,0.50561893,-0.49902107,0.49474584,0.50055371
0.2730235,0.68099599,0.2457455,0.50561877,-0.49902028,0.49474596,0.50055455
0.27302401,0.68099629,0.24574541,0.50561861,-0.49901949,0.49474607,0.50055539
0.27302451,0.68099659,0.24574533,0.50561845,-0.49901869,0.49474619,0.50055623
0.27302502,0.68099689,0.24574524,0.50561828,-0.4990179,0.49474631,0.50055707
0.27302552,0.68099719,0.24574515,0.50561812,-0.4990171,0.49474642,0.50055791
0.27302602,0.68099749,0.24574506,0.50561796,-0.49901631,0.49474654,0.50055875
0.27302652,0.68099779,0.24574498,0.5056178,-0.49901551,0.49474666,0.50055958
0.27302702,0.68099809,0.24574489,0.50561764,-0.49901471,0.49474678,0.50056042
0.27302752,0.68099839,0.2457448,0.50561748,-0.49901392,0.4947469,0.50056126
0.27302802,0.68099868,0.24574471,0.50561732,-0.49901312,0.49474703,0.5005621
0.27302852,0.68099898,0.24574462,0.50561716,-0.49901232,0.49474715,0.50056294
0.27302901,0.68099927,0.24574453,0.505617,-0.49901152,0.49474727,0.50056378
0.27302951,0.68099957,0.24574445,0.50561684,-0.49901071,0.4947474,0.50056461
0.27303,0.68099986,0.24574436,0.50561668,-0.49900991,0.49474752,0.50056545
0.2730305,0.68100015,0.24574427,0.50561652,-0.49900911,0.49474765,0.50056629
0.27303099,0.68100044,0.24574418,0.50561636,-0.49900831,0.49474778,0.50056713
0.27303148,0.68100073,0.24574409,0.50561619,-0.4990075,0.4947479,0.50056797
0.27303197,0.68100102,0.245744,0.50561603,-0.49900669,0.49474803,0.50056881
0.27303246,0.68100131,0.24574391,0.50561587,-0.49900589,0.49474816,0.50056964
0.27303294,0.68100159,0.24574382,0.50561571,-0.49900508,0.49474829,0.50057048
0.27303343,0.68100188,0.24574373,0.50561555,-0.49900427,0.49474842,0.50057132
0.27303391,0.68100216,0.24574364,0.50561539,-0.49900347,0.49474855,0.50057216
0.2730344,0.68100245,0.24574355,0.50561523,-0.49900266,0.49474869,0.500573
0.27303488,0.68100273,0.24574346,0.50561507,-0.49900185,0.49474882,0.50057384
0.27303536,0.68100301,0.24574337,0.50561491,-0.49900103,0.49474896,0.50057467
0.27303584,0.6810033,0.24574328,0.50561475,-0.49900022,0.49474909,0.50057551
0.27303632,0.68100358,0.24574319,0.50561459,-0.49899941,0.49474923,0.50057635
0.2730368,0.68100386,0.2457431,0.50561443,-0.4989986,0.49474936,0.50057719
0.27303728,0.68100413,0.24574301,0.50561426,-0.49899778,0.4947495,0.50057803
0.27303776,0.68100441,0.24574292,0.5056141,-0.49899697,0.49474964,0.50057886
0.27303823,0.68100469,0.24574283,0.50561394,-0.49899615,0.49474978,0.5005797
0.27303871,0.68100497,0.24574274,0.50561378,-0.49899534,0.49474992,0.50058054
0.27303918,0.68100524,0.24574265,0.50561362,-0.49899452,0.49475006,0.50058138
0.27303965,0.68100552,0.24574256,0.50561346,-0.4989937,0.4947502,0.50058221
0.27304012,0.68100579,0.24574246,0.5056133,-0.49899288,0.49475034,0.50058305
0.27304059,0.68100606,0.24574237,0.50561314,-0.49899206,0.49475049,0.50058389
0.27304106,0.68100633,0.24574228,0.50561298,-0.49899124,0.49475063,0.50058473
0.27304153,0.6810066,0.24574219,0.50561282,-0.49899042,0.49475078,0.50058557
0.273042,0.68100687,0.2457421,0.50561266,-0.4989896,0.49475092,0.5005864
0.27304246,0.68100714,0.24574201,0.5056125,-0.49898877,0.49475107,0.50058724
0.27304293,0.68100741,0.24574191,0.50561233,-0.49898795,0.49475122,0.50058808
0.27304339,0.68100768,0.24574182,0.50561217,-0.49898713,0.49475137,0.50058892
0.27304385,0.68100795,0.24574173,0.50561201,-0.4989863,0.49475152,0.50058975
0.27304432,0.68100821,0.24574164,0.50561185,-0.49898548,0.49475167,0.50059059
0.27304478,0.68100848,0.24574154,0.50561169,-0.49898465,0.49475182,0.50059143
0.27304524,0.68100874,0.24574145,0.50561153,-0.49898382,0.49475197,0.50059227
0.27304569,0.68100901,0.24574136,0.50561137,-0.49898299,0.49475212,0.5005931
0.27304615,0.68100927,0.24574127,0.50561121,-0.49898216,0.49475227,0.50059394
0.27304661,0.68100953,0.24574117,0.50561105,-0.49898133,0.49475243,0.50059478
0.27304706,0.68100979,0.24574108,0.50561089,-0.4989805,0.49475258,0.50059561
0.27304752,0.68101005,0.24574099,0.50561073,-0.49897967,0.49475274,0.50059645
0.27304797,0.68101031,0.24574089,0.50561057,-0.49897884,0.4947529,0.50059729
0.27304842,0.68101057,0.2457408,0.5056104,-0.49897801,0.49475305,0.50059813
0.27304887,0.68101083,0.24574071,0.50561024,-0.49897717,0.49475321,0.50059896
0.27304932,0.68101108,0.24574061,0.50561008,-0.49897634,0.49475337,0.5005998
0.27304977,0.68101134,0.24574052,0.50560992,-0.4989755,0.49475353,0.50060064
0.27305022,0.68101159,0.24574042,0.50560976,-0.49897467,0.49475369,0.50060147
0.27305066,0.68101185,0.24574033,0.5056096,-0.49897383,0.49475386,0.50060231
0.27305111,0.6810121,0.24574024,0.50560944,-0.49897299,0.49475402,0.50060315
0.27305155,0.68101235,0.24574014,0.50560928,-0.49897215,0.49475418,0.50060398
0.273052,0.68101261,0.24574005,0.50560912,-0.49897131,0.49475435,0.50060482
0.27305244,0.68101286,0.24573995,0.50560896,-0.49897047,0.49475451,0.50060566
0.27305288,0.68101311,0.24573986,0.5056088,-0.49896963,0.49475468,0.50060649
0.27305332,0.68101336,0.24573976,0.50560864,-0.49896879,0.49475484,0.50060733
0.27305376,0.68101361,0.24573967,0.50560848,-0.49896795,0.49475501,0.50060816
0.2730542,0.68101386,0.24573957,0.50560831,-0.49896711,0.49475518,0.500609
0.27305463,0.6810141,0.24573948,0.50560815,-0.49896626,0.49475535,0.50060984
0.27305507,0.68101435,0.24573938,0.50560799,-0.49896542,0.49475552,0.50061067
0.2730555,0.68101459,0.24573929,0.50560783,-0.49896457,0.49475569,0.50061151
0.27305594,0.68101484,0.24573919,0.50560767,-0.49896372,0.49475586,0.50061235
0.27305637,0.68101508,0.2457391,0.50560751,-0.49896288,0.49475603,0.50061318
0.2730568,0.68101533,0.245739,0.50560735,-0.49896203,0.49475621,0.50061402
0.27305723,0.68101557,0.24573891,0.50560719,-0.49896118,0.49475638,0.50061485
0.27305766,0.68101581,0.24573881,0.50560703,-0.49896033,0.49475656,0.50061569
0.27305809,0.68101605,0.24573872,0.50560687,-0.49895948,0.49475673,0.50061653
0.27305851,0.68101629,0.24573862,0.50560671,-0.49895863,0.49475691,0.50061736
0.27305894,0.68101653,0.24573852,0.50560655,-0.49895778,0.49475709,0.5006182
0.27305936,0.68101677,0.24573843,0.50560639,-0.49895692,0.49475727,0.50061903
0.27305979,0.68101701,0.24573833,0.50560623,-0.49895607,0.49475745,0.50061987
0.27306021,0.68101725,0.24573823,0.50560607,-0.49895522,0.49475763,0.5006207
0.27306063,0.68101748,0.24573814,0.50560591,-0.49895436,0.49475781,0.50062154
0.27306105,0.68101772,0.24573804,0.50560575,-0.49895351,0.49475799,0.50062237
0.27306147,0.68101796,0.24573794,0.50560558,-0.49895265,0.49475817,0.50062321
0.27306189,0.68101819,0.24573785,0.50560542,-0.49895179,0.49475836,0.50062404
0.27306231,0.68101842,0.24573775,0.50560526,-0.49895093,0.49475854,0.50062488
0.27306272,0.68101866,0.24573765,0.5056051,-0.49895007,0.49475873,0.50062571
0.27306314,0.68101889,0.24573756,0.50560494,-0.49894922,0.49475891,0.50062655
0.27306355,0.68101912,0.24573746,0.50560478,-0.49894835,0.4947591,0.50062738
0.27306396,0.68101935,0.24573736,0.50560462,-0.49894749,0.49475929,0.50062822
0.27306438,0.68101958,0.24573727,0.50560446,-0.49894663,0.49475948,0.50062905
0.27306479,0.68101981,0.24573717,0.5056043,-0.49894577,0.49475966,0.50062989
0.2730652,0.68102004,0.24573707,0.50560414,-0.4989449,0.49475986,0.50063072
0.27306561,0.68102027,0.24573697,0.50560398,-0.49894404,0.49476005,0.50063156
0.27306601,0.6810205,0.24573688,0.50560382,-0.49894318,0.49476024,0.50063239
0.27306642,0.68102072,0.24573678,0.50560366,-0.49894231,0.49476043,0.50063323
0.27306682,0.68102095,0.24573668,0.5056035,-0.49894144,0.49476063,0.50063406
0.27306723,0.68102117,0.24573658,0.50560334,-0.49894057,0.49476082,0.50063489
0.27306763,0.6810214,0.24573648,0.50560318,-0.49893971,0.49476102,0.50063573
0.27306803,0.68102162,0.24573639,0.50560302,-0.49893884,0.49476121,0.50063656
0.27306844,0.68102185,0.24573629,0.50560286,-0.49893797,0.49476141,0.5006374
0.27306884,0.68102207,0.24573619,0.5056027,-0.4989371,0.49476161,0.50063823
0.27306923,0.68102229,0.24573609,0.50560254,-0.49893623,0.49476181,0.50063906
0.27306963,0.68102251,0.24573599,0.50560238,-0.49893535,0.49476201,0.5006399
0.27307003,0.68102273,0.24573589,0.50560222,-0.49893448,0.49476221,0.50064073
0.27307042,0.68102295,0.24573579,0.50560206,-0.49893361,0.49476241,0.50064156
0.27307082,0.68102317,0.2457357,0.5056019,-0.49893273,0.49476261,0.5006424
0.27307121,0.68102339,0.2457356,0.50560174,-0.49893186,0.49476281,0.50064323
0.2730716,0.68102361,0.2457355,0.50560158,-0.49893098,0.49476302,0.50064406
0.273072,0.68102382,0.2457354,0.50560142,-0.4989301,0.49476322,0.5006449
0.27307239,0.68102404,0.2457353,0.50560126,-0.49892923,0.49476343,0.50064573
0.27307278,0.68102426,0.2457352,0.5056011,-0.49892835,0.49476363,0.50064656
0.27307316,0.68102447,0.2457351,0.50560094,-0.49892747,0.49476384,0.5006474
0.27307355,0.68102469,0.245735,0.50560078,-0.49892659,0.49476405,0.50064823
0.27307394,0.6810249,0.2457349,0.50560062,-0.49892571,0.49476426,0.50064906
0.27307432,0.68102511,0.2457348,0.50560046,-0.49892483,0.49476447,0.5006499
0.2730747,0.68102533,0.2457347,0.5056003,-0.49892394,0.49476468,0.50065073
0.27307509,0.68102554,0.2457346,0.50560014,-0.49892306,0.49476489,0.50065156
0.27307547,0.68102575,0.2457345,0.50559998,-0.49892218,0.4947651,0.50065239
0.27307585,0.68102596,0.2457344,0.50559982,-0.49892129,0.49476532,0.50065323
0.27307623,0.68102617,0.2457343,0.50559966,-0.49892041,0.49476553,0.50065406
0.27307661,0.68102638,0.2457342,0.5055995,-0.49891952,0.49476575,0.50065489
0.27307698,0.68102659,0.2457341,0.50559934,-0.49891863,0.49476596,0.50065572
0.27307736,0.6810268,0.245734,0.50559918,-0.49891774,0.49476618,0.50065655
0.27307774,0.681027,0.2457339,0.50559902,-0.49891686,0.4947664,0.50065739
0.27307811,0.68102721,0.2457338,0.50559886,-0.49891597,0.49476661,0.50065822
0.27307848,0.68102742,0.2457337,0.5055987,-0.49891508,0.49476683,0.50065905
0.27307885,0.68102762,0.2457336,0.50559854,-0.49891419,0.49476705,0.50065988
0.27307922,0.68102783,0.2457335,0.50559838,-0.49891329,0.49476727,0.50066071
0.27307959,0.68102803,0.2457334,0.50559822,-0.4989124,0.4947675,0.50066154
0.27307996,0.68102824,0.2457333,0.50559806,-0.49891151,0.49476772,0.50066237
0.27308033,0.68102844,0.2457332,0.5055979,-0.49891061,0.49476794,0.50066321
0.2730807,0.68102864,0.2457331,0.50559774,-0.49890972,0.49476817,0.50066404
0.27308106,0.68102884,0.245733,0.50559758,-0.49890882,0.49476839,0.50066487
0.27308143,0.68102905,0.24573289,0.50559742,-0.49890793,0.49476862,0.5006657
0.27308179,0.68102925,0.24573279,0.50559726,-0.49890703,0.49476885,0.50066653
0.27308215,0.68102945,0.24573269,0.5055971,-0.49890613,0.49476907,0.50066736
0.27308251,0.68102965,0.24573259,0.50559694,-0.49890523,0.4947693,0.50066819
0.27308287,0.68102985,0.24573249,0.50559678,-0.49890433,0.49476953,0.50066902
0.27308323,0.68103004,0.24573239,0.50559662,-0.49890343,0.49476976,0.50066985
0.27308359,0.68103024,0.24573229,0.50559646,-0.49890253,0.49477,0.50067068
0.27308395,0.68103044,0.24573218,0.5055963,-0.49890163,0.49477023,0.50067151
0.2730843,0.68103064,0.24573208,0.50559614,-0.49890073,0.49477046,0.50067234
0.27308466,0.68103083,0.24573198,0.50559598,-0.49889982,0.49477069,0.50067317
0.27308501,0.68103103,0.24573188,0.50559582,-0.49889892,0.49477093,0.500674
0.27308536,0.68103122,0.24573178,0.50559567,-0.49889802,0.49477117,0.50067483
0.27308571,0.68103142,0.24573167,0.50559551,-0.49889711,0.4947714,0.50067566
0.27308606,0.68103161,0.24573157,0.50559535,-0.4988962,0.49477164,0.50067649
0.27308641,0.68103181,0.24573147,0.50559519,-0.4988953,0.49477188,0.50067732
0.27308676,0.681032,0.24573137,0.50559503,-0.49889439,0.49477212,0.50067815
0.27308711,0.68103219,0.24573126,0.50559487,-0.49889348,0.49477236,0.50067898
0.27308745,0.68103238,0.24573116,0.50559471,-0.49889257,0.4947726,0.50067981
0.2730878,0.68103257,0.24573106,0.50559455,-0.49889166,0.49477284,0.50068064
0.27308814,0.68103276,0.24573096,0.50559439,-0.49889075,0.49477308,0.50068147
0.27308849,0.68103295,0.24573085,0.50559423,-0.49888984,0.49477333,0.50068229
0.27308883,0.68103314,0.24573075,0.50559407,-0.49888892,0.49477357,0.50068312
0.27308917,0.68103333,0.24573065,0.50559391,-0.49888801,0.49477382,0.50068395
0.27308951,0.68103352,0.24573055,0.50559375,-0.4988871,0.49477406,0.50068478
0.27308985,0.68103371,0.24573044,0.50559359,-0.49888618,0.49477431,0.50068561
0.27309018,0.6810339,0.24573034,0.50559344,-0.49888527,0.49477456,0.50068644
0.27309052,0.68103408,0.24573024,0.50559328,-0.49888435,0.49477481,0.50068726
0.27309085,0.68103427,0.24573013,0.50559312,-0.49888343,0.49477506,0.50068809
0.27309119,0.68103446,0.24573003,0.50559296,-0.49888251,0.49477531,0.50068892
0.27309152,0.68103464,0.24572993,0.5055928,-0.49888159,0.49477556,0.50068975
0.27309185,0.68103483,0.24572982,0.50559264,-0.49888067,0.49477581,0.50069058
0.27309218,0.68103501,0.24572972,0.50559248,-0.49887975,0.49477606,0.5006914
0.27309251,0.68103519,0.24572962,0.50559232,-0.49887883,0.49477632,0.50069223
0.27309284,0.68103538,0.24572951,0.50559216,-0.49887791,0.49477657,0.50069306
0.27309317,0.68103556,0.24572941,0.505592,-0.49887699,0.49477683,0.50069388
0.2730935,0.68103574,0.2457293,0.50559184,-0.49887606,0.49477709,0.50069471
0.27309382,0.68103592,0.2457292,0.50559169,-0.49887514,0.49477734,0.50069554
0.27309415,0.6810361,0.2457291,0.50559153,-0.49887421,0.4947776,0.50069636
0.27309447,0.68103628,0.24572899,0.50559137,-0.49887329,0.49477786,0.50069719
0.27309479,0.68103646,0.24572889,0.50559121,-0.49887236,0.49477812,0.50069802
0.27309511,0.68103664,0.24572878,0.50559105,-0.49887143,0.49477838,0.50069884
0.27309543,0.68103682,0.24572868,0.50559089,-0.49887051,0.49477865,0.50069967
0.27309575,0.681037,0.24572858,0.50559073,-0.49886958,0.49477891,0.5007005
